hs6,isic4
010121,0142
010129,0142
010130,0142
010190,0142
010221,0141
010229,0141
010231,0141
010239,0141
010290,0141
010310,0145
010391,0145
010392,0145
010410,0144
010420,0144
010511,0146
010512,0146
010513,0146
010514,0146
010515,0146
010594,0146
010599,0146
010611,0149
010612,0149
010613,0143
010614,0149
010619,0149
010620,0149
010631,0149
010632,0149
010633,0149
010639,0149
010641,0149
010649,0149
010690,0149
020110,1010
020120,1010
020130,1010
020210,1010
020220,1010
020230,1010
020311,1010
020312,1010
020319,1010
020321,1010
020322,1010
020329,1010
020410,1010
020421,1010
020422,1010
020423,1010
020430,1010
020441,1010
020442,1010
020443,1010
020450,1010
020500,1010
020610,1010
020621,1010
020622,1010
020629,1010
020630,1010
020641,1010
020649,1010
020680,1010
020690,1010
020711,1010
020712,1010
020713,1010
020714,1010
020724,1010
020725,1010
020726,1010
020727,1010
020741,1010
020742,1010
020743,1010
020744,1010
020745,1010
020751,1010
020752,1010
020753,1010
020754,1010
020755,1010
020760,1010
020810,1010
020830,1010
020840,1010
020850,1010
020860,1010
020890,1010
020910,1010
020990,1010
021011,1010
021012,1010
021019,1010
021020,1010
021091,1010
021092,1010
021093,1010
021099,1010
030111,0311
030119,0311
030191,0311
030192,0311
030193,0311
030194,0311
030195,0311
030199,0311
030211,0311
030213,0311
030214,0311
030219,0311
030221,0311
030222,0311
030223,0311
030224,0311
030229,0311
030231,0311
030232,0311
030233,0311
030234,0311
030235,0311
030236,0311
030239,0311
030241,0311
030242,0311
030243,0311
030244,0311
030245,0311
030246,0311
030247,0311
030251,0311
030252,0311
030253,0311
030254,0311
030255,0311
030256,0311
030259,0311
030271,0312
030272,0312
030273,0312
030274,0312
030279,0312
030281,0311
030282,0311
030283,0311
030284,0311
030285,0311
030289,0312
030290,1020
030311,1020
030312,1020
030313,1020
030314,1020
030319,1020
030323,1020
030324,1020
030325,1020
030326,1020
030329,1020
030331,1020
030332,1020
030333,1020
030334,1020
030339,1020
030341,1020
030342,1020
030343,1020
030344,1020
030345,1020
030346,1020
030349,1020
030351,1020
030353,1020
030354,1020
030355,1020
030356,1020
030357,1020
030363,1020
030364,1020
030365,1020
030366,1020
030367,1020
030368,1020
030369,1020
030381,1020
030382,1020
030383,1020
030384,1020
030389,1020
030390,1020
030431,1020
030432,1020
030433,1020
030439,1020
030441,1020
030442,1020
030443,1020
030444,1020
030445,1020
030446,1020
030449,1020
030451,1020
030452,1020
030453,1020
030454,1020
030455,1020
030459,1020
030461,1020
030462,1020
030463,1020
030469,1020
030471,1020
030472,1020
030473,1020
030474,1020
030475,1020
030479,1020
030481,1020
030482,1020
030483,1020
030484,1020
030485,1020
030486,1020
030487,1020
030489,1020
030491,1020
030492,1020
030493,1020
030494,1020
030495,1020
030499,1020
030510,1020
030520,1020
030531,1020
030532,1020
030539,1020
030541,1020
030542,1020
030543,1020
030544,1020
030549,1020
030551,1020
030559,1020
030561,1020
030562,1020
030563,1020
030564,1020
030569,1020
030571,1020
030572,1020
030579,1020
030611,1020
030612,1020
030614,1020
030615,1020
030616,1020
030617,1020
030619,1020
030621,0311
030622,0311
030624,0311
030625,0311
030626,0311
030627,0311
030629,0311
030711,0311
030719,1020
030721,0311
030729,1020
030731,0311
030739,1020
030741,0321
030749,1020
030751,0311
030759,1020
030760,0149
030771,0311
030779,1020
030781,0311
030789,1020
030791,0311
030799,1020
030811,0311
030819,1020
030821,0311
030829,1020
030830,0311
030890,0311
040110,1050
040120,0141
040140,0141
040150,0141
040210,1050
040221,1050
040229,1050
040291,1050
040299,1050
040310,1050
040390,1050
040410,1050
040490,1050
040510,1050
040520,1050
040590,1050
040610,1050
040620,1050
040630,1050
040640,1050
040690,1050
040711,0146
040719,0146
040721,0146
040729,0146
040790,1079
040811,1079
040819,1079
040891,1079
040899,1079
040900,0149
041000,0149
050100,3290
050210,n/a
050290,n/a
050400,1010
050510,n/a
050590,n/a
050610,n/a
050690,n/a
050710,n/a
050790,n/a
050800,0311
051000,n/a
051110,0141
051191,1020
051199,0144
060110,0130
060120,0130
060210,0130
060220,0130
060230,0130
060240,0130
060290,0130
060311,0119
060312,0119
060313,0119
060314,0119
060315,0119
060319,0119
060390,0119
060420,0129
060490,0230
070110,0113
070190,0113
070200,0113
070310,0113
070320,0113
070390,0113
070410,0113
070420,0113
070490,0113
070511,0113
070519,0113
070521,0113
070529,0113
070610,0113
070690,0113
070700,0113
070810,0111
070820,0111
070890,0111
070920,0113
070930,0113
070940,0113
070951,0113
070959,0113
070960,0128
070970,0113
070991,0113
070992,0126
070993,0113
070999,0113
071010,1030
071021,1030
071022,1030
071029,1030
071030,1030
071040,1030
071080,1030
071090,1030
071120,1030
071140,1030
071151,1030
071159,1030
071190,1030
071220,1030
071231,1030
071232,1030
071233,1030
071239,1030
071290,1030
071310,0111
071320,0111
071331,0111
071332,0111
071333,0111
071334,0111
071335,0111
071339,0111
071340,0111
071350,0111
071360,0111
071390,0111
071410,0113
071420,0113
071430,0113
071440,0113
071450,0113
071490,0113
080111,1030
080112,0126
080119,0126
080121,0125
080122,1030
080131,0125
080132,1030
080211,0125
080212,1030
080221,0125
080222,1030
080231,0125
080232,1030
080241,0125
080242,1030
080251,0125
080252,1030
080261,0125
080262,1030
080270,0125
080280,0125
080290,0125
080310,0122
080390,0122
080410,0122
080420,0122
080430,0122
080440,0122
080450,0122
080510,0123
080520,0123
080540,0123
080550,0123
080590,0123
080610,0121
080620,1030
080711,0113
080719,0113
080720,0122
080810,0124
080830,0124
080840,0124
080910,0124
080921,0124
080929,0124
080930,0124
080940,0124
081010,0125
081020,0125
081030,0125
081040,0125
081050,0125
081060,0122
081070,0125
081090,0122
081110,1030
081120,1030
081190,1030
081210,1030
081290,1030
081310,1030
081320,1030
081330,1030
081340,1030
081350,1030
081400,1030
090111,0127
090112,1079
090121,1079
090122,1079
090190,1079
090210,1079
090220,0127
090230,1079
090240,0127
090300,0127
090411,0128
090412,1079
090421,0128
090422,1079
090510,0128
090520,1079
090611,0128
090619,0128
090620,1079
090710,0128
090720,1079
090811,0128
090812,1079
090821,0128
090822,1079
090831,0128
090832,1079
090921,0128
090922,1079
090931,0128
090932,1079
090961,0128
090962,1079
091011,0128
091012,1079
091020,0128
091030,0128
091091,0128
091099,0128
100111,0111
100119,0111
100191,0111
100199,0111
100210,0111
100290,0111
100310,0111
100390,0111
100410,0111
100490,0111
100510,0111
100590,0111
100610,0112
100620,1061
100630,1061
100640,1061
100710,0111
100790,0111
100810,0111
100821,0111
100829,0111
100830,0111
100840,0111
100850,0111
100860,0111
100890,0111
110100,1061
110220,1061
110290,1061
110311,1061
110313,1061
110319,1061
110320,1061
110412,1061
110419,1061
110422,1061
110423,1061
110429,1061
110430,1061
110510,1030
110520,1030
110610,1061
110620,1061
110630,1061
110710,1103
110720,1103
110811,1062
110812,1062
110813,1062
110814,1062
110819,1062
110820,1062
110900,1062
120110,0111
120190,0111
120230,0111
120241,0111
120242,1030
120300,0126
120400,0111
120510,0111
120590,0111
120600,0111
120710,0126
120721,0111
120729,0111
120730,0111
120740,0111
120750,0111
120760,0111
120770,0111
120791,0111
120799,0111
120810,1040
120890,1040
120910,0113
120921,0119
120922,0119
120923,0119
120924,0119
120925,0119
120929,0119
120930,0119
120991,0113
120999,0125
121010,0128
121020,0128
121120,0128
121130,0128
121140,0128
121190,0128
121221,0311
121229,0311
121291,0113
121292,0125
121293,0114
121294,0128
121299,0128
121300,0111
121410,1080
121490,0119
130120,0230
130190,0230
130211,0128
130212,1079
130213,1079
130219,1079
130220,1079
130231,0311
130232,1079
130239,1079
140110,0129
140120,0129
140190,0129
140420,1040
140490,0129
150110,1010
150120,1010
150190,1010
150210,1040
150290,1010
150300,1040
150410,1040
150420,1040
150430,1040
150500,1010
150600,1010
150710,1040
150790,1040
150810,1040
150890,1040
150910,1040
150990,1040
151000,1040
151110,1040
151190,1040
151211,1040
151219,1040
151221,1040
151229,1040
151311,1040
151319,1040
151321,1040
151329,1040
151411,1040
151419,1040
151491,1040
151499,1040
151511,1040
151519,1040
151521,1040
151529,1040
151530,1040
151550,1040
151590,1040
151610,1040
151620,1040
151710,1040
151790,1040
151800,2029
152000,2011
152110,1040
152190,1040
152200,1040
160100,1010
160210,1079
160220,1075
160231,1075
160232,1075
160239,1075
160241,1075
160242,1075
160249,1075
160250,1075
160290,1075
160300,1079
160411,1075
160412,1075
160413,1075
160414,1075
160415,1075
160416,1075
160417,1075
160419,1075
160420,1075
160431,1020
160432,1020
160510,1075
160521,1075
160529,1075
160530,1075
160540,1075
160551,1075
160552,1075
160553,1075
160554,1075
160555,1075
160556,1075
160557,1075
160558,0149
160559,1075
160561,1075
160562,1075
160563,1075
160569,1075
170112,1072
170113,1072
170114,1072
170191,1072
170199,1072
170211,1050
170219,1050
170220,1072
170230,1050
170240,1050
170250,1050
170260,1050
170290,1050
170310,1072
170390,1072
170410,1073
170490,1073
180100,0127
180200,n/a
180310,1073
180320,1073
180400,1073
180500,1073
180610,1073
180620,1073
180631,1073
180632,1073
180690,1073
190110,1079
190120,1061
190190,1079
190211,1074
190219,1074
190220,1074
190230,1074
190240,1074
190300,1062
190410,1061
190420,1061
190430,1061
190490,1061
190510,1071
190520,1071
190531,1071
190532,1071
190540,1071
190590,1071
200110,1030
200190,1030
200210,1030
200290,1030
200310,1030
200390,1030
200410,1030
200490,1075
200510,1079
200520,1030
200540,1030
200551,1030
200559,1030
200560,1030
200570,1030
200580,1030
200591,1030
200599,1030
200600,1073
200710,1079
200791,1030
200799,1030
200811,1030
200819,1030
200820,1030
200830,1030
200840,1030
200850,1030
200860,1030
200870,1030
200880,1030
200891,1030
200893,1030
200897,1030
200899,1030
200911,1030
200912,1030
200919,1030
200921,1030
200929,1030
200931,1030
200939,1030
200941,1030
200949,1030
200950,1030
200961,1030
200969,1030
200971,1030
200979,1030
200981,1030
200989,1030
200990,1030
210111,1079
210112,1079
210120,1079
210130,1079
210210,1079
210220,1079
210230,1079
210310,1079
210320,1079
210330,1079
210390,1079
210410,1079
210420,1079
210500,1050
210610,1079
210690,1079
220110,1104
220190,3530
220210,1104
220290,1104
220300,1103
220410,1102
220421,1102
220429,1102
220430,1102
220510,1102
220590,1102
220600,1102
220710,2011
220720,2011
220820,1101
220830,1101
220840,1101
220850,1101
220860,1101
220870,1101
220890,1101
220900,1079
230110,1010
230120,1020
230210,n/a
230230,n/a
230240,n/a
230250,n/a
230310,n/a
230320,n/a
230330,n/a
230400,1040
230500,1040
230610,1040
230620,1040
230630,1040
230641,1040
230649,1040
230650,1040
230660,1040
230690,1040
230700,n/a
230800,n/a
230910,1080
230990,1080
240110,0115
240120,1200
240130,n/a
240210,1200
240220,1200
240290,1200
240311,1200
240319,1200
240391,1200
240399,1200
250100,0893
250200,0891
250300,2011
250410,0899
250490,0899
250510,0810
250590,0810
250610,0899
250620,0810
250700,0810
250810,0810
250830,0810
250840,0810
250850,0810
250860,0810
250870,0810
250900,0810
251010,0891
251020,0891
251110,0891
251120,0891
251200,0899
251310,0899
251320,0899
251400,0810
251511,0810
251512,0810
251520,0810
251611,0810
251612,0810
251620,0810
251690,0810
251710,0810
251720,0810
251730,2399
251741,0810
251749,0810
251810,0810
251820,2394
251830,2394
251910,0899
251990,0899
252010,0810
252020,2394
252100,0810
252210,2394
252220,2394
252230,2394
252310,2394
252321,2394
252329,2394
252330,2394
252390,2394
252410,0899
252490,0899
252510,0899
252520,0899
252530,n/a
252610,0899
252620,0899
252800,0891
252910,0899
252921,0891
252922,0891
252930,0899
253010,0899
253020,0891
253090,0891
260111,0710
260112,0710
260120,2011
260200,0729
260300,0729
260400,0729
260500,0729
260600,0729
260700,0729
260800,0729
260900,0729
261000,0729
261100,0729
261210,0721
261220,0721
261310,0729
261390,0729
261400,0729
261510,0729
261590,0729
261610,0729
261690,0729
261710,0729
261790,0729
261800,n/a
261900,n/a
262011,n/a
262019,n/a
262021,n/a
262029,n/a
262030,n/a
262040,n/a
262060,n/a
262091,n/a
262099,n/a
262110,n/a
262190,n/a
270111,0510
270112,0510
270119,0510
270120,1920
270210,0520
270220,1920
270300,0892
270400,1910
270500,3520
270600,1910
270710,2011
270720,2011
270730,2011
270740,2011
270750,2011
270791,2011
270799,2011
270810,2011
270820,2011
270900,0610
271012,1920
271019,1920
271020,1920
271091,n/a
271099,n/a
271111,0620
271112,1920
271113,1920
271114,1920
271119,1920
271121,0620
271129,1920
271210,1920
271220,1920
271290,1920
271311,1920
271312,1920
271320,1920
271390,1920
271410,0610
271490,0899
271500,2399
271600,3510
280110,2011
280120,2011
280130,2011
280200,2011
280300,2011
280410,2011
280421,2011
280429,2011
280430,2011
280440,2011
280450,2011
280461,2011
280469,2011
280470,2011
280480,2011
280490,2011
280511,2011
280512,2011
280519,2011
280530,2011
280540,2011
280610,2011
280620,2011
280700,2011
280800,2012
280910,2011
280920,2011
281000,2011
281111,2011
281119,2011
281121,2011
281122,2011
281129,2011
281210,2011
281290,2011
281310,2011
281390,2011
281410,2012
281420,2012
281511,2011
281512,2011
281520,2011
281530,2011
281610,2011
281640,2011
281700,2011
281810,2399
281820,2420
281830,2011
281910,2011
281990,2011
282010,2011
282090,2011
282110,2011
282120,2011
282200,2011
282300,2011
282410,2011
282490,2011
282510,2011
282520,2011
282530,2011
282540,2011
282550,2011
282560,2011
282570,2011
282580,2011
282590,2011
282612,2011
282619,2011
282630,2011
282690,2011
282710,2012
282720,2011
282731,2011
282732,2011
282735,2011
282739,2011
282741,2011
282749,2011
282751,2011
282759,2011
282760,2011
282810,2011
282890,2011
282911,2011
282919,2011
282990,2011
283010,2011
283090,2011
283110,2011
283190,2011
283210,2011
283220,2011
283230,2011
283311,2011
283319,2011
283321,2011
283322,2011
283324,2011
283325,2011
283327,2011
283329,2011
283330,2011
283340,2011
283410,2012
283421,2012
283429,2011
283510,2011
283522,2011
283524,2011
283525,2011
283526,2011
283529,2011
283531,2011
283539,2011
283620,2011
283630,2011
283640,2011
283650,2011
283660,2011
283691,2011
283692,2011
283699,2011
283711,2011
283719,2011
283720,2011
283911,2011
283919,2011
283990,2011
284011,2011
284019,2011
284020,2011
284030,2011
284130,2011
284150,2011
284161,2011
284169,2011
284170,2011
284180,2011
284190,2011
284210,2011
284290,2011
284310,2011
284321,2011
284329,2011
284330,2011
284390,2011
284410,2011
284420,2011
284430,2011
284440,2011
284450,3510
284510,2011
284590,2011
284610,2011
284690,2011
284700,2011
284800,2011
284910,2011
284920,2011
284990,2011
285000,2011
285210,2011
285290,2011
285300,2011
290110,2011
290121,2011
290122,2011
290123,2011
290124,2011
290129,2011
290211,2011
290219,2011
290220,2011
290230,2011
290241,2011
290242,2011
290243,2011
290244,2011
290250,2011
290260,2011
290270,2011
290290,2011
290311,2011
290312,2011
290313,2011
290314,2011
290315,2011
290319,2011
290321,2011
290322,2011
290323,2011
290329,2011
290331,2011
290339,2011
290371,2011
290372,2011
290373,2011
290374,2011
290375,2011
290376,2011
290377,2011
290378,2011
290379,2011
290381,2011
290382,2011
290389,2011
290391,2011
290392,2011
290399,2011
290410,2011
290420,2011
290490,2011
290511,2011
290512,2011
290513,2011
290514,2011
290516,2011
290517,2011
290519,2011
290522,2011
290529,2011
290531,2011
290532,2011
290539,2011
290541,2011
290542,2011
290543,2011
290544,2011
290545,2011
290549,2011
290551,2011
290559,2011
290611,2011
290612,2011
290613,2011
290619,2011
290621,2011
290629,2011
290711,2011
290712,2011
290713,2011
290715,2011
290719,2011
290721,2011
290722,2011
290723,2011
290729,2011
290811,2011
290819,2011
290891,2011
290892,2011
290899,2011
290911,2011
290919,2011
290920,2011
290930,2011
290941,2011
290943,2011
290944,2011
290949,2011
290950,2011
290960,2011
291010,2011
291020,2011
291030,2011
291040,2011
291090,2011
291100,2011
291211,2011
291212,2011
291219,2011
291221,2011
291229,2011
291241,2011
291242,2011
291249,2011
291250,2011
291260,2011
291300,2011
291411,2011
291412,2011
291413,2011
291419,2011
291422,2011
291423,2011
291429,2011
291431,2011
291439,2011
291440,2011
291450,2011
291461,2011
291469,2011
291470,2011
291511,2011
291512,2011
291513,2011
291521,2011
291524,2011
291529,2011
291531,2011
291532,2011
291533,2011
291536,2011
291539,2011
291540,2011
291550,2011
291560,2011
291570,2011
291590,2011
291611,2011
291612,2011
291613,2011
291614,2011
291615,2011
291616,2011
291619,2011
291620,2011
291631,2011
291632,2011
291634,2011
291639,2011
291711,2011
291712,2011
291713,2011
291714,2011
291719,2011
291720,2011
291732,2011
291733,2011
291734,2011
291735,2011
291736,2011
291737,2011
291739,2011
291811,2011
291812,2011
291813,2011
291814,2011
291815,2011
291816,2011
291818,2011
291819,2011
291821,2100
291822,2100
291823,2100
291829,2011
291830,2011
291891,2011
291899,2011
291910,2011
291990,2011
292011,2011
292019,2011
292090,2011
292111,2011
292119,2011
292121,2011
292122,2011
292129,2011
292130,2011
292141,2011
292142,2011
292143,2011
292144,2011
292145,2011
292146,2011
292149,2011
292151,2011
292159,2011
292211,2011
292212,2011
292213,2011
292214,2011
292219,2011
292221,2011
292229,2011
292231,2011
292239,2011
292241,2100
292242,2100
292243,2011
292244,2011
292249,2011
292250,2011
292310,2100
292320,2100
292390,2100
292411,2100
292412,2100
292419,2100
292421,2011
292423,2100
292424,2100
292429,2100
292511,2011
292512,2011
292519,2011
292521,2011
292529,2011
292610,2011
292620,2011
292630,2011
292690,2011
292700,2011
292800,2011
292910,2011
292990,2011
293020,2011
293030,2011
293040,2011
293050,2011
293090,2011
293110,2011
293120,2011
293190,2011
293211,2011
293212,2011
293213,2011
293219,2011
293220,2100
293291,2011
293292,2011
293293,2011
293294,2011
293295,2011
293299,2011
293311,2100
293319,2100
293321,2100
293329,2011
293331,2011
293332,2011
293333,2011
293339,2011
293341,2011
293349,2011
293352,2100
293353,2100
293354,2100
293355,2100
293359,2100
293361,2011
293369,2100
293371,2011
293372,2011
293379,2011
293391,2011
293399,2011
293410,2011
293420,2011
293430,2100
293491,2011
293499,2011
293500,2100
293621,2100
293622,2100
293623,2100
293624,2100
293625,2100
293626,2100
293627,2100
293628,2100
293629,2100
293690,2100
293711,2100
293712,2100
293719,2100
293721,2100
293722,2100
293723,2100
293729,2100
293750,2100
293790,2100
293810,2100
293890,2100
293911,2100
293919,2100
293920,2100
293930,2100
293941,2100
293942,2100
293943,2100
293944,2100
293949,2100
293951,2100
293959,2100
293961,2100
293962,2100
293963,2100
293969,2100
293991,2100
293999,2100
294000,2100
294110,2100
294120,2100
294130,2100
294140,2100
294150,2100
294190,2100
294200,2011
300120,2100
300190,2100
300210,2100
300220,2100
300230,2100
300290,2100
300310,2100
300320,2100
300331,2100
300339,2100
300340,2100
300390,2100
300410,2100
300420,2100
300431,2100
300432,2100
300439,2100
300440,2100
300450,2100
300490,2100
300510,2100
300590,2100
300610,3250
300620,2100
300630,2100
300640,3250
300650,3250
300660,2100
300670,3250
300691,2220
300692,n/a
310100,0141
310210,2012
310221,2012
310229,2012
310230,2012
310240,2012
310250,2011
310260,2012
310280,2012
310290,2012
310310,2012
310390,2012
310420,2012
310430,2012
310490,0891
310510,2012
310520,2012
310530,2012
310540,2012
310551,2012
310559,2012
310560,2012
310590,2012
320110,2011
320120,2011
320190,2011
320210,2011
320290,2011
320300,2011
320411,2011
320412,2011
320413,2011
320414,2011
320415,2011
320416,2011
320417,2011
320419,2011
320420,2011
320490,2011
320500,2011
320611,2011
320619,2011
320620,2011
320641,2011
320642,2011
320649,2011
320650,2011
320710,2022
320720,2022
320730,2022
320740,2022
320810,2022
320820,2022
320890,2022
320910,2022
320990,2022
321000,2022
321100,2022
321210,2022
321290,2022
321310,2022
321390,2022
321410,2022
321490,2022
321511,2022
321519,2022
321590,2029
330112,2029
330113,2029
330119,2029
330124,2029
330125,2029
330129,2029
330130,2029
330190,2029
330210,2029
330290,2029
330300,2023
330410,2023
330420,2023
330430,2023
330491,2023
330499,2023
330510,2023
330520,2023
330530,2023
330590,2023
330610,2023
330620,2023
330690,2023
330710,2023
330720,2023
330730,2023
330741,2023
330749,2023
330790,2023
340111,2023
340119,2023
340120,2023
340130,2023
340211,2023
340212,2023
340213,2023
340219,2023
340220,2023
340290,2023
340311,2029
340319,2029
340391,2029
340399,2029
340420,2023
340490,2023
340510,2023
340520,2023
340530,2023
340540,2023
340590,2023
340600,3290
340700,2029
350110,1050
350190,2029
350211,1079
350219,1079
350220,2029
350290,2029
350300,2029
350400,2029
350510,1062
350520,2029
350610,2029
350691,2029
350699,2029
350710,2011
350790,2011
360100,2029
360200,2029
360300,2029
360410,2029
360490,2029
360500,2029
360610,3290
360690,3290
370110,2029
370120,2029
370130,2029
370191,2029
370199,2029
370210,2029
370231,2029
370232,2029
370239,2029
370241,2029
370242,2029
370243,2029
370244,2029
370252,2029
370253,2029
370254,2029
370255,2029
370256,2029
370296,2029
370297,2029
370298,2029
370310,2029
370320,2029
370390,2029
370400,7420
370510,7420
370590,7420
370610,5911
370690,5911
370710,2029
370790,2029
380110,2399
380120,2399
380130,2399
380190,2399
380210,2029
380290,2011
380300,2011
380400,n/a
380510,2011
380590,2011
380610,2011
380620,2011
380630,2011
380690,2011
380700,2011
380850,2021
380891,2021
380892,2021
380893,2021
380894,2021
380899,2021
380910,2029
380991,2029
380992,2029
380993,2029
381010,2029
381090,2029
381111,2029
381119,2029
381121,2029
381129,2029
381190,2029
381210,2029
381220,2029
381230,2029
381300,2029
381400,2022
381511,2029
381512,2029
381519,2029
381590,2029
381600,2391
381700,2029
381800,2029
381900,2029
382000,2029
382100,2029
382200,2029
382311,2011
382312,2011
382313,2011
382319,2011
382370,2011
382410,2029
382430,2029
382440,2029
382450,2395
382460,2029
382471,2029
382472,2029
382473,2029
382474,2029
382475,2029
382476,2029
382477,2029
382478,2029
382479,2029
382481,2029
382482,2029
382483,2029
382490,2029
382510,n/a
382520,n/a
382530,n/a
382541,n/a
382549,n/a
382550,n/a
382561,n/a
382569,n/a
382590,n/a
382600,1920
390110,2013
390120,2013
390130,2013
390190,2013
390210,2013
390220,2013
390230,2013
390290,2013
390311,2013
390319,2013
390320,2013
390330,2013
390390,2013
390410,2013
390421,2013
390422,2013
390430,2013
390440,2013
390450,2013
390461,2013
390469,2013
390490,2013
390512,2013
390519,2013
390521,2013
390529,2013
390530,2013
390591,2013
390599,2013
390610,2013
390690,2013
390710,2013
390720,2013
390730,2013
390740,2013
390750,2013
390760,2013
390770,2013
390791,2013
390799,2013
390810,2013
390890,2013
390910,2013
390920,2013
390930,2013
390940,2013
390950,2013
391000,2013
391110,2013
391190,2013
391211,2013
391212,2013
391220,2013
391231,2013
391239,2013
391290,2013
391310,2013
391390,2013
391400,2013
391510,n/a
391520,n/a
391530,n/a
391590,n/a
391610,2220
391620,2220
391690,2220
391710,2220
391721,2220
391722,2220
391723,2220
391729,2220
391731,2220
391732,2220
391733,2220
391739,2220
391740,2220
391810,2220
391890,2220
391910,2220
391990,2220
392010,2220
392020,2220
392030,2220
392043,2220
392049,2220
392051,2220
392059,2220
392061,2220
392062,2220
392063,2220
392069,2220
392071,2220
392073,2220
392079,2220
392091,2220
392092,2220
392093,2220
392094,2220
392099,2220
392111,2220
392112,2220
392113,2220
392114,2220
392119,2220
392190,2220
392210,2220
392220,2220
392290,2220
392310,2220
392321,2220
392329,2220
392330,2220
392340,2220
392350,2220
392390,2220
392410,2220
392490,2220
392510,2220
392520,2220
392530,2220
392590,2220
392610,2220
392620,1410
392630,2220
392640,2220
392690,2220
400110,0129
400121,0129
400122,0129
400129,0129
400130,0230
400211,2013
400219,2013
400220,2013
400231,2013
400239,2013
400241,2013
400249,2013
400251,2013
400259,2013
400260,2013
400270,2013
400280,2013
400291,2013
400299,2013
400300,3830
400400,n/a
400510,2219
400520,2219
400591,2219
400599,2219
400610,2211
400690,2219
400700,2219
400811,2219
400819,2219
400821,2219
400829,2219
400911,2219
400912,2219
400921,2219
400922,2219
400931,2219
400932,2219
400941,2219
400942,2219
401011,2219
401012,2219
401019,2219
401031,2219
401032,2219
401033,2219
401034,2219
401035,2219
401036,2219
401039,2219
401110,2211
401120,2211
401130,2211
401140,2211
401150,2211
401161,2211
401162,2211
401163,2211
401169,2211
401192,2211
401193,2211
401194,2211
401199,2211
401211,2211
401212,2211
401213,2211
401219,2211
401220,n/a
401290,2211
401310,2211
401320,2211
401390,2211
401410,2219
401490,2219
401511,2219
401519,2219
401590,2219
401610,2219
401691,2219
401692,2219
401693,2219
401694,2219
401695,2219
401699,2219
401700,2219
410120,1010
410150,1010
410190,1010
410210,1010
410221,1010
410229,1010
410320,1010
410330,1010
410390,1010
410411,1511
410419,1511
410441,1511
410449,1511
410510,1511
410530,1511
410621,1511
410622,1511
410631,1511
410632,1511
410640,1511
410691,1511
410692,1511
410711,1511
410712,1511
410719,1511
410791,1511
410792,1511
410799,1511
411200,1511
411310,1511
411320,1511
411330,1511
411390,1511
411410,1511
411420,1511
411510,1511
411520,n/a
420100,1512
420211,1512
420212,1512
420219,1512
420221,1512
420222,1512
420229,1512
420231,1512
420232,1512
420239,1512
420291,1512
420292,1512
420299,1512
420310,1410
420321,3230
420329,1410
420330,1410
420340,1410
420500,1512
420600,3290
430110,1010
430130,1010
430160,1010
430180,1010
430190,1010
430211,1511
430219,1511
430220,1511
430230,1511
430310,1420
430390,1420
430400,1420
440110,0220
440121,1610
440122,1610
440131,n/a
440139,n/a
440210,0220
440290,0220
440310,1610
440320,0210
440341,0210
440349,0210
440391,0210
440392,0210
440399,0210
440410,1610
440420,1610
440500,1610
440610,1610
440690,1610
440710,1610
440721,1610
440722,1610
440725,1610
440726,1610
440727,1610
440728,1610
440729,1610
440791,1610
440792,1610
440793,1610
440794,1610
440795,1610
440799,1610
440810,1621
440831,1621
440839,1621
440890,1621
440910,1610
440921,1610
440929,1610
441011,1621
441012,1621
441019,1621
441090,1621
441112,1621
441113,1621
441114,1621
441192,1621
441193,1621
441194,1621
441210,1621
441231,1621
441232,1621
441239,1621
441294,1621
441299,1621
441300,1621
441400,1629
441510,1623
441520,1623
441600,1623
441700,1629
441810,1622
441820,1622
441840,1622
441850,1622
441860,1622
441871,1622
441872,1622
441879,1622
441890,1622
441900,1629
442010,1629
442090,1629
442110,1629
442190,1629
450110,0230
450190,1629
450200,1629
450310,1629
450390,1629
450410,1629
450490,1629
460121,1629
460122,1629
460129,1629
460192,1629
460193,1629
460194,1629
460199,1629
460211,1629
460212,1629
460219,1629
460290,1629
470100,1701
470200,1701
470311,1701
470319,1701
470321,1701
470329,1701
470411,1701
470419,1701
470421,1701
470429,1701
470500,1701
470610,1701
470620,1701
470630,1701
470691,1701
470692,1701
470693,1701
470710,n/a
470720,n/a
470730,n/a
470790,n/a
480100,1701
480210,1701
480220,1701
480240,1701
480254,1701
480255,1701
480256,1701
480257,1701
480258,1701
480261,1701
480262,1701
480269,1701
480300,1701
480411,1701
480419,1701
480421,1701
480429,1701
480431,1701
480439,1701
480441,1701
480442,1701
480449,1701
480451,1701
480452,1701
480459,1701
480511,1701
480512,1701
480519,1701
480524,1701
480525,1701
480530,1701
480540,1701
480550,1701
480591,1701
480592,1701
480593,1701
480610,1701
480620,1701
480630,1701
480640,1701
480700,1701
480810,1702
480840,1701
480890,1701
480920,1701
480990,1701
481013,1701
481014,1701
481019,1701
481022,1701
481029,1701
481031,1701
481032,1701
481039,1701
481092,1701
481099,1701
481110,1701
481141,1701
481149,1701
481151,1701
481159,1701
481160,1701
481190,1701
481200,1709
481310,1709
481320,1709
481390,1701
481420,1709
481490,1709
481620,1709
481690,1709
481710,1709
481720,1709
481730,1709
481810,1709
481820,1709
481830,1709
481850,1709
481890,1709
481910,1702
481920,1702
481930,1702
481940,1702
481950,1702
481960,1702
482010,1709
482020,1709
482030,1709
482040,1709
482050,1709
482090,1709
482110,1709
482190,1709
482210,1709
482290,1709
482320,1709
482340,1709
482361,1709
482369,1709
482370,1709
482390,1709
490110,5811
490191,5811
490199,5811
490210,5813
490290,5813
490300,5811
490400,5920
490510,3290
490591,5811
490599,5811
490600,7110
490700,5310
490810,5819
490890,5819
490900,5819
491000,5819
491110,5819
491191,5819
491199,1811
500100,0149
500200,1311
500300,n/a
500400,1311
500500,1311
500600,1311
500710,1312
500720,1312
500790,1312
510111,0144
510119,0144
510121,1311
510129,1311
510130,1311
510211,0141
510219,0141
510220,0144
510310,1311
510320,n/a
510330,n/a
510400,n/a
510510,1311
510521,1311
510529,1311
510531,1311
510539,1311
510540,1311
510610,1311
510620,1311
510710,1311
510720,1311
510810,1311
510820,1311
510910,1311
510990,1311
511000,1311
511111,1312
511119,1312
511120,1312
511130,1312
511190,1312
511211,1312
511219,1312
511220,1312
511230,1312
511290,1312
511300,1312
520100,0116
520210,n/a
520291,n/a
520299,n/a
520300,1311
520411,1311
520419,1311
520420,1311
520511,1311
520512,1311
520513,1311
520514,1311
520515,1311
520521,1311
520522,1311
520523,1311
520524,1311
520526,1311
520527,1311
520528,1311
520531,1311
520532,1311
520533,1311
520534,1311
520535,1311
520541,1311
520542,1311
520543,1311
520544,1311
520546,1311
520547,1311
520548,1311
520611,1311
520612,1311
520613,1311
520614,1311
520615,1311
520621,1311
520622,1311
520623,1311
520624,1311
520625,1311
520631,1311
520632,1311
520633,1311
520634,1311
520635,1311
520641,1311
520642,1311
520643,1311
520644,1311
520645,1311
520710,1311
520790,1311
520811,1312
520812,1312
520813,1312
520819,1312
520821,1312
520822,1312
520823,1312
520829,1312
520831,1312
520832,1312
520833,1312
520839,1312
520841,1312
520842,1312
520843,1312
520849,1312
520851,1312
520852,1312
520859,1312
520911,1312
520912,1312
520919,1312
520921,1312
520922,1312
520929,1312
520931,1312
520932,1312
520939,1312
520941,1312
520942,1312
520943,1312
520949,1312
520951,1312
520952,1312
520959,1312
521011,1312
521019,1312
521021,1312
521029,1312
521031,1312
521032,1312
521039,1312
521041,1312
521049,1312
521051,1312
521059,1312
521111,1312
521112,1312
521119,1312
521120,1312
521131,1312
521132,1312
521139,1312
521141,1312
521142,1312
521143,1312
521149,1312
521151,1312
521152,1312
521159,1312
521211,1312
521212,1312
521213,1312
521214,1312
521215,1312
521221,1312
521222,1312
521223,1312
521224,1312
521225,1312
530110,0116
530121,1311
530129,1311
530130,1311
530210,0116
530290,1311
530310,0116
530390,1311
530500,0116
530610,1311
530620,1311
530710,1311
530720,1311
530810,1311
530820,1311
530890,1311
530911,1312
530919,1312
530921,1312
530929,1312
531010,1312
531090,1312
531100,1312
540110,1311
540120,1311
540211,2030
540219,2030
540220,2030
540231,2030
540232,2030
540233,2030
540234,2030
540239,2030
540244,2030
540245,2030
540246,2030
540247,2030
540248,2030
540249,2030
540251,2030
540252,2030
540259,2030
540261,1311
540262,1311
540269,1311
540310,2030
540331,2030
540332,2030
540333,2030
540339,2030
540341,1311
540342,1311
540349,1311
540411,2030
540412,2030
540419,2030
540490,2030
540500,2030
540600,1311
540710,1312
540720,1312
540730,1312
540741,1312
540742,1312
540743,1312
540744,1312
540751,1312
540752,1312
540753,1312
540754,1312
540761,1312
540769,1312
540771,1312
540772,1312
540773,1312
540774,1312
540781,1312
540782,1312
540783,1312
540784,1312
540791,1312
540792,1312
540793,1312
540794,1312
540810,1312
540821,1312
540822,1312
540823,1312
540824,1312
540831,1312
540832,1312
540833,1312
540834,1312
550110,2030
550120,2030
550130,2030
550140,2030
550190,2030
550200,2030
550311,2030
550319,2030
550320,2030
550330,2030
550340,2030
550390,2030
550410,2030
550490,2030
550510,n/a
550520,n/a
550610,1311
550620,1311
550630,1311
550690,1311
550700,1311
550810,1311
550820,1311
550911,1311
550912,1311
550921,1311
550922,1311
550931,1311
550932,1311
550941,1311
550942,1311
550951,1311
550952,1311
550953,1311
550959,1311
550961,1311
550962,1311
550969,1311
550991,1311
550992,1311
550999,1311
551011,1311
551012,1311
551020,1311
551030,1311
551090,1311
551110,1311
551120,1311
551130,1311
551211,1312
551219,1312
551221,1312
551229,1312
551291,1312
551299,1312
551311,1312
551312,1312
551313,1312
551319,1312
551321,1312
551323,1312
551329,1312
551331,1312
551339,1312
551341,1312
551349,1312
551411,1312
551412,1312
551419,1312
551421,1312
551422,1312
551423,1312
551429,1312
551430,1312
551441,1312
551442,1312
551443,1312
551449,1312
551511,1312
551512,1312
551513,1312
551519,1312
551521,1312
551522,1312
551529,1312
551591,1312
551599,1312
551611,1312
551612,1312
551613,1312
551614,1312
551621,1312
551622,1312
551623,1312
551624,1312
551631,1312
551632,1312
551633,1312
551634,1312
551641,1312
551642,1312
551643,1312
551644,1312
551691,1312
551692,1312
551693,1312
551694,1312
560121,1399
560122,1399
560129,1399
560130,1399
560210,1399
560221,1399
560229,1399
560290,1399
560311,1399
560312,1399
560313,1399
560314,1399
560391,1399
560392,1399
560393,1399
560394,1399
560410,1399
560490,1399
560500,1399
560600,1399
560721,1394
560729,1394
560741,1394
560749,1394
560750,1394
560790,1394
560811,1394
560819,1394
560890,1394
560900,1394
570110,1393
570190,1393
570210,1393
570220,1393
570231,1393
570232,1393
570239,1393
570241,1393
570242,1393
570249,1393
570250,1393
570291,1393
570292,1393
570299,1393
570310,1393
570320,1393
570330,1393
570390,1393
570410,1393
570490,1393
570500,1393
580110,1312
580121,1312
580122,1312
580123,1312
580126,1312
580127,1312
580131,1312
580132,1312
580133,1312
580136,1312
580137,1312
580190,1312
580211,1312
580219,1312
580220,1312
580230,1312
580300,1312
580410,1399
580421,1399
580429,1399
580430,1399
580500,1392
580610,1399
580620,1399
580631,1399
580632,1399
580639,1399
580640,1399
580710,1399
580790,1399
580810,1399
580890,1399
580900,1399
581010,1399
581091,1399
581092,1399
581099,1399
581100,1399
590110,1399
590190,1399
590210,1399
590220,1399
590290,1399
590310,1399
590320,1399
590390,1399
590410,2220
590490,2220
590500,1709
590610,2219
590691,2219
590699,2219
590700,1399
590800,1399
590900,1399
591000,1399
591110,1399
591120,1399
591131,1399
591132,1399
591140,1399
591190,1399
600110,1391
600121,1391
600122,1391
600129,1391
600191,1391
600192,1391
600199,1391
600240,1391
600290,1391
600310,1391
600320,1391
600330,1391
600340,1391
600390,1391
600410,1391
600490,1391
600521,1391
600522,1391
600523,1391
600524,1391
600531,1391
600532,1391
600533,1391
600534,1391
600541,1391
600542,1391
600543,1391
600544,1391
600590,1391
600610,1391
600621,1391
600622,1391
600623,1391
600624,1391
600631,1391
600632,1391
600633,1391
600634,1391
600641,1391
600642,1391
600643,1391
600644,1391
600690,1391
610120,1410
610130,1410
610190,1410
610210,1410
610220,1410
610230,1410
610290,1410
610310,1410
610322,1410
610323,1410
610329,1410
610331,1410
610332,1410
610333,1410
610339,1410
610341,1410
610342,1410
610343,1410
610349,1410
610413,1410
610419,1410
610422,1410
610423,1410
610429,1410
610431,1410
610432,1410
610433,1410
610439,1410
610441,1410
610442,1410
610443,1410
610444,1410
610449,1410
610451,1410
610452,1410
610453,1410
610459,1410
610461,1410
610462,1410
610463,1410
610469,1410
610510,1410
610520,1410
610590,1410
610610,1410
610620,1410
610690,1410
610711,1410
610712,1410
610719,1410
610721,1410
610722,1410
610729,1410
610791,1410
610799,1410
610811,1410
610819,1410
610821,1410
610822,1410
610829,1410
610831,1410
610832,1410
610839,1410
610891,1410
610892,1410
610899,1410
610910,1410
610990,1410
611011,1430
611012,1430
611019,1430
611020,1430
611030,1430
611090,1430
611120,1410
611130,1410
611190,1410
611211,1410
611212,1410
611219,1410
611220,1410
611231,1410
611239,1410
611241,1410
611249,1410
611300,1410
611420,1410
611430,1410
611490,1410
611510,1430
611521,1430
611522,1430
611529,1430
611530,1430
611594,1430
611595,1430
611596,1430
611599,1430
611610,1410
611691,1410
611692,1410
611693,1410
611699,1410
611710,1410
611780,1410
611790,1410
620111,1410
620112,1410
620113,1410
620119,1410
620191,1410
620192,1410
620193,1410
620199,1410
620211,1410
620212,1410
620213,1410
620219,1410
620291,1410
620292,1410
620293,1410
620299,1410
620311,1410
620312,1410
620319,1410
620322,1410
620323,1410
620329,1410
620331,1410
620332,1410
620333,1410
620339,1410
620341,1410
620342,1410
620343,1410
620349,1410
620411,1410
620412,1410
620413,1410
620419,1410
620421,1410
620422,1410
620423,1410
620429,1410
620431,1410
620432,1410
620433,1410
620439,1410
620441,1410
620442,1410
620443,1410
620444,1410
620449,1410
620451,1410
620452,1410
620453,1410
620459,1410
620461,1410
620462,1410
620463,1410
620469,1410
620520,1410
620530,1410
620590,1410
620610,1410
620620,1410
620630,1410
620640,1410
620690,1410
620711,1410
620719,1410
620721,1410
620722,1410
620729,1410
620791,1410
620799,1410
620811,1410
620819,1410
620821,1410
620822,1410
620829,1410
620891,1410
620892,1410
620899,1410
620920,1410
620930,1410
620990,1410
621010,1410
621020,1410
621030,1410
621040,1410
621050,1410
621111,1410
621112,1410
621120,1410
621132,1410
621133,1410
621139,1410
621142,1410
621143,1410
621149,1410
621210,1410
621220,1410
621230,1410
621290,1410
621320,1410
621390,1410
621410,1410
621420,1410
621430,1410
621440,1410
621490,1410
621510,1410
621520,1410
621590,1410
621600,1410
621710,1410
621790,1410
630110,2750
630120,1392
630130,1392
630140,1392
630190,1392
630210,1392
630221,1392
630222,1392
630229,1392
630231,1392
630232,1392
630239,1392
630240,1392
630251,1392
630253,1392
630259,1392
630260,1392
630291,1392
630293,1392
630299,1392
630312,1392
630319,1392
630391,1392
630392,1392
630399,1392
630411,1392
630419,1392
630491,1392
630492,1392
630493,1392
630499,1392
630510,1392
630520,1392
630532,1392
630533,1392
630539,1392
630590,1392
630612,1392
630619,1392
630622,1392
630629,1392
630630,1392
630640,1392
630690,1392
630710,1392
630720,1392
630790,1392
630800,1392
630900,n/a
631010,n/a
631090,n/a
640110,1520
640192,1520
640199,1520
640212,3230
640219,1520
640220,1520
640291,1520
640299,1520
640312,3230
640319,1520
640320,1520
640340,1520
640351,1520
640359,1520
640391,1520
640399,1520
640411,1520
640419,1520
640420,1520
640510,1520
640520,1520
640590,1520
640610,1520
640620,1520
640690,1520
650100,1410
650200,1410
650400,1410
650500,1410
650610,3290
650691,2219
650699,1410
650700,1410
660110,1512
660191,1512
660199,1512
660200,1512
660320,3290
660390,3290
670100,3290
670210,3290
670290,3290
670300,3290
670411,3290
670419,3290
670420,3290
670490,3290
680100,2396
680210,2396
680221,2396
680223,2396
680229,2396
680291,2396
680292,2396
680293,2396
680299,2396
680300,2396
680410,2399
680421,2399
680422,2399
680423,2399
680430,2399
680510,2399
680520,2399
680530,2399
680610,2399
680620,2399
680690,2399
680710,2399
680790,2399
680800,2395
680911,2395
680919,2395
680990,2395
681011,2395
681019,2395
681091,2395
681099,2395
681140,2395
681181,2395
681182,2395
681189,2395
681280,2399
681291,2399
681292,2399
681293,2399
681299,2399
681320,2399
681381,2399
681389,2399
681410,2399
681490,2399
681510,2399
681520,2399
681591,2391
681599,2399
690100,2392
690210,2391
690220,2391
690290,2391
690310,2391
690320,2391
690390,2391
690410,2392
690490,2392
690510,2392
690590,2392
690600,2392
690710,2392
690790,2392
690810,2392
690890,2392
690911,2393
690912,2393
690919,2393
690990,2393
691010,2392
691090,2392
691110,2393
691190,2393
691200,2393
691310,2393
691390,2393
691410,2393
691490,2393
700100,2310
700210,2310
700220,2310
700231,2310
700232,2310
700239,2310
700312,2310
700319,2310
700320,2310
700330,2310
700420,2310
700490,2310
700510,2310
700521,2310
700529,2310
700530,2310
700600,2310
700711,2310
700719,2310
700721,2310
700729,2310
700800,2310
700910,2310
700991,2310
700992,2310
701010,2310
701020,2310
701090,2310
701110,2310
701120,2310
701190,2310
701310,2310
701322,2310
701328,2310
701333,2310
701337,2310
701341,2310
701342,2310
701349,2310
701391,2310
701399,2310
701400,2310
701510,2310
701590,2310
701610,2310
701690,2310
701710,2310
701720,2310
701790,2310
701810,2310
701820,2310
701890,2310
701911,2310
701912,2310
701919,2310
701931,2310
701932,2310
701939,2310
701940,1312
701951,1312
701952,1312
701959,1312
701990,2310
702000,2310
710110,0311
710121,0311
710122,3211
710210,0899
710221,0899
710229,3211
710231,0899
710239,3211
710310,0899
710391,3211
710399,3211
710410,2399
710420,2399
710490,3211
710510,3211
710590,3211
710610,2420
710691,2420
710692,2420
710700,2420
710811,2420
710812,2420
710813,2420
710820,2420
710900,2420
711011,2420
711019,2420
711021,2420
711029,2420
711031,2420
711039,2420
711041,2420
711049,2420
711100,2420
711230,n/a
711291,n/a
711292,n/a
711299,n/a
711311,3211
711319,3211
711320,3211
711411,3211
711419,3211
711420,3211
711510,2420
711590,3211
711610,3211
711620,3211
711711,3212
711719,3212
711790,3212
711810,3211
711890,3211
720110,2410
720120,2410
720150,2410
720211,2410
720219,2410
720221,2410
720229,2410
720230,2410
720241,2410
720249,2410
720250,2410
720260,2410
720270,2410
720280,2410
720291,2410
720292,2410
720293,2410
720299,2410
720310,2410
720390,2410
720410,n/a
720421,n/a
720429,n/a
720430,n/a
720441,n/a
720449,n/a
720450,n/a
720510,2410
720521,2410
720529,2410
720610,2410
720690,2410
720711,2410
720712,2410
720719,2410
720720,2410
720810,2410
720825,2410
720826,2410
720827,2410
720836,2410
720837,2410
720838,2410
720839,2410
720840,2410
720851,2410
720852,2410
720853,2410
720854,2410
720890,2410
720915,2410
720916,2410
720917,2410
720918,2410
720925,2410
720926,2410
720927,2410
720928,2410
720990,2410
721011,2410
721012,2410
721020,2410
721030,2410
721041,2410
721049,2410
721050,2410
721061,2410
721069,2410
721070,2410
721090,2410
721113,2410
721114,2410
721119,2410
721123,2410
721129,2410
721190,2410
721210,2410
721220,2410
721230,2410
721240,2410
721250,2410
721260,2410
721310,2410
721320,2410
721391,2410
721399,2410
721410,2410
721420,2410
721430,2410
721491,2410
721499,2410
721510,2410
721550,2410
721590,2410
721610,2410
721621,2410
721622,2410
721631,2410
721632,2410
721633,2410
721640,2410
721650,2410
721661,2410
721669,2410
721691,2410
721699,2410
721710,2410
721720,2410
721730,2410
721790,2410
721810,2410
721891,2410
721899,2410
721911,2410
721912,2410
721913,2410
721914,2410
721921,2410
721922,2410
721923,2410
721924,2410
721931,2410
721932,2410
721933,2410
721934,2410
721935,2410
721990,2410
722011,2410
722012,2410
722020,2410
722090,2410
722100,2410
722211,2410
722219,2410
722220,2410
722230,2410
722240,2410
722300,2410
722410,2410
722490,2410
722511,2410
722519,2410
722530,2410
722540,2410
722550,2410
722591,2410
722592,2410
722599,2410
722611,2410
722619,2410
722620,2410
722691,2410
722692,2410
722699,2410
722710,2410
722720,2410
722790,2410
722810,2410
722820,2410
722830,2410
722840,2410
722850,2410
722860,2410
722870,2410
722880,2410
722920,2410
722990,2410
730110,2410
730120,2410
730210,2410
730230,2410
730240,2410
730290,2410
730300,2431
730411,2431
730419,2431
730422,2431
730423,2431
730424,2431
730429,2431
730431,2431
730439,2431
730441,2431
730449,2431
730451,2431
730459,2431
730490,2431
730511,2410
730512,2410
730519,2410
730520,2410
730531,2410
730539,2410
730590,2410
730611,2410
730619,2410
730621,2410
730629,2410
730630,2410
730640,2410
730650,2410
730661,2410
730669,2410
730690,2410
730711,2431
730719,2431
730721,2431
730722,2431
730723,2431
730729,2431
730791,2431
730792,2431
730793,2431
730799,2431
730810,2511
730820,2511
730830,2511
730840,2511
730890,2511
730900,2512
731010,2599
731021,2599
731029,2599
731100,2512
731210,2599
731290,2599
731300,2599
731412,2599
731414,2599
731419,2599
731420,2599
731431,2599
731439,2599
731441,2599
731442,2599
731449,2599
731450,2599
731511,2814
731512,2814
731519,2814
731520,2599
731581,2599
731582,2599
731589,2599
731590,2599
731600,2599
731700,2599
731811,2599
731812,2599
731813,2599
731814,2599
731815,2599
731816,2599
731819,2599
731821,2599
731822,2599
731823,2599
731824,2599
731829,2599
731940,2599
731990,2599
732010,2599
732020,2599
732090,2599
732111,2750
732112,2750
732119,2750
732181,2750
732182,2750
732189,2750
732190,2750
732211,2512
732219,2512
732290,2750
732310,2599
732391,2599
732392,2599
732393,2599
732394,2599
732399,2599
732410,2599
732421,2599
732429,2599
732490,2599
732510,2599
732591,2599
732599,2599
732611,2599
732619,2599
732620,2599
732690,2599
740100,2420
740200,2420
740311,2420
740312,2420
740313,2420
740319,2420
740321,2420
740322,2420
740329,2420
740400,n/a
740500,2420
740610,2420
740620,2420
740710,2420
740721,2420
740729,2420
740811,2420
740819,2420
740821,2420
740822,2420
740829,2420
740911,2420
740919,2420
740921,2420
740929,2420
740931,2420
740939,2420
740940,2420
740990,2420
741011,2420
741012,2420
741021,2420
741022,2420
741110,2420
741121,2420
741122,2420
741129,2420
741210,2420
741220,2420
741300,2599
741510,2599
741521,2599
741529,2599
741533,2599
741539,2599
741810,2599
741820,2599
741910,2599
741991,2599
741999,2599
750110,2420
750120,2420
750210,2420
750220,2420
750300,n/a
750400,2420
750511,2420
750512,2420
750521,2420
750522,2420
750610,2420
750620,2420
750711,2420
750712,2420
750720,2420
750810,2599
750890,2599
760110,2420
760120,2420
760200,n/a
760310,2420
760320,2420
760410,2420
760421,2420
760429,2420
760511,2420
760519,2420
760521,2420
760529,2420
760611,2420
760612,2420
760691,2420
760692,2420
760711,2420
760719,2420
760720,2420
760810,2420
760820,2420
760900,2420
761010,2511
761090,2511
761100,2512
761210,2599
761290,2599
761300,2512
761410,2599
761490,2599
761510,2599
761520,2599
761610,2599
761691,2599
761699,2599
780110,2420
780191,2420
780199,2420
780200,n/a
780411,2420
780419,2420
780420,2420
780600,2599
790111,2420
790112,2420
790120,2420
790200,n/a
790310,2420
790390,2420
790400,2420
790500,2420
790700,2599
800110,2420
800120,2420
800200,n/a
800300,2420
800700,2599
810110,2420
810194,2420
810196,2420
810197,n/a
810199,2420
810210,2420
810294,2420
810295,2420
810296,2420
810297,n/a
810299,2420
810320,2420
810330,n/a
810390,2420
810411,2420
810419,2420
810420,n/a
810430,2420
810490,2420
810520,2420
810530,n/a
810590,2420
810600,2420
810720,2420
810730,n/a
810790,2420
810820,2420
810830,n/a
810890,2420
810920,2420
810930,n/a
810990,2420
811010,2420
811020,n/a
811090,2420
811100,2420
811212,2420
811213,n/a
811219,2420
811221,2420
811222,n/a
811229,2420
811251,2420
811252,n/a
811259,2420
811292,2420
811299,2420
811300,2420
820110,2593
820130,2593
820140,2593
820150,2593
820160,2593
820190,2593
820210,2593
820220,2593
820231,2593
820239,2593
820240,2593
820291,2593
820299,2593
820310,2593
820320,2593
820330,2593
820340,2593
820411,2593
820412,2593
820420,2593
820510,2593
820520,2593
820530,2593
820540,2593
820551,2593
820559,2593
820560,2593
820570,2593
820590,2593
820600,2593
820713,2593
820719,2593
820720,2593
820730,2593
820740,2593
820750,2593
820760,2593
820770,2593
820780,2593
820790,2593
820810,2593
820820,2593
820830,2593
820840,2593
820890,2593
820900,2593
821000,2599
821110,2593
821191,2593
821192,2593
821193,2593
821194,2593
821195,2593
821210,2593
821220,2593
821290,2593
821300,2593
821410,2593
821420,2593
821490,2593
821510,2593
821520,2593
821591,2593
821599,2593
830110,2593
830120,2593
830130,2593
830140,2593
830150,2593
830160,2593
830170,2593
830210,2593
830220,2593
830230,2593
830241,2593
830242,2593
830249,2593
830250,2593
830260,2593
830300,2599
830400,2599
830510,2599
830520,2599
830590,2599
830610,2599
830621,2599
830629,2599
830630,2599
830710,2599
830790,2599
830810,2599
830820,2599
830890,2599
830910,2599
830990,2599
831000,2599
831110,2599
831120,2599
831130,2599
831190,2599
840110,2513
840120,2829
840130,2011
840140,2513
840211,2513
840212,2513
840219,2513
840220,2513
840290,2513
840310,2512
840390,2512
840410,2513
840420,2513
840490,2513
840510,2819
840590,2819
840610,2811
840681,2811
840682,2811
840690,2811
840710,3030
840721,2811
840729,2811
840731,2910
840732,2910
840733,2910
840734,2910
840790,2811
840810,2811
840820,2910
840890,2811
840910,3030
840991,2930
840999,2930
841011,2811
841012,2811
841013,2811
841090,2811
841111,3030
841112,3030
841121,3030
841122,3030
841181,2811
841182,2811
841191,3030
841199,2811
841210,3030
841221,2812
841229,2812
841231,2812
841239,2812
841280,2812
841290,2812
841311,2813
841319,2813
841320,2813
841330,2813
841340,2813
841350,2813
841360,2813
841370,2813
841381,2813
841382,2813
841391,2813
841392,2813
841410,2813
841420,2813
841430,2813
841440,2813
841451,2750
841459,2819
841460,2750
841480,2813
841490,2813
841510,2819
841520,2819
841581,2819
841582,2819
841583,2819
841590,2819
841610,2815
841620,2815
841630,2815
841690,2815
841710,2815
841720,2825
841780,2815
841790,2815
841810,2750
841821,2750
841829,2750
841830,2750
841840,2750
841850,2819
841861,2819
841869,2819
841891,2819
841899,2819
841911,2819
841919,2819
841920,3250
841931,2825
841932,2829
841939,2829
841940,2819
841950,2819
841960,2819
841981,2825
841989,2819
841990,2819
842010,2819
842091,2819
842099,2819
842111,2825
842112,2826
842119,2819
842121,2819
842122,2819
842123,2819
842129,2819
842131,2819
842139,2819
842191,2819
842199,2819
842211,2750
842219,2819
842220,2819
842230,2819
842240,2819
842290,2819
842310,2819
842320,2819
842330,2819
842381,2819
842382,2819
842389,2819
842390,2819
842410,2819
842420,2819
842430,2819
842481,2821
842489,2819
842490,2819
842511,2816
842519,2816
842531,2816
842539,2816
842541,2816
842542,2816
842549,2816
842611,2816
842612,2816
842619,2816
842620,2816
842630,2816
842641,2816
842649,2816
842691,2816
842699,2816
842710,2816
842720,2816
842790,2816
842810,2816
842820,2816
842831,2824
842832,2816
842833,2816
842839,2816
842840,2816
842860,2816
842890,2816
842911,2824
842919,2824
842920,2824
842930,2824
842940,2824
842951,2824
842952,2824
842959,2824
843010,2824
843020,2824
843031,2824
843039,2824
843041,2824
843049,2824
843050,2824
843061,2824
843069,2824
843110,2816
843120,2816
843131,2816
843139,2816
843141,2816
843142,2824
843143,2824
843149,2824
843210,2821
843221,2821
843229,2821
843230,2821
843240,2821
843280,2821
843290,2821
843311,2821
843319,2821
843320,2821
843330,2821
843340,2821
843351,2821
843352,2821
843353,2821
843359,2821
843360,2821
843390,2821
843410,2821
843420,2825
843490,2821
843510,2825
843590,2821
843610,2821
843621,2821
843629,2821
843680,2821
843691,2821
843699,2821
843710,2825
843780,2825
843790,2825
843810,2825
843820,2825
843830,2825
843840,2825
843850,2825
843860,2825
843880,2825
843890,2825
843910,2829
843920,2829
843930,2829
843991,2829
843999,2829
844010,2829
844090,2817
844110,2829
844120,2829
844130,2829
844140,2829
844180,2829
844190,2829
844230,2829
844240,2817
844250,1812
844311,2829
844312,2817
844313,2829
844314,2829
844315,2829
844316,2829
844317,2829
844319,2826
844331,2620
844332,2817
844339,2817
844391,2817
844399,2817
844400,2826
844511,2826
844512,2826
844513,2826
844519,2826
844520,2826
844530,2826
844540,2826
844590,2826
844610,2826
844621,2826
844629,2826
844630,2826
844711,2826
844712,2826
844720,2826
844790,2826
844811,2826
844819,2826
844820,2826
844831,2826
844832,2826
844833,2826
844839,2826
844842,2826
844849,2826
844851,2826
844859,2826
844900,2826
845011,2750
845012,2750
845019,2750
845020,2826
845090,2826
845110,2826
845121,2750
845129,2826
845130,2826
845140,2826
845150,2826
845180,2826
845190,2826
845210,2826
845221,2826
845229,2826
845230,2826
845290,2826
845310,2826
845320,2826
845380,2826
845390,2826
845410,2823
845420,2823
845430,2823
845490,2823
845510,2823
845521,2823
845522,2823
845530,2823
845590,2823
845610,2822
845620,2822
845630,2822
845690,2822
845710,2822
845720,2822
845730,2822
845811,2822
845819,2822
845891,2822
845899,2822
845910,2822
845921,2822
845929,2822
845931,2822
845939,2822
845940,2822
845951,2822
845959,2822
845961,2822
845969,2822
845970,2822
846011,2822
846019,2822
846021,2822
846029,2822
846031,2822
846039,2822
846040,2822
846090,2822
846120,2822
846130,2822
846140,2822
846150,2822
846190,2822
846210,2822
846221,2822
846229,2822
846231,2822
846239,2822
846241,2822
846249,2822
846291,2822
846299,2822
846310,2822
846320,2822
846330,2822
846390,2822
846410,2822
846420,2822
846490,2822
846510,2822
846591,2822
846592,2822
846593,2822
846594,2822
846595,2822
846596,2822
846599,2822
846610,2822
846620,2822
846630,2822
846691,2822
846692,2822
846693,2822
846694,2822
846711,2818
846719,2818
846721,2818
846722,2818
846729,2818
846781,2818
846789,2818
846791,2818
846792,2818
846799,2818
846810,2819
846820,2819
846880,2819
846890,2819
846900,2817
847010,2817
847021,2817
847029,2817
847030,2817
847050,2817
847090,2817
847130,2620
847141,2620
847149,2620
847150,2620
847160,2620
847170,2620
847180,2610
847190,2620
847210,2817
847230,2817
847290,2620
847310,2817
847321,2817
847329,2620
847330,2620
847340,2620
847350,2620
847410,2824
847420,2824
847431,2824
847432,2824
847439,2824
847480,2824
847490,2824
847510,2829
847521,2829
847529,2829
847590,2829
847621,2819
847629,2819
847681,2819
847689,2819
847690,2819
847710,2829
847720,2829
847730,2829
847740,2829
847751,2829
847759,2829
847780,2829
847790,2829
847810,2825
847890,2825
847910,2824
847920,2825
847930,2822
847940,2829
847950,2829
847960,2829
847971,2829
847979,2829
847981,2829
847982,2829
847989,2829
847990,2829
848010,2593
848020,2593
848030,2593
848041,2593
848049,2593
848050,2593
848060,2593
848071,2593
848079,2593
848110,2813
848120,2813
848130,2813
848140,2813
848180,2813
848190,2813
848210,2814
848220,2814
848230,2814
848240,2814
848250,2814
848280,2814
848291,2814
848299,2814
848310,2814
848320,2814
848330,2814
848340,2814
848350,2814
848360,2814
848390,2814
848410,2819
848420,2819
848490,2819
848610,2829
848620,2829
848630,2829
848640,2829
848690,2829
848710,2599
848790,2819
850110,2710
850120,2710
850131,2710
850132,2710
850133,2710
850134,2710
850140,2710
850151,2710
850152,2710
850153,2710
850161,2710
850162,2710
850163,2710
850164,2710
850211,2710
850212,2710
850213,2710
850220,2710
850231,2710
850239,2710
850240,2710
850300,2710
850410,2710
850421,2710
850422,2710
850423,2710
850431,2710
850432,2710
850433,2710
850434,2710
850440,2710
850450,2710
850490,2710
850511,2599
850519,2393
850520,2790
850590,2790
850610,2720
850630,2720
850640,2720
850650,2720
850660,2720
850680,2720
850690,2720
850710,2720
850720,2720
850730,2720
850740,2720
850750,2720
850760,2720
850780,2720
850790,2720
850811,2750
850819,2829
850860,2829
850870,2750
850940,2750
850980,2750
850990,2750
851010,2750
851020,2750
851030,2750
851090,2750
851110,2740
851120,2740
851130,2740
851140,2740
851150,2740
851180,2740
851190,2630
851210,2740
851220,2740
851230,2740
851240,2740
851290,2630
851310,2740
851390,2740
851410,2815
851420,2815
851430,2815
851440,2815
851490,2815
851511,2790
851519,2790
851521,2790
851529,2790
851531,2790
851539,2790
851580,2790
851590,2790
851610,2750
851621,2750
851629,2750
851631,2750
851632,2750
851633,2750
851640,2750
851650,2750
851660,2750
851671,2750
851672,2750
851679,2750
851680,2750
851690,2750
851711,2630
851712,2630
851718,2610
851761,2610
851762,2610
851769,2610
851770,2630
851810,2640
851821,2640
851822,2640
851829,2640
851830,2640
851840,2640
851850,2640
851890,2640
851920,2640
851930,2640
851950,2640
851981,2640
851989,2640
852110,2640
852190,2640
852210,2640
852290,2640
852321,2680
852329,2680
852341,2680
852349,5920
852351,2620
852352,2610
852359,3290
852380,3290
852550,2630
852560,2630
852580,2630
852610,2651
852691,2651
852692,2651
852712,2640
852713,2640
852719,2640
852721,2640
852729,2640
852791,2640
852792,2640
852799,2640
852841,2620
852849,2640
852851,2620
852859,2640
852861,2620
852869,2640
852871,2640
852872,2640
852873,2640
852910,2630
852990,2630
853010,2790
853080,2790
853090,2630
853110,2630
853120,2790
853180,2790
853190,2630
853210,2610
853221,2610
853222,2610
853223,2610
853224,2610
853225,2610
853229,2610
853230,2610
853290,2610
853310,2610
853321,2610
853329,2610
853331,2610
853339,2610
853340,2610
853390,2610
853400,2610
853510,2710
853521,2710
853529,2710
853530,2710
853540,2710
853590,2710
853610,2710
853620,2710
853630,2710
853641,2710
853649,2710
853650,2710
853661,2710
853669,2710
853670,2610
853690,2710
853710,2710
853720,2710
853810,2710
853890,2710
853910,2740
853921,2740
853922,2740
853929,2740
853931,2740
853932,2740
853939,2740
853941,2740
853949,2740
853990,2740
854011,2610
854012,2610
854020,2610
854040,2610
854060,2610
854071,2610
854079,2610
854081,2610
854089,2610
854091,2610
854099,2610
854110,2610
854121,2610
854129,2610
854130,2610
854140,2610
854150,2610
854160,2610
854190,2610
854231,2610
854232,2610
854233,2610
854239,2610
854290,2610
854310,2790
854320,2790
854330,2790
854370,2790
854390,2630
854411,2732
854419,2732
854420,2732
854430,2732
854442,2732
854449,2732
854460,2732
854470,2731
854511,2790
854519,2790
854520,2790
854590,2790
854610,2310
854620,2393
854690,2733
854710,2393
854720,2220
854790,2733
854810,n/a
854890,2630
860110,3020
860120,3020
860210,3020
860290,3020
860310,3020
860390,3020
860400,3020
860500,3020
860610,3020
860630,3020
860691,3020
860692,3020
860699,3020
860711,2599
860712,2599
860719,2599
860721,2599
860729,2599
860730,2599
860791,2599
860799,2599
860800,2599
860900,2920
870110,2821
870120,2910
870130,2824
870190,2821
870210,2910
870290,2910
870310,2910
870321,2910
870322,2910
870323,2910
870324,2910
870331,2910
870332,2910
870333,2910
870390,2910
870410,2824
870421,2910
870422,2910
870423,2910
870431,2910
870432,2910
870490,2910
870510,2910
870520,2910
870530,2910
870540,2910
870590,2910
870600,2910
870710,2920
870790,2920
870810,2930
870821,2930
870829,2930
870830,2930
870840,2930
870850,2930
870870,2930
870880,2930
870891,2930
870892,2930
870893,2930
870894,2930
870895,2930
870899,2930
870911,2816
870919,2816
870990,2816
871000,3040
871110,3091
871120,3091
871130,3091
871140,3091
871150,3091
871190,3091
871200,3092
871310,3092
871390,3092
871410,3091
871420,3092
871491,3092
871492,3092
871493,3092
871494,3092
871495,3092
871496,3092
871499,3092
871500,3092
871610,2920
871620,2821
871631,2920
871639,2920
871640,2920
871680,2816
871690,2821
880100,3030
880211,3030
880212,3030
880220,3030
880230,3030
880240,3030
880260,3030
880310,3030
880320,3030
880330,3030
880390,3030
880400,1392
880510,2829
880521,2829
880529,2829
890110,3011
890120,3011
890130,3011
890190,3011
890200,3011
890310,3012
890391,3012
890392,3012
890399,3012
890400,3011
890510,3011
890520,3011
890590,3011
890610,3011
890690,3011
890710,3011
890790,3011
890800,n/a
900110,2670
900120,2670
900130,2670
900140,2670
900150,2670
900190,2670
900211,2670
900219,2670
900220,2670
900290,2670
900311,3250
900319,3250
900390,3250
900410,3250
900490,3250
900510,2670
900580,2670
900590,2670
900610,2670
900630,2670
900640,2670
900651,2670
900652,2670
900653,2670
900659,2670
900661,2670
900669,2670
900691,2670
900699,2670
900710,2670
900720,2670
900791,2670
900792,2670
900850,2670
900890,2670
901010,2670
901050,2670
901060,2670
901090,2670
901110,2670
901120,2670
901180,2670
901190,2670
901210,2651
901290,2651
901310,2610
901320,2610
901380,2610
901390,2610
901410,2651
901420,2651
901480,2651
901490,2651
901510,2651
901520,2651
901530,2651
901540,2651
901580,2651
901590,2651
901600,2651
901710,2819
901720,2819
901730,2651
901780,2651
901790,2651
901811,2660
901812,2660
901813,2660
901814,2660
901819,2660
901820,2660
901831,3250
901832,3250
901839,3250
901841,3250
901849,3250
901850,3250
901890,3250
901910,3250
901920,3250
902000,3250
902110,3250
902121,3250
902129,3250
902131,3250
902139,3250
902140,2660
902150,2660
902190,2660
902212,2660
902213,2660
902214,2660
902219,2660
902221,2660
902229,2660
902230,2660
902290,2660
902300,3290
902410,2651
902480,2651
902490,2651
902511,2651
902519,2651
902580,2651
902590,2651
902610,2651
902620,2651
902680,2651
902690,2651
902710,2651
902720,2651
902730,2651
902750,2651
902780,2651
902790,2651
902810,2651
902820,2651
902830,2651
902890,2651
902910,2651
902920,2651
902990,2651
903010,2651
903020,2651
903031,2651
903032,2651
903033,2651
903039,2651
903040,2651
903082,2651
903084,2651
903089,2651
903090,2651
903110,2651
903120,2651
903141,2651
903149,2651
903180,2651
903190,2651
903210,2651
903220,2651
903281,2651
903289,2651
903290,2651
903300,2651
910111,2652
910119,2652
910121,2652
910129,2652
910191,2652
910199,2652
910211,2652
910212,2652
910219,2652
910221,2652
910229,2652
910291,2652
910299,2652
910310,2652
910390,2652
910400,2652
910511,2652
910519,2652
910521,2652
910529,2652
910591,2652
910599,2652
910610,2652
910690,2652
910700,2652
910811,2652
910812,2652
910819,2652
910820,2652
910890,2652
910910,2652
910990,2652
911011,2652
911012,2652
911019,2652
911090,2652
911110,2652
911120,2652
911180,2652
911190,2652
911220,2652
911290,2652
911310,2652
911320,2652
911390,1512
911410,2652
911430,2652
911440,2652
911490,2652
920110,3220
920120,3220
920190,3220
920210,3220
920290,3220
920510,3220
920590,3220
920600,3220
920710,3220
920790,3220
920810,3220
920890,3220
920930,3220
920991,3220
920992,3220
920994,3220
920999,3220
930110,2520
930120,2520
930190,2520
930200,2520
930310,2520
930320,2520
930330,2520
930390,2520
930400,2520
930510,2520
930520,2520
930591,2520
930599,2520
930621,2520
930629,2520
930630,2520
930690,2520
930700,2593
940110,2930
940120,2930
940130,2930
940140,3100
940151,3100
940159,3100
940161,3100
940169,3100
940171,2930
940179,2930
940180,3100
940190,3100
940210,3250
940290,3250
940310,3100
940320,3100
940330,3100
940340,3100
940350,3100
940360,3100
940370,3100
940381,3100
940389,3100
940390,3100
940410,3100
940421,3100
940429,3100
940430,1392
940490,1392
940510,2740
940520,2740
940530,2740
940540,2740
940550,2740
940560,2740
940591,2310
940592,2220
940599,2740
940600,1622
950300,3240
950420,3240
950430,3240
950440,3240
950450,2640
950490,3240
950510,3290
950590,3290
950611,3230
950612,3230
950619,3230
950621,3230
950629,3230
950631,3230
950632,3230
950639,3230
950640,3230
950651,3230
950659,3230
950661,3230
950662,3230
950669,3230
950670,3230
950691,3230
950699,3230
950710,3230
950720,3230
950730,3230
950790,3230
950810,2829
950890,2829
960110,3290
960190,3290
960200,3290
960310,3290
960321,3290
960329,3290
960330,3290
960340,3290
960350,3290
960390,3290
960400,3290
960500,1512
960610,3290
960621,3290
960622,3290
960629,3290
960630,3290
960711,3290
960719,3290
960720,3290
960810,3290
960820,3290
960830,3290
960840,3290
960850,3290
960860,3290
960891,3290
960899,3290
960910,3290
960920,3290
960990,3290
961000,3100
961100,3290
961210,3290
961220,3290
961310,3290
961320,3290
961380,3290
961390,3290
961400,3290
961511,3290
961519,3290
961590,3290
961610,3290
961620,3290
961700,3290
961800,3290
961900,1709
970110,9000
970190,9000
970200,9000
970300,9000
970400,5310
970500,9102
970600,9102
