kbli4,sektor,tk,upah_per_pekerja,ULC,energi_per_pekerja,nilai_output,X_kg,X_usd,Px,Pm
1061,Resource Intensive,70091.0,19188425.746529512,0.22070840109642567,19034759.25582457,46413525768.0,97069448.0,103883273.0,1.0701953615724693,0.4981532533530407
1062,Resource Intensive,14777.0,17424440.3464844,0.1242177910770234,21470454.084049538,6208882343.0,64966769.0,32857055.0,0.5057517174665097,0.5211488093424734
1071,Resource Intensive,83405.0,20345000.719381332,0.24914717866149896,5565989.20928002,13418845507.0,94507989.0,258693543.0,2.737266401891167,2.6069187460541285
1072,Resource Intensive,71666.0,32344907.90612006,0.11318644319857242,15617411.059637764,34548599612.0,388903886.0,46238149.0,0.11889351241915849,0.5766454762185795
1073,Resource Intensive,19771.0,23064614.83991705,0.10497740086810693,45405109.3015022,8845378530.0,264102683.0,797696477.0,3.0204027764458568,4.116097737275321
1074,Resource Intensive,35944.0,16797036.47340307,0.20339295307213728,10252310.427331405,8344456813.0,123003732.0,193606711.0,1.5739905436365134,1.5690454083075296
1075,Resource Intensive,10236.0,15368754.005470887,0.35113385365897426,27718811.25439625,2916110509.0,146122417.0,839293872.0,5.743772168783658,2.47951997390363
1079,Resource Intensive,78573.0,16306775.559034273,0.43826968436806674,4362160.653150573,7307921053.0,286578460.0,899946193.0,3.140313452029856,3.8037868672741126
1080,Resource Intensive,23890.0,44022865.80159062,0.06480654843115757,155538778.65215573,65931426659.0,24948924.0,21052336.0,0.8438173926859531,0.8348697981254773
1101,Resource Intensive,1089.0,96537060.60606061,0.08627692601146505,34500334.25160698,1945182710.0,134285.0,365761.0,2.723766615779871,13.032482714022782
1102,Resource Intensive,442.0,24302140.27149321,0.16029322454342518,6446488.687782805,104164367.0,1131246.0,19797657.0,17.50075315183435,5.408051722283637
1104,Resource Intensive,19953.0,21412735.428256404,0.07825787052110382,16281308.424798276,9795570399.0,89691954.0,53061159.0,0.5915932994391002,0.7295067614686883
1311,Labor Intensive,104625.0,21078614.260454003,0.16152961543790975,43884283.001194745,50478721219.0,562252753.0,1773700288.0,3.1546315754544647,3.499593599229979
1312,Labor Intensive,153527.0,15599252.398600897,0.260792850872879,12527816.77489953,21873736944.0,232433160.0,1573830560.0,6.771110283919902,8.69230543781095
1391,Labor Intensive,23017.0,20080450.493113786,0.275404829283764,38922503.80153799,5613141374.0,18015770.0,108702106.0,6.03371968003588,8.226207462250501
1392,Labor Intensive,65437.0,24519844.95010468,0.3618661965039316,9010344.529853141,11094748267.0,65819534.0,263123601.0,3.9976521407763235,2.685236658069455
1393,Labor Intensive,3377.0,25245550.784720168,0.6779931344847135,18263680.781758957,902399941.0,21961442.0,72877349.0,3.3184227611283448,2.161724576630573
1394,Labor Intensive,9732.0,23654071.619399916,0.4292991087013096,8237080.353473078,1249625409.0,4979254.0,27648456.0,5.552730589763045,2.318435498375404
1399,Labor Intensive,17441.0,39058299.98279915,0.8505550417078189,15852353.19075741,3592286428.0,46603599.0,279310923.0,5.993333755189164,5.37697617405076
1430,Labor Intensive,63121.0,20586877.520951822,0.3556618838852695,5149252.166473915,7926694905.0,68631575.0,962291222.0,14.021115237410768,16.244946747787314
1511,Labor Intensive,12044.0,27234540.269013617,0.3285039058270865,10262649.368980406,4223839671.0,8100472.0,134991704.0,16.664671391988023,10.761898222330903
1512,Labor Intensive,20016.0,20185242.40607514,0.21194315788328452,3624279.6262989608,3348823004.0,16086887.0,211534278.0,13.14948491899023,4.48812413304467
1520,Labor Intensive,224440.0,26756131.21101408,0.2612448258206391,14819571.453395117,60890592419.0,198893895.0,3520102645.0,17.698394639010917,6.394885375036947
1610,Labor Intensive,26931.0,18145346.99788348,0.337805251487122,12771262.262819799,4664257387.0,1827184127.0,689053674.0,0.37711233576187914,0.6530250413294334
1621,Labor Intensive,129848.0,26134322.30762122,0.24121012308692547,13935099.978436325,38509279861.0,2123788316.0,2101781811.0,0.9896380892416586,0.4520510200909859
1622,Labor Intensive,34061.0,19840938.169754263,0.2789150205940537,5121247.320982942,4851109523.0,149948651.0,339874450.0,2.266605586201639,2.246412161307143
1623,Labor Intensive,7579.0,13619165.325240796,0.6817724081250476,1546885.868848133,396507497.0,7365404.0,13239081.0,1.7974684077071672,0.9831006752709822
1629,Labor Intensive,27037.0,21611826.460036248,0.41984780755533624,2846342.1237563337,2457803049.0,95101090.0,298798661.0,3.141905744718594,1.9873484101057461
1701,Resource Intensive,65126.0,33330571.492184382,0.05379214954826068,107930746.73709425,98113793283.0,7098861567.0,4984757906.0,0.7021911695210833,0.96623684961505
1702,Resource Intensive,47055.0,27835800.97757943,0.11182394216466272,29485554.43629795,25381888197.0,85795529.0,121668321.0,1.4181195968848213,2.7057878992695885
1709,Resource Intensive,13152.0,38364073.44890511,0.2622228022113657,57596062.27189781,11045254033.0,239953010.0,433992334.0,1.8086555113436584,4.40387785203704
1811,Labor Intensive,45367.0,28439519.937399432,0.20350062492835047,27195380.739303898,16569047710.0,1013700.0,3808818.0,3.7573424089967444,9.858569101380617
1812,Labor Intensive,6472.0,22367000.772558715,0.4489814686688216,3764764.6786155747,652677767.0,96709.0,1304373.0,13.48760715135096,11.585266590293624
1910,Resource Intensive,480.0,22165100.0,0.39803665765197066,11230352.083333334,64171047.0,57421041.0,4661519.0,0.08118137391483377,0.389187793890826
2011,Labor Intensive,64955.0,77915936.80240166,0.06697096782360176,266514984.14286813,190725846821.0,4987506611.0,4777710592.0,0.957935691045042,1.1078600718367553
2012,Labor Intensive,10629.0,44579086.27340295,0.03576854103419532,110596160.97469188,35687606323.0,2205830258.0,1018350298.0,0.4616630378999906,0.41036888294475454
2013,Labor Intensive,12015.0,32252604.244694132,0.0709432478389696,90947535.08114856,18653629196.0,636668657.0,933445312.0,1.4661398856956767,1.9897093879090586
2021,Labor Intensive,12600.0,48369426.82539683,0.14969853406644829,96998942.22222222,11918903372.0,71302673.0,249577486.0,3.500254275179838,5.045548233700648
2022,Labor Intensive,15358.0,52745627.29522073,0.16873795896588126,38104113.882015884,14929009793.0,50761097.0,126938396.0,2.500702378437566,2.5955030797502157
2023,Labor Intensive,45601.0,26445546.238021094,0.09265083174220579,36217825.46435385,45439295818.0,955167091.0,1380803933.0,1.445615061501318,3.8371957345815653
2029,Labor Intensive,20577.0,34611032.17184235,0.14040895340339216,32277480.876707003,12246542386.0,195971198.0,488679681.0,2.4936301149723032,3.4868358270101156
2030,Labor Intensive,3111.0,28494532.62616522,0.029630966859865455,11706355.834136933,8022076309.0,448986652.0,987587901.0,2.19959300928171,2.7310310009784238
2211,Resource Intensive,27848.0,153030202.95891985,0.520317448754151,144422327.27664465,54680882213.0,412471502.0,1752922380.0,4.249802402106316,4.89417344104085
2219,Resource Intensive,38952.0,24765738.72971863,0.3654681970023097,32455116.810433354,12216497580.0,180075690.0,807510108.0,4.484281626242832,6.639395359724195
2391,Capital Intensive,914.0,30358067.83369803,0.2829717931092873,20374416.849015318,253038720.0,6873298.0,4933870.0,0.7178315271649796,1.2261162801009606
2392,Capital Intensive,74128.0,25343672.350528814,0.09597478121562442,75136542.81782863,38879098693.0,282625681.0,106358767.0,0.37632378849535614,0.30569582012461793
2393,Capital Intensive,19139.0,20794096.5567689,0.3806831955056232,14633354.511729976,1876754191.0,54756848.0,289193655.0,5.281415303525141,2.1963266633504603
2394,Capital Intensive,22452.0,153094278.19347942,0.2594654328582989,156371032.69196507,23953754244.0,288344921.0,21402879.0,0.07422665509686574,0.0668034842538685
2395,Capital Intensive,33445.0,23056170.33936313,0.14304324559889212,27491416.564508896,15266011532.0,206180162.0,43696176.0,0.21193200924927005,0.2828976306764671
2396,Capital Intensive,14074.0,18996875.87039932,0.10845152963130962,79662638.05598977,6271346188.0,127781040.0,62562034.0,0.4896034184727249,0.2625396140698439
2399,Capital Intensive,4430.0,25867880.135440182,0.3969658554249835,29489600.902934536,701767684.0,27572109.0,46941699.0,1.7025066526467019,2.3039814268863767
2410,Capital Intensive,41885.0,74258399.11662887,0.11900345528046316,164434146.68735823,76051576258.0,662568509.0,1021003049.0,1.5409773255613632,0.8520774341946679
2420,Capital Intensive,14505.0,51688724.57773182,0.08347157933381896,66693079.696656324,36376342964.0,674818459.0,7797144570.0,11.554432849324295,2.512931355044211
2431,Capital Intensive,2490.0,26590158.63453815,0.04685556858618786,514669520.4819277,4877358781.0,394385726.0,711327418.0,1.8036337805998588,2.0717634255230104
2511,Capital Intensive,34615.0,27050953.892821033,0.05267421097042015,121298856.94063267,49345400438.0,144579147.0,452180609.0,3.127564509700697,2.208144753900372
2512,Capital Intensive,6989.0,42382871.369294606,0.1927471481401592,20764508.799542136,2460792776.0,47257075.0,67853817.0,1.4358446222073626,4.075062524657451
2513,Capital Intensive,775.0,39985898.06451613,0.5865839700439868,3682036.129032258,121562588.0,18633771.0,97598855.0,5.237740390820516,6.2760874878092
2593,Capital Intensive,18495.0,25411884.56339551,0.1039951839119611,50758381.77885915,7903334020.0,26457879.0,239835404.0,9.064800848170785,5.1644743814410266
2599,Capital Intensive,46610.0,23502812.85131946,0.36922882658344075,5539426.045912894,7546544806.0,290602270.0,893875087.0,3.075939795652663,3.7554279141336866
2651,Capital Intensive,2015.0,22333952.3573201,0.22909778206064468,4243958.808933003,339773483.0,10417073.0,412001989.0,39.550648152316874,16.304163794505683
2652,Capital Intensive,837.0,28366017.92114695,0.7129742730126089,3924996.4157706094,57127628.0,291765.0,10963346.0,37.575946395215325,7.494106715628818
2660,Capital Intensive,1049.0,29552416.58722593,0.22018873061023514,2792477.5977121065,180369813.0,5156797.0,168830534.0,32.73941828619587,155.74371133831784
2680,Capital Intensive,1537.0,11926050.097592713,0.13201168007373043,2516450.2277163304,178391410.0,2899155.0,14640957.0,5.0500773501244325,6.978899357140292
2720,Capital Intensive,15315.0,70850223.11459354,0.14499899743377548,56207661.9653934,14444081131.0,162761438.0,746363911.0,4.585631094018719,6.979622554791507
2731,Capital Intensive,18706.0,225076236.12744573,0.7392715598060089,51777837.9129691,18122150143.0,151646.0,1799569.0,11.866907138994764,6.1094145730533365
2732,Capital Intensive,8853.0,27897900.14684288,0.09029846287405945,20725644.414322827,9405556387.0,85962344.0,1071375583.0,12.463312808222168,7.121842520939085
2733,Capital Intensive,913.0,34537610.07667032,0.08459284535132094,3698674.698795181,468576947.0,179323.0,676524.0,3.772656045236807,5.492000856691366
2740,Capital Intensive,20118.0,42145970.6233224,0.06903957887974954,280277513.0728701,22310935077.0,37205497.0,412859363.0,11.096730222418477,10.261489724643779
2790,Capital Intensive,2815.0,117203741.38543516,0.09185308665032266,5576745.293072824,4046294196.0,6316211.0,70989977.0,11.23932956007961,13.012209322755682
2811,Capital Intensive,12667.0,30801369.621852055,0.05615299233103541,64383112.57598484,10208779476.0,7761677.0,159641663.0,20.56793435233133,6.153650437705254
2812,Capital Intensive,6396.0,25488970.919324577,0.2409346339348161,24801012.82051282,2065747853.0,2742968.0,27557959.0,10.046766495270816,11.936097559954634
2813,Capital Intensive,5897.0,45995154.82448703,0.15870667575644257,19056303.883330505,2751489842.0,35677511.0,425920881.0,11.938077210599136,9.254174364822939
2814,Capital Intensive,5504.0,32091694.76744186,0.1272485099169062,39436249.45494186,4066124289.0,31094830.0,347581140.0,11.178100668181816,9.46161251322086
2815,Capital Intensive,941.0,25974096.705632307,0.37756576456332597,4551738.575982997,119766141.0,395936.0,2436239.0,6.15311312939465,6.786798368434185
2816,Capital Intensive,3923.0,61068674.22890645,0.21527097495469733,12459741.779250573,2125536181.0,27822788.0,168671335.0,6.062344830431803,5.423528628000692
2817,Capital Intensive,2630.0,40160300.38022814,0.07510883160621484,370737601.1406844,2862175115.0,16845748.0,428513326.0,25.437476922960027,14.96541714974487
2819,Capital Intensive,6099.0,33437916.871618297,0.2972910951082963,20951091.16248565,2545008252.0,65940848.0,471268528.0,7.146837541428039,10.385544777909585
2821,Capital Intensive,1410.0,23553386.524822693,0.23870254675251829,14263440.425531914,530537752.0,1924203.0,12469730.0,6.480464898973757,4.226718176964854
2822,Capital Intensive,4066.0,35902018.44564683,0.032387915923016736,60734994.34333497,6604473704.0,5018381.0,24469964.0,4.876067401020369,4.014311662293938
2824,Capital Intensive,2381.0,50088328.01343973,0.2481098121447021,16541084.838303234,3503054925.0,194911564.0,809417721.0,4.152743451383931,4.814806034610837
2825,Capital Intensive,798.0,15443392.23057644,0.3974603013858252,5205675.438596491,90033363.0,2590979.0,24112381.0,9.306281911200362,11.471857488942687
2826,Capital Intensive,1104.0,41041028.98550725,1.0643225867889745,1356128.6231884058,63804574.0,4472891.0,36704269.0,8.205938620011084,8.55386575602919
2829,Capital Intensive,3067.0,21305895.663514834,0.30218988205239655,4244163.677861102,588239893.0,9908937.0,159202068.0,16.066513289972477,14.380612042777827
2910,Capital Intensive,39555.0,88595540.8165845,0.051616385850717955,13618247.93325749,99009012569.0,258450706.0,2551366460.0,9.87177206627557,10.39315334658739
2920,Capital Intensive,10355.0,18922082.95509416,0.11525952499285859,6299550.941574119,3126779508.0,8260043.0,30988849.0,3.7516571039642286,6.649074407874582
2930,Capital Intensive,68733.0,42108738.18980693,0.05405235576886375,45482142.50796561,94085558013.0,228224631.0,1883999007.0,8.255020497765642,10.44001692545699
3011,Capital Intensive,12678.0,28327926.329073988,0.05026272340088593,54040219.43524215,14626828327.0,163092862.0,815110906.0,4.9978331117887915,1.3896929191140917
3091,Capital Intensive,55726.0,29682951.763988085,0.036682540223585774,37502566.12712199,88726027413.0,37247765.0,397069022.0,10.660210673043068,5.0681968587134145
3092,Capital Intensive,6153.0,23919187.22574354,0.5711557938825507,2817120.266536649,454116941.0,44237532.0,398538840.0,9.009065876459836,2.594886871613164
3100,Labor Intensive,190127.0,26539156.079883445,0.6261824925005713,4409985.27300173,22569485544.0,594415398.0,1695093225.0,2.8516980392893525,2.807623534778303
3211,Labor Intensive,11521.0,30178491.103202846,0.2069831025515981,3647463.6750282096,3128092593.0,4094610.0,166755167.0,40.725531125064414,62.876755136261245
3212,Labor Intensive,182.0,20673846.153846152,0.35102649388751506,1499763.7362637362,22519666.0,494982.0,12201645.0,24.65068426730669,3.468065395391068
3220,Labor Intensive,14874.0,27572213.728654027,0.6803421126118665,2449775.850477343,1323183422.0,52100028.0,543654776.0,10.434826944814693,10.645993880286104
3230,Labor Intensive,7857.0,22440147.002672777,0.3479783988264022,3671457.2992236223,1007096351.0,8009859.0,189115861.0,23.610385775829513,3.9756064869049212
3240,Labor Intensive,31369.0,16003446.204851924,0.36876586882203777,1647367.528451656,2747213030.0,31359344.0,352801485.0,11.250282690862411,2.7876314482112465
3250,Labor Intensive,6739.0,21914979.81896424,0.18087955548487678,13416650.690013355,1072918332.0,6999154.0,106336543.0,15.192770869165045,13.910057021344702
3290,Labor Intensive,85396.0,23794815.202117193,0.523032486754073,2128502.4005808234,7200122583.0,59677498.0,564495669.0,9.459104150110315,5.452226286488026
