kbli,n_item,n_item_kg,cakupan_nilai_terbit,pangsa_item_kg,Pd_rp_per_kg,Pd_item_dominan_rp_per_kg,item_dominan,nilai_produksi_kg_000rp
10110,4,4,1.0,1.0,44204.1,138199.4,Hasil ikutan/sisa industri pemotongan hewan,6220937
10120,7,7,0.998,1.0,1213.5,23701.5,Ayam tanpa tulang beku,159543602
10130,28,23,0.586,0.953,6221.8,4392.7,Bakso sapi,1108706177
10211,18,10,1.0,0.892,1557.2,13712.1,Ikan teri asin/kering,368749888
10212,5,5,0.954,1.0,29117.4,11346.4,Ikan tuna lainnya beku,291064638
10213,50,36,0.999,0.911,168.7,9240.9,Ikan lainnya beku,9670690051
10214,20,13,1.0,0.767,14930.1,12551.7,Ikan pindang lainnya,362154084
10217,2,2,1.0,1.0,10822.6,6492.6,Bakso ikan,18376556
10218,3,2,0.714,0.958,4835.1,6361.9,Rajungan beku,42768904
10219,38,25,0.967,0.884,292.2,43933.9,Ikan lainnya dalam kaleng,2067403456
10221,33,20,1.0,0.657,1924.0,206339.5,Ikan tuna dalam kaleng,4588465742
10222,2,2,0.999,1.0,52160.0,53224.4,Udang lainnya dalam kaleng,1056094702
10291,13,12,0.888,0.989,95.9,229.0,Ikan lainnya yang diasinkan dan dikeringkan,416647484
10293,32,26,0.763,0.941,6.6,589.0,Udang putih kecil/biasa beku,6683422304
10299,23,16,0.741,0.94,0.1,78.4,Rajungan beku,386848125
10311,10,8,1.0,0.894,839.6,557.5,Manisan buah-buahan lainnya,40764853
10312,28,11,0.407,0.37,5424.1,5722.2,Sauce tomat,128272084
10314,6,3,0.996,0.78,44966.9,46532.0,Nanas dalam kaleng,361365534
10320,12,3,1.0,0.013,40224.2,37762.9,Jamur dalam kaleng,26386213
10330,11,4,1.0,0.055,83975.6,79562.4,Pengolahan dan pengawetan lainnya untuk buah-,2895646
10392,25,6,0.666,0.529,6282.6,7239.9,Tahu dari kedele,438052940
10399,5,2,0.852,0.846,32329.8,33208.6,Tepung kelapa,18952995
10411,13,5,1.0,0.001,9318.4,19505.2,Minyak hati ikan,29336673
10421,5,4,0.976,0.959,3034.5,3105.2,Kopra jemur,125651441
10422,14,8,1.0,0.49,4220.4,7555.0,Minyak kasar/mentah kelapa/kopra,1951171575
10423,14,5,1.0,0.74,43.9,8449.7,Minyak goreng kelapa,6666131919
10424,6,6,1.0,1.0,5933.4,5244.8,Tepung kelapa,1193997352
10431,19,8,0.043,0.327,1835.8,1953.0,Hasil ikutan/sisa industri minyak goreng dari minyak Offal of palm oil,4243606423
10432,27,16,0.487,0.488,6761.0,10304.4,Minyak goreng kelapa sawit,16662678475
10490,9,8,0.981,0.814,451.2,291485.2,Minyak kasar/mentah kacang tanah,3811069354
10510,13,5,0.97,0.725,12453.4,12389.4,Susu kental full cream manis tidak beraroma,1446106552
10520,21,9,0.982,0.733,8758.9,2690.2,Susu bubuk untuk bayi,8780980831
10531,5,3,0.836,0.161,13048.2,12203.4,Makanan bubuk krim dari susu,105123588
10532,3,1,1.0,0.64,530.0,530.0,Es lainnya dari susu,12100000
10611,13,7,0.802,0.925,10486.8,7693.1,Beras biasa sosoh,600004606
10612,20,10,0.994,0.441,24935.1,28743.7,Kopi robusta OIB,2815905394
10613,2,2,1.0,1.0,31149.2,62081.2,"Hasil ikutan/sisa industri pengupasan, pembersihan Offal of peeling, c",10687977525
10614,22,19,1.0,0.931,17642.9,65628.0,Biji lada hitam,1706200571
10615,6,3,0.946,0.866,1503.6,12476.4,Kacang tanah gelondong (kering),28906811
10616,3,3,1.0,1.0,2907.0,3358.3,Hasil ikutan/sisa industri pengupasan dan,21657000
10617,4,4,0.019,1.0,10192.8,8869.0,Tepung beras,412461721
10618,11,11,0.997,1.0,21574.3,32279.7,Tepung terigu,3967352023
10621,9,5,1.0,0.895,5129.5,5254.7,Pati/sari ubi kayu (tepung tapioka),3012414391
10622,6,2,1.0,0.1,3706.7,4200.0,Pati sagu,14301022
10623,8,6,0.799,0.938,9027.6,10000.0,Gula pasir dari tebu,1425441772
10629,4,4,1.0,1.0,53850.4,98067.8,Makanan lainnya,86739073
10631,30,12,0.922,0.555,3956.2,6907.6,Beras biasa giling,3633951220
10632,10,3,1.0,0.508,2961.0,3257.5,Beras jagung giling/dipipihkan,248732508
10633,7,3,0.902,0.954,5260.1,6066.4,Tepung beras,179150001
10710,136,54,0.917,0.405,12790.8,14876.5,Biskuit manis,4636092724
10721,9,3,0.565,0.558,8066.5,7690.9,Gula pasir dari tebu,10089842537
10722,4,3,0.403,0.984,8642.6,7347.0,Gula merah lainnya,10490850
10723,14,3,0.859,0.214,2128.3,2000.0,Selai/jam strawberi,295307743
10729,3,2,0.957,0.856,13466.1,13342.1,Gula batu,83701665
10731,12,10,0.924,0.986,710.2,46585.2,Coklat butiran (mesis),1192406809
10732,42,21,0.965,0.801,24120.1,23641.3,Kembang gula (sweets),3868253896
10739,9,2,0.985,0.073,24887.5,30570.3,Ting-ting jahe,22460774
10740,47,20,0.98,0.489,8067.3,6122.5,Mie kering,3953565962
10750,55,34,0.85,0.892,18482.6,34677.2,Essence,2146354133
10761,47,21,0.608,0.772,15965.2,11730.6,Daun teh hitam,6939064649
10771,38,9,0.468,0.018,5008.7,17019.7,Kecap manis,47992234
10772,46,27,0.922,0.669,26425.0,34758.0,Bumbu-bumbu lainnya,3384145556
10773,6,3,0.955,0.102,3966.1,3800.1,Air kelapa,139309601
10774,12,4,0.995,0.615,1019.7,2078.9,Terasi udang,606298130
10779,7,2,0.407,0.053,8566.2,7913.9,Terasi udang,4213020
10792,36,12,0.978,0.569,11910.0,14559.9,Macam-macam dodol,162213089
10793,48,25,0.864,0.509,36144.1,28164.4,Kacang asin tak berkulit,1188399741
10794,87,41,0.742,0.805,11451.2,10014.6,Kerupuk pati (kerupuk terung),2059897718
10799,47,23,0.566,0.71,3778.2,2175.7,Sari pekat buah lainnya,289862595
10801,30,29,0.269,0.912,6164.0,9663.4,Ransum jadi udang/ikan lainnya,14052481493
10802,26,18,0.85,0.788,3960.1,3855.3,Konsentrat untuk aneka ternak lainnya,4576553323
11020,11,2,0.809,0.071,3858.7,3765.6,Anggur golongan B lainnya,6113180
11040,52,3,0.858,0.001,9228.2,8500.0,Minuman lainnya yang tidak mengandung CO2,4941910
11050,19,2,0.961,0.0,7574.0,18999.7,Air minum dalam kemasan,834734
11090,20,5,0.363,0.047,5311.3,25873.8,Minuman bernutrisi tinggi lainnya,13830655
12011,22,5,0.084,0.002,6904.7,12088.6,Tembakau krosok,26046600
12012,4,1,0.483,0.077,45660.8,45660.8,Tembakau rajangan lainnya,497865646
12019,12,2,0.749,0.025,15790.0,15700.0,Klobot,4798051
12091,28,11,0.98,0.763,42183.0,43882.8,Tembakau lainnya,9687256912
12099,15,5,1.0,0.888,41408.9,42431.8,SKT tanpa filter,306689797
13111,20,9,0.579,0.157,1268.5,15536.9,Serat lainnya yang digaruk dan disisir,440526423
13112,88,46,0.853,0.587,3314.5,25683.5,Benang tunggal mengandung serat stapel polister,16884943080
13113,28,11,0.993,0.491,20120.0,15756.1,Benang jahit filamen sintetik dari poliester,3696066390
13121,194,28,0.819,0.097,14694.6,11218.2,Benang pintal dari serat rayon dicampur dengan,1602936975
13122,38,1,0.31,0.012,94000.0,94000.0,Kain ikat dengan tenunan polos mengandung serat Plain cotton woven wit,776252
13131,23,14,0.496,0.52,36072.3,32782.5,Benang pintal dari campuran serat stapel poliester Spinned yarn of mix,1195878804
13132,82,12,0.887,0.198,44660.7,261499.9,Kain kelantang benang filamen sintetik kekuatan,2817627178
13133,49,5,0.853,0.054,23960.7,23595.8,Benang pintal dari campuran serat stapel poliester Spinned polyester/o,852245332
13134,86,1,0.779,0.003,698076.9,698076.9,Batik cap berkolin,2178000
13911,48,16,0.771,0.579,48314.4,47166.5,Kain rajut lainnya dari serat lainnya,1824065290
13921,107,12,0.899,0.259,101892.9,236904.4,Kapas yang digaruk dan disisir,2031274259
13923,15,1,0.928,0.011,11085.8,11085.8,Serat lena yang disiapkan,3137471
13929,23,3,,0.04,7164.0,6616.7,Kapas kosmetika,54791782
13930,24,2,0.857,0.113,22341.0,21439.9,Benang celup dari campuran serat stapel poliester Dyed polyester stapl,80050843
13941,3,1,,0.873,7615.9,7615.9,Webbing set,11310340
13942,20,8,0.586,0.887,50279.3,237141.6,Jaring olah raga lainnya,392586211
13991,15,3,,0.31,27531.9,25572.8,Kain non woven lainnya,372361973
13992,15,4,0.728,0.113,55311.9,49999.7,Terpal dari serat sintetik,31960561
13993,10,2,,0.229,12358.3,11181.1,Kain non woven lainnya,34562960
13997,22,11,0.882,0.832,564.8,386.8,Biji kapuk,216038355
13999,15,2,0.645,0.061,14413.7,13884.0,Kain khusus lainnya,45313469
14111,445,1,0.72,0.0,500000.0,500000.0,Kain sarung motif batik,720000
14131,50,1,0.901,0.011,73117.5,73117.5,Sarung tangan rajutan dari serat kapas,50601868
14301,98,5,0.625,0.024,22950.0,56925.0,Kain handuk rajutan,98870673
15111,21,3,0.972,0.024,59548.9,58366.7,Benang celup dari campuran serat lainnya,34146801
15112,28,2,0.328,0.036,8917.7,7637.3,Lainnya,28790430
15114,4,1,0.6,0.281,24600.0,24600.0,Kulit buatan dari bahan lainnya,40946377
15201,121,5,0.651,0.001,445.3,8393.7,PVC compound,24974862
15203,20,2,0.667,0.035,283533.4,373211.7,Acrylic/modacrylic,46225587
16101,89,2,0.576,0.006,31098.5,251533.4,Balok kayu lainnya,12248079
16102,12,2,0.561,0.016,7690.9,5857.7,Damar alkyd,4025556
16103,6,3,,0.24,11344.5,10520.9,Rotan lainnya,16136838
16104,16,5,0.868,0.352,5614.6,14838.0,Kulit rotan,18399320
16212,44,1,0.488,0.0,40000.0,40000.0,Serbuk gergaji,192000
16213,36,1,0.655,0.0,93152.7,93152.7,Hasil olahan kayu lainnya,1912611
16222,12,1,0.979,0.0,55000.0,55000.0,Papan kayu ukuran lainnya,165000
16292,40,1,0.899,0.0,7595.7,7595.7,Barang anyaman lainnya dari rotan,5636
16293,71,2,0.798,0.0,48411.8,300000.0,Dupa,98760
16294,27,3,0.696,0.008,8753.8,8086.9,Tusukan sate,1573512
16295,11,1,0.739,0.036,1504.4,1504.4,Arang tempurung kelapa,11018370
16299,63,7,0.781,0.053,5327.7,4135.8,Arang tempurung kelapa,19143618
17011,4,2,0.099,0.97,7069.1,7213.8,Serbet tissue (napkin),3004805972
17012,36,11,0.384,0.542,6790.5,4665.0,Kertas koran lainnya,9288370663
17014,19,1,0.997,0.005,5126.7,5126.7,Kertas semabahyang (jusg paper),9597560
17019,35,5,0.685,0.092,4890.5,7310.2,Kertas dan kertas karton ytdl lainnya,120552292
17021,28,16,0.873,0.852,4142.0,2106.4,Gypsum lainnya,3646742941
17022,89,15,0.815,0.373,9577.7,11979.0,Kemasan lainnya dari kertas dan karton,5656096733
17091,41,9,0.822,0.644,10836.4,8609.8,"Saputangan, tissue pembersih atau tissue muka dan Handkerchiefs,toilet",3449057899
17099,81,5,0.863,0.459,10978.9,13308.6,Plastik lembaran lainnya,1642864041
17231,27,10,0.691,0.568,10019.9,14167.5,Tali rafia,154993456
18111,229,11,0.685,0.045,10309.3,14258.4,Kertas bungkus dan pengepakan lainnya,425768732
18120,64,1,0.966,0.259,28063.7,28063.7,Plastik lembaran lainnya,86352913
19100,3,2,0.998,0.824,2995.7,2697.4,Briket batu bara,52286973
19211,4,1,0.678,0.29,7498767.0,7498767.0,Carbon disulfide,10588259
19212,5,1,0.962,0.061,47061.3,47061.3,LPG (Elpiji),28656707
19213,9,2,0.954,0.297,32000.0,2151258.5,Minyak pelumas cair,534426511
19291,15,5,0.961,0.86,3800.4,8102.4,Aspal,2723998495
20111,23,5,0.816,0.861,12009.2,22729.7,Bahan kimia khusus lainnya,38206353656
20112,39,6,0.557,0.004,12279.3,10054.0,Minyak gondorukem,85650192
20113,25,7,0.988,0.47,9391.4,6463.0,Bahan kimia khusus lainnya,2389832644
20114,27,8,0.851,0.741,9404.5,6016.0,Minyak gondorukem,1164046186
20115,39,13,0.088,0.209,861.3,382.1,Gorong-gorong,253441079
20116,27,9,0.935,0.244,5873.7,1970.1,Bahan kimia dan barang kimia lainnya,2037921723
20117,16,1,0.797,0.037,6893.5,6893.5,Alkyl Benzene Sulphonate (ABS) / Alkyl Aril,123933666
20118,80,30,0.394,0.791,5830.9,5017.7,KG,12736217607
20119,52,19,0.853,0.883,3539.1,2089.3,Methanol,11820394880
20121,51,17,0.45,0.716,197.6,1812.1,Pupuk alam/non sintetis lainnya,781308834
20122,19,8,0.848,0.132,10108.9,5822.3,Pestisida lainnya untuk pertanian,1800429123
20123,19,6,0.049,0.58,1677.2,1668.8,Dioctyl phtalate (DOP),462028047
20129,14,7,0.961,0.569,1759.0,795.7,Pupuk campuran,241067281
20131,60,23,0.589,0.683,83.3,4450.4,Damar buatan lainnya,4672159578
20132,14,2,0.152,0.131,140646.2,17557558.2,Karet buatan lainnya,74241773
20211,24,8,0.758,0.09,42774.3,145903.0,Nitro lainnya,109900136
20212,49,19,0.501,0.239,18320.9,11800.0,Pestisida lainnya,1177291457
20221,181,69,0.706,0.68,3965.4,20359.2,Cat lainnya,6829989245
20222,16,7,0.515,0.364,2992.4,1885.4,Arang tempurung kelapa,7176684
20223,15,8,0.384,0.684,21197.4,23239.7,Karbon dioksida (termasuk dry ice/es kering),10226571
20231,91,29,0.866,0.818,9.9,4.2,Deterjen cair untuk keperluan rumah tangga,26346832898
20232,99,30,0.352,0.198,27027.3,57763.7,Sediaan rias mata lainnya,398226301
20291,36,19,,0.952,10699.1,40517.2,Bahan kimia khusus lainnya,1244779482
20292,8,2,1.0,0.05,1992.8,1011.1,Bahan peledak lainnya,41062420
20293,17,10,0.131,0.737,1507.9,650.0,Pupuk campuran,18670573
20294,58,13,0.44,0.47,3061.1,129054.9,Minyak dari biji/buah lainnya,306981121
20299,42,16,0.96,0.046,16636.5,11533.0,Peralatan listrik lainnya yang tidak termasuk di,134465173
20302,8,3,0.659,0.997,246715.5,343836.1,Polyester,4905389911
21011,17,1,0.493,0.001,65154.3,65154.3,Analgetika/antipyretika paracetamol dan,965522
21012,219,70,0.743,0.149,1817.0,30427.0,Obat antifungal dalam bentuk salep,2519898048
21021,8,6,0.544,0.35,20009.3,18661.4,Simplisia akar tanaman (radix) lainnya,25742036
21022,53,8,0.205,0.064,4333.8,1864.6,Damar buatan lainnya,20744786
22111,16,1,0.497,0.0,1549.4,1549.4,Karet compound,10667737
22112,15,2,0.969,0.141,6509.5,30000.0,Ban luar yang ditelapaki lagi lainnya,66626628
22121,27,20,0.961,0.782,0.2,28077.8,SIR 20,4963063836
22122,25,14,0.339,0.695,394.1,14590.0,"Skim, lembaran",905533264
22123,45,18,0.24,0.626,22951.9,21398.7,Crumb rubber lainnya,12803970099
22191,22,7,0.564,0.077,12441.9,7222.9,Jasa penunjang industri barangbarang dari karet,85729778
22192,24,7,0.791,0.15,55951.1,162280.1,Barang-barang karet lainnya,359847552
22199,46,12,0.83,0.083,22534.5,31681.8,Barang-barang karet lainnya,464258527
22210,66,6,0.864,0.073,13619.5,37466.2,Karung plastik,72946833
22220,131,29,0.672,0.547,7101.0,8324.6,Kantong plastik,10336464964
22230,38,10,0.988,0.437,14244.2,10321.8,Pipa PVC,1182566012
22291,59,19,0.835,0.106,2834.6,15124.3,Plastik lembaran lainnya,1146073706
22292,98,10,0.96,0.012,396.9,109.5,Kemasan untuk minuman,25405304
22293,45,2,0.731,0.146,71022.3,85629.7,Barang-barang dari plastik lainnya,649561907
22299,140,27,0.981,0.208,18814.6,18115.7,Barang-barang dari plastik lainnya,1387452791
23112,8,1,0.729,0.0,42725.6,42725.6,Kaca pengaman untuk kendaraan bermotor di darat Safety glass for land ,258447
23119,9,2,1.0,0.151,152035.8,105271.1,Kaca pengaman untuk kendaraan bermotor di darat Safety glass for land ,4167150
23121,10,2,0.395,0.558,6263.7,7170.8,Gelas minum tak berwarna dari kaca,268425484
23123,5,2,0.545,0.984,8652.3,8656.1,Botol dengan kapasitas >1000 cc,883949746
23129,4,1,0.162,0.64,17294.9,17294.9,Aquarium dan sejenisnya,67679359
23911,20,7,0.484,0.454,9605.0,8410.8,Bata tahan api lainnya,50525946
23921,14,1,0.607,0.007,14729.4,14729.4,Sabun mandi padat,1200022
23922,96,38,0.707,0.077,123.1,8329.9,Genteng lainnya dari tanah liat,47631896
23923,13,3,0.011,0.001,85115.3,82308.4,Nitrogen (zat lemas),327694
23929,49,7,0.703,0.055,10717.2,11776.9,Ubin dinding dari porselin,595865867
23931,11,2,0.22,0.004,114801.3,384407.5,Obat untuk hewan mengandung vitamin,1080051
23932,24,2,0.105,0.027,2890.9,3139.6,Natrium silikat (water glass),494494
23939,10,2,0.97,0.171,49339.7,35810.5,Macam-macam jamu/obat tradisional lainnya,17853135
23941,23,1,0.676,0.03,651533.8,651533.8,Klingker,396550839
23942,59,15,0.912,0.302,756.3,887.7,Kapur tembok,110690609
23943,14,1,0.486,0.001,105378.8,105378.8,Bahan kimia khusus lainnya,656510
23951,45,11,0.397,0.262,78067.1,89573.1,Alkyl Benzene,26270519
23952,18,3,0.142,0.335,12255.5,8989.3,Minyak gondorukem,7218150
23953,109,19,0.444,0.114,5884.0,44515.0,Zat warna/pigment lainnya,343768928
23955,31,10,0.892,0.241,10013.7,35276.1,Perekat lainnya,396501438
23957,30,3,0.294,0.001,193.0,170.0,Kapur tohor,899463
23959,17,2,0.979,0.024,366.9,348.1,Kapur tohor,13669445
23961,7,1,0.369,0.001,194.0,194.0,Abu batu,38379
23962,45,5,0.845,0.015,19272.4,102504.5,Dusting powder,53794850
23963,71,17,0.91,0.029,1900.2,13196.7,Abu batu,38718773
23969,43,9,0.858,0.25,476.0,33707.5,Perekat lainnya,39314781
23990,58,15,0.755,0.158,1246.3,1682.9,Perekat lainnya,69905494
24101,53,28,0.739,0.377,7113.8,4193.2,Billet baja paduan lainnya,8575639759
24102,31,16,0.457,0.677,8491.6,67192.2,Baja profil paduan,6975994626
24103,42,24,0.774,0.384,8728.6,7971.1,"Buluh, pipa dan bentuk berongga dari besi tuang",2744736505
24201,13,9,0.96,0.87,229.4,148.8,Ingot aluminium dan paduannya,5724918171
24202,31,22,0.797,0.591,61329.4,195134.1,Ingot timah putih/tin,11193847973
24203,13,7,0.956,0.089,25946.1,15104.3,Hasil ikutan/sisa industri pengecoran besi dan baja By product of iron,275830936
24204,5,3,1.0,0.309,23353.7,45854.0,Bahan konstruksi dari logam aluminium lainnya,192109852
24205,15,5,0.995,0.304,101483.3,208653.0,Pipa alumunium,395441208
24242,41,13,0.474,0.515,4991.6,22821.1,Perekat dari damar sintetis thermoset lainnya,1454732622
24310,17,11,0.457,0.853,28447.0,81285.9,Profil lainnya,796455214
24320,12,7,0.313,0.839,19794.0,22000.2,Perlengkapan mesin pengolah/pengerjaan untuk,500896664
25111,85,13,0.641,0.21,16122.6,266418.7,Barang logam bukan aluminium siap pasang lainnya,858329748
25112,89,20,0.699,0.301,43740.8,24000.0,Kaleng kemas lainnya,4570336334
25113,33,13,0.508,0.882,2221.8,5569.8,Bahan konstruksi lainnya dari baja,7246088522
25119,20,9,0.609,0.913,2726.2,8899.9,Bahan konstruksi lainnya dari baja,461031304
25120,26,5,0.78,0.464,17829.0,17977.2,Wadah lainnya dari logam,668765797
25130,4,1,0.981,0.002,32738.5,32738.5,Wadah lainnya dari logam,270715
25910,45,8,0.619,0.477,143692.9,23500554.5,Bar timah putih,1060804206
25920,37,12,0.685,0.351,5997.0,4274.8,Hasil ikutan/ sisa jasa pelapis an terhadap logam dan By product,497800024
25931,18,1,1.0,0.014,331078.8,331078.8,Wadah lainnya dari logam,1962966
25932,11,1,0.379,0.12,123369.9,123369.9,Siku-siku,1797129
25934,60,5,0.218,0.067,12958.5,1829133.7,Pelapisan barang-barang dari lo gam,86383025
25940,41,4,0.461,0.099,57631.3,214150.1,Magnet wire and cable (kabel elektronik),476219566
25951,30,18,0.79,0.807,26871.7,44400.0,Kawat las,10568247788
25952,56,19,0.617,0.657,14366.7,174799.6,Baut dan mur dari besi atau baja,2986603486
25992,113,6,0.537,0.032,31781.7,32054.0,Alat dapur dari aluminium lainnya,22576198
25993,48,5,0.837,0.031,49304.0,51602.7,Piring segala jenis dari plastik,39565967
25995,16,2,0.958,0.046,3500.6,2832.1,Kantong plastik,4669585
25999,80,6,0.713,0.021,28451.3,17770.1,Komponen kendaraan bermotor,56976412
26120,48,1,0.594,0.01,10000.0,10000.0,Komponen elektronika,34461310
26310,22,1,0.912,0.0,39487.4,39487.4,"Paku, baut, mur dan sejenisnya dari logam lainnya Nails, bolts and nut",198266
26792,5,3,0.477,0.163,12422.8,7453.1,"Komponen dan peralatan mesin fotocopy, electronic Component for photo-",54290735
26800,11,3,0.963,0.563,10799.3,8885.7,Film adaptors and transports,95890086
27120,34,2,0.749,0.009,59000.0,56000.0,Tuangan kuningan,21240000
27310,67,9,0.846,0.205,32745.6,190532.1,Kabel tanah tegangan tinggi berisolasi PVC,2766639962
27320,37,11,0.991,0.081,270.6,145152.3,NYA,735594161
27401,23,1,0.721,0.359,230533.8,230533.8,Lampu pijar lainnya,479175546
27510,14,1,0.159,0.011,1315.5,1315.5,Batang dan batang kecil baja stainless,20404131
27530,11,3,0.819,0.012,19636.2,16537.4,Sumbu kompor,3064404
28113,60,6,0.751,0.016,8904.0,8000.0,Lembaran dan pelat baja dilapisi bahan pelapis,92671203
28140,18,3,1397.359,0.007,225736.1,550282.6,Komponen dan suku cadang transmisi mekanik,26564177
28192,9,4,0.774,0.189,10788.3,12161.8,"Perlengkapan dan peralatan pengukuran, pengatur",9800500
28193,24,2,0.641,0.038,598594.3,546058.2,Peralatan rumah tangga lainnya yang menggunakan,25373812
28262,1,1,0.005,1.0,17500000.0,17500000.0,Drum,70000
28264,1,1,0.191,1.0,11000.1,11000.1,Komponen mesin konpeksi,437464
28291,1,1,0.237,1.0,1258022.7,1258022.7,Cylinder head,17481483
29300,112,9,0.831,0.022,44933.4,142363.8,Sepatu rem,1593944512
30111,26,1,0.638,0.005,2679.4,2679.4,Barang-barang dari plastik lainnya,30721944
30912,101,5,0.54,0.018,22241.3,29275.7,Komponen dan perlengkapan engine lainnya untuk,204701335
30922,30,1,0.775,0.002,7633.7,7633.7,Komponen sepeda biasa/becak lainnya,135734
31001,283,5,0.911,0.004,15475.3,23044.8,Rak logam untuk display,48138761
31002,89,2,0.902,0.002,2343.9,2307.6,Hati rotan,6611800
31009,37,1,0.57,0.014,14494.4,14494.4,Kapuk halus,4890243
32112,48,7,0.634,0.058,3489944.3,3701573.6,Batang (rod) perak dan paduannya,102653222
32201,14,1,0.992,0.006,6245.0,6245.0,Barang-barang dari karet untuk keperluan rumah,167921
32401,11,1,0.461,0.003,6492.5,6492.5,Benang celup rangkap mengandung serat stapel,44870
32402,42,1,0.652,0.004,33809.7,33809.7,Mainan anak-anak lainnya,6249485
32903,91,1,0.92,0.002,1500.0,1500.0,Sabut kelapa,960000
32909,82,7,0.818,0.055,8421.9,10215.7,Karbon aktif (Activated Carbon),158171139
