kbli,n_item,n_item_impor_kg,nilai_bb_terbit_000rp,nilai_bb_impor_000rp,pangsa_impor,Pm_rp_per_kg,Pinput_rp_per_kg,jumlah_total_terbit_000rp,cakupan
10110,3,0,4755046,0,0.0,,32702.1,4755046,1.0
10120,2,0,138454604,0,0.0,,,138454604,1.0
10130,61,15,620362365,40422374,0.0652,4679.9,7857.1,820658539,0.756
10211,30,2,208796639,5057,0.0,21987.0,14105.5,208796639,1.0
10212,9,0,179608190,0,0.0,,13560.0,,
10213,57,7,4498402192,18049791,0.004,13450.2,7763.8,7863366389,0.572
10214,18,11,272656732,13296967,0.0488,112.6,1758.5,364640811,0.748
10217,8,8,3142916,52817,0.0168,4792.8,12486.3,9824978,0.32
10218,2,0,18964804,0,0.0,,33500.0,27812178,0.682
10219,37,8,1271509478,20765487,0.0163,0.2,5.9,1670135294,0.761
10221,34,19,2086262486,545887215,0.2617,1997.3,3054.3,,
10222,11,0,604672594,0,0.0,,42401.7,,
10291,17,4,173964261,336722,0.0019,0.8,5835.1,,
10293,41,13,4119599686,6346685,0.0015,5.4,22581.8,5661455512,0.728
10299,23,1,133604841,1122572,0.0084,2268.9,4341.2,267011839,0.5
10311,7,0,2753583,0,0.0,,9998.6,13988705,0.197
10312,20,7,68871866,366161,0.0053,0.5,9470.9,412795402,0.167
10313,9,0,231595866,0,0.0,,21709.2,409601570,0.565
10314,2,0,172950993,0,0.0,,962657.2,193207596,0.895
10320,9,1,51305518,47453799,0.9249,1000.0,1028.4,1026241692,0.05
10330,9,6,4536095,405821,0.0895,7897.4,20709.8,16466132,0.275
10391,2,0,2704500,0,0.0,,20033.3,10094808,0.268
10392,51,13,772522852,758012553,0.9812,53.0,2210.6,775032452,0.997
10399,11,3,1705685,39109,0.0229,112.4,9.8,15777223,0.108
10411,13,1,1275297958,9061437,0.0071,4549.5,5669.5,13474107177,0.095
10421,7,0,92346862,0,0.0,,4165.6,106154586,0.87
10422,12,0,2058940497,0,0.0,,3885.8,2987654451,0.689
10423,36,0,5648598045,0,0.0,,3533.9,6051219457,0.933
10424,7,2,334345004,1313573,0.0039,366.5,1559.8,864204772,0.387
10431,90,5,201745787212,214362430,0.0011,176597.6,210.0,205311022268,0.983
10432,30,3,35427250450,75389994,0.0021,2121.1,5400.9,48486648193,0.731
10490,5,0,1582862208,0,0.0,,1215.5,3841935620,0.412
10510,14,4,290780476,10425541,0.0359,1110.4,2886.2,,
10520,18,12,1967960779,1290185251,0.6556,1678.1,1877.6,5473781354,0.36
10531,31,9,86980713,605096,0.007,15.1,790.1,358790528,0.242
10532,4,0,579039,0,0.0,,663.0,1457714,0.397
10611,7,0,532127329,0,0.0,,7257.7,650847695,0.818
10612,15,1,3132523703,3803755,0.0012,124050.3,21695.5,4575031983,0.685
10613,9,0,277997266,0,0.0,,14066.3,8936821513,0.031
10614,21,0,812273303,0,0.0,,24594.2,1525668882,0.532
10615,6,0,10634096,0,0.0,,2422.4,24721231,0.43
10616,4,0,21160000,0,0.0,,2516923.1,21160000,1.0
10617,6,5,5181480506,5177823534,0.9993,1000.0,1000.0,17092136589,0.303
10618,19,0,127340961,0,0.0,,5321.4,3024925336,0.042
10621,29,0,986798305,0,0.0,,342.4,,
10622,11,1,53813068,135,0.0,0.0,2034.8,,
10623,5,3,1162428106,582433313,0.501,1462.8,1729.0,,
10629,7,1,4457669,5306594,1.1904,0.6,628.0,,
10631,33,0,5063101298,0,0.0,,2557.9,6177914547,0.82
10632,5,0,266830746,0,0.0,,1364.9,413523467,0.645
10633,10,2,148712228,80439937,0.5409,1000.0,1480.0,171292943,0.868
10710,283,40,3929549119,151947721,0.0387,2398.1,770.0,,
10721,56,10,8756019326,1073193230,0.1226,1561.4,249.8,11186414595,0.783
10722,14,0,10441443,0,0.0,,503.1,14876135,0.702
10723,24,11,330208244,18701256,0.0566,1952.0,12982.2,805137886,0.41
10729,2,2,14491226,63233,0.0044,4668.7,5224.8,70487597,0.206
10731,11,6,383220842,8002781,0.0209,240.8,2665.2,655956288,0.584
10732,59,28,1052346935,150053214,0.1426,2465.1,4392.6,1864876786,0.564
10739,12,2,80216446,37855,0.0005,7503.5,4736.5,87533657,0.916
10740,113,14,3747452564,15083158,0.004,21422.6,2729.6,4694350781,0.798
10750,71,13,1053171721,28176597,0.0268,2530.3,1875.1,1993308459,0.528
10761,73,5,4136261196,71094036,0.0172,2144.3,5043.6,8590536366,0.481
10771,97,31,1799594997,116453088,0.0647,3667.5,3496.6,,
10772,74,14,1347708324,6403605,0.0048,4.7,2548.1,3078636074,0.438
10773,11,3,179029688,864705,0.0048,3430.1,6326.4,867318064,0.206
10774,25,5,645571207,359639802,0.5571,480.9,653.0,,
10779,16,7,18885885,2146724,0.1137,1.8,1353.9,,
10792,93,1,100030290,163830,0.0016,6668894.7,9060.3,164998440,0.606
10793,62,15,643321402,83704499,0.1301,4379.5,8503.1,1282269803,0.502
10794,256,26,1279403306,2220486,0.0017,1.8,1168.9,2002536690,0.639
10799,78,8,87339917,6870,0.0001,0.0,2050.0,268108955,0.326
10801,130,33,33881272275,11554029467,0.341,2435.7,3671.4,39134573304,0.866
10802,47,20,4429064275,2233919101,0.5044,2439.6,267.2,5535361196,0.8
11010,24,5,84970454,19358667,0.2278,234.5,178.7,322422574,0.264
11020,3,0,690475,0,0.0,,8567.5,28509118,0.024
11040,113,21,1846191346,80340389,0.0435,1133.3,1639.9,,
11050,69,5,525587368,8319544,0.0158,9.6,74.5,,
11090,15,1,19225308,816022,0.0424,0.2,11488.5,,
12011,129,14,27227885716,1785380257,0.0656,2541.6,1916.6,43925838403,0.62
12012,18,4,4610796252,1349355271,0.2927,1093.4,209039.8,11696713848,0.394
12019,9,0,2607692,0,0.0,,621.2,163000455,0.016
12091,62,8,2196189060,246044497,0.112,4139.7,5113.5,7987230065,0.275
12099,19,0,122525953,59209985,0.4832,,4094.0,151036379,0.811
13111,22,9,2227121359,991937179,0.4454,1646.2,2133.2,2410521691,0.924
13112,96,47,19615659951,9045362979,0.4611,1633.0,2148.6,23687374418,0.828
13113,29,14,2911423480,1315717911,0.4519,898.7,213.9,3950390750,0.737
13121,249,40,7209305882,1223296192,0.1697,2447.1,5344.1,9653866904,0.747
13122,66,3,52299812,57679,0.0011,0.2,70147.9,136882760,0.382
13131,43,17,2065419882,798712283,0.3867,1343.3,2943.2,,
13132,120,12,9722473098,2817574617,0.2898,1482.7,2220.2,,
13133,73,5,4743560521,262784978,0.0554,1350.0,10702.3,9690446207,0.49
13134,205,11,444059574,10794748,0.0243,3147.4,5213.6,537665723,0.826
13911,70,10,1621893621,295417592,0.1821,4979.9,6707.2,2745589306,0.591
13912,74,2,65375029,10176402,0.1557,1514.6,3287.7,93286221,0.701
13921,163,8,3083139301,1546097152,0.5015,1375.4,1456.4,4007884264,0.769
13922,44,0,35859386,133233,0.0037,,,56831254,0.631
13923,44,0,94924597,0,0.0,,8640.5,158495531,0.599
13924,29,2,7622587,1856707,0.2436,10567.9,13500.7,54795764,0.139
13929,37,2,683456713,336253405,0.492,1574110.7,122038.0,1102785194,0.62
13930,32,5,343744646,180709521,0.5257,2485.5,2829.3,632732139,0.543
13941,40,6,161689902,5823474,0.036,7708.8,12402.5,225875289,0.716
13942,33,10,84877796,14857176,0.175,2386.5,6725.7,343452130,0.247
13991,31,10,491030280,300778208,0.6125,1566.0,2425.9,941569446,0.522
13992,12,0,99619023,22245600,0.2233,,33524.7,223187154,0.446
13993,6,0,48883156,0,0.0,,4587.2,106828739,0.458
13997,18,0,92964293,0,0.0,,1746.6,182134645,0.51
13999,15,1,85569992,304700,0.0036,4038.0,6327.8,796983435,0.107
14111,735,28,8672521207,6158102292,0.7101,524.8,1942.0,14064879340,0.617
14112,48,2,11391655,35310,0.0031,607.1,33429.0,22850883,0.499
14120,22,0,1104498,0,0.0,,,12252040,0.09
14131,180,5,934220769,387358667,0.4146,546.2,7931.6,2604382398,0.359
14132,66,1,471812121,193718755,0.4106,83673.6,37370.5,505513251,0.933
14301,120,5,2337371979,584245342,0.25,1011.8,1493.1,3121139327,0.749
14302,102,0,43523448,83685,0.0019,,18886.0,57406483,0.758
14303,67,8,258309261,47685107,0.1846,10875.5,250.8,342039070,0.755
15111,20,1,831456329,5031760,0.0061,93828.9,52422.4,1011267639,0.822
15112,49,5,1080351935,11837651,0.011,2916.3,58657.2,1566425889,0.69
15114,11,5,107128367,25548148,0.2385,1402.1,5301.5,145158254,0.738
15121,153,5,681722126,103761807,0.1522,226.6,2475.8,1223811584,0.557
15122,1,0,851706,0,0.0,,,15093889,0.056
15129,18,0,5254813,28695,0.0055,,10643.6,20894778,0.251
15201,321,26,9224049678,3141865266,0.3406,1535.3,2643.8,16745102130,0.551
15202,96,10,6922473759,4742395020,0.6851,2331.1,3814.3,11945840290,0.579
15203,39,0,751358476,0,0.0,,34055.2,1029841708,0.73
15209,61,0,76025904,22248816,0.2926,,54939.1,157967434,0.481
16101,64,2,881858826,12833897,0.0146,1791.7,121353.9,2315796056,0.381
16102,6,0,60258397,0,0.0,,293304.7,283039129,0.213
16103,8,0,12387008,0,0.0,,5278.3,39874530,0.311
16104,29,0,10765059,0,0.0,,2169.7,26609867,0.405
16211,78,4,4219155294,7250770,0.0017,2687.2,57031.7,7113094253,0.593
16212,70,5,2825100463,1135436,0.0004,2102.5,4914.3,4416467333,0.64
16213,31,2,4462703531,42384041,0.0095,3777.0,109895.4,7475641066,0.597
16214,16,0,469919015,0,0.0,,7437.1,656142968,0.716
16221,148,14,1054852906,70550812,0.0669,1646.0,2104.6,1813072172,0.582
16222,14,0,176201428,4134612,0.0235,,2625.4,189357512,0.931
16230,18,2,69857953,1002089,0.0143,2.1,14.7,217542205,0.321
16291,76,1,208066317,272528,0.0013,342.5,3231.0,,
16292,38,0,7543732,0,0.0,,371.6,,
16293,116,2,137977857,35278395,0.2557,0.0,10440.7,288559620,0.478
16294,34,4,42987792,2155525,0.0501,4210.2,526.0,102315296,0.42
16295,16,1,21584249,3759362,0.1742,2449.6,4879.9,32458351,0.665
16299,62,3,61694905,990930,0.0161,20226.2,7671.0,168876546,0.365
17011,13,1,8734673656,280866,0.0,1000.0,13157.9,,
17012,55,10,20499324004,1294477139526,63.1473,1833.0,6294.3,21710636957,0.944
17014,21,5,487777484,70590828,0.1447,5119.2,7605.8,1273220319,0.383
17019,37,5,84318065,7124939,0.0845,1169.1,41.2,110709669,0.762
17021,31,5,494231899,270045401,0.5464,1055.5,960.4,1542637008,0.32
17022,217,25,5936852027,916414114,0.1544,76.0,35.9,9991307625,0.594
17091,19,1,892286627,471866388,0.5288,251.4,3334.7,,
17099,99,16,2327001728,103517374,0.0445,130.0,307.2,3078633358,0.756
18111,214,11,3663059470,272213681,0.0743,58917.0,540.7,7165498251,0.511
18112,10,0,85481522,0,0.0,,166795.1,813209796,0.105
18120,76,6,140441703,3604404,0.0257,6233.6,2633.4,245177812,0.573
18201,1,0,268034,0,0.0,,,5386927,0.05
19100,7,0,24846217,0,0.0,,484.2,29282654,0.848
19211,2,0,9689000,0,0.0,,,55319975,0.175
19212,2,0,10303489,0,0.0,,,127950683,0.081
19213,6,1,1056726220,4462884,0.0042,3206.9,19228.4,1625263973,0.65
19291,25,3,456804411,61817640,0.1353,3712.0,4060.6,,
20111,28,11,13321336830,1944553147,0.146,1789.4,2169.0,35790557053,0.372
20112,36,9,3469064858,193574147,0.0558,12465.3,2105.6,7139179510,0.486
20113,21,10,225170931,87934390,0.3905,1409.5,1876.6,,
20114,22,6,216187469,18361332,0.0849,0.9,874.7,962033043,0.225
20115,46,14,459496767,149911388,0.3263,1691.9,2673.6,,
20116,11,7,4588363225,1178861472,0.2569,164.9,16560.6,7402571759,0.62
20117,5,3,101263388,1297399,0.0128,7159.0,8182.7,1747453614,0.058
20118,72,35,17272993766,10436145083,0.6042,5085.3,5065.9,25496677936,0.677
20119,25,5,1690926794,329174036,0.1947,1793.4,1908.4,4839761038,0.349
20121,44,7,422270364,6660805,0.0158,449.6,253.8,,
20122,23,0,6663695028,3992523,0.0006,,27334.1,8161217486,0.817
20123,20,0,2444264554,2042539120,0.8356,,56509.2,11044348645,0.221
20129,14,0,140067482,0,0.0,,969.1,348536525,0.402
20131,36,7,946808407,368716733,0.3894,2338.5,3952.9,8451066451,0.112
20132,5,0,93175452,48589785,0.5215,,18583.4,3026042560,0.031
20211,6,4,4133581,629992,0.1524,100.9,184.8,88070016,0.047
20212,56,11,2194565949,706648893,0.322,414.4,656.2,6095777900,0.36
20221,114,27,4686442354,788962156,0.1683,72.4,52.9,8600936693,0.545
20222,15,10,10351379,4688262,0.4529,0.5,0.2,,
20223,15,0,17935797,1417199,0.079,,,,
20231,71,24,11135053859,2070001760,0.1859,1276.6,10363.7,26540627167,0.42
20232,88,31,585302093,122410993,0.2091,229.1,406.1,1747485268,0.335
20291,68,42,1343115103,242441923,0.1805,581.5,1186.7,3235404166,0.415
20292,15,4,47401127,3118818,0.0658,1299.4,1325.4,401415022,0.118
20293,19,2,50626924,9302420,0.1837,1190.1,83.6,129447562,0.391
20294,28,11,154092051,381122189,2.4733,218.3,4.5,646830681,0.238
20295,23,15,80860376,25483568,0.3152,132.8,328.4,114331232,0.707
20299,61,16,82057686,16516444,0.2013,172.2,586.6,1063462612,0.077
20301,1,0,6291316,0,0.0,,523.4,110168961,0.057
20302,2,0,83307232,0,0.0,,,4506987896,0.018
21011,21,6,47656808,15598540,0.3273,35342.5,5631.8,948797480,0.05
21012,189,73,3823910943,2115702458,0.5533,43.8,91.2,8717506138,0.439
21016,19,1,1769576883,607447813,0.3433,2488.1,2167.7,4325865613,0.409
21021,11,0,66717293,0,0.0,,22322.0,72451578,0.921
21022,105,7,62674143,642243,0.0102,1.2,1430.4,504591777,0.124
22111,26,19,24422464500,4756547909,0.1948,130.3,72.2,40223619639,0.607
22112,34,5,141815289,21891750,0.1544,5802.1,5630.8,,
22121,44,0,2131777143,0,0.0,,23260.6,4119683446,0.517
22122,38,10,241778657,2364922,0.0098,220.1,483.7,1450177338,0.167
22123,145,21,35462104713,234071491,0.0066,1925.2,12826.0,64787131328,0.547
22191,32,6,726566786,121548193,0.1673,1172.9,3573.5,1083524811,0.671
22192,37,16,475937057,215372000,0.4525,1204.0,1471.9,1449610336,0.328
22199,67,28,2783237436,1129346994,0.4058,118.6,3236.6,,
22210,46,6,214907757,69705870,0.3244,1580.5,2825.1,709792390,0.303
22220,75,15,4198823363,878131105,0.2091,2056.0,4853.7,,
22230,34,3,667351028,20461918,0.0307,13823.7,988.1,1849096500,0.361
22291,52,11,4827572701,1544484643,0.3199,3074.6,3927.8,,
22292,93,15,539324330,150839137,0.2797,11.9,32.8,1310720756,0.411
22293,49,15,929019358,446579290,0.4807,1014.3,1640.4,2985347556,0.311
22299,134,21,2893383247,1641850999,0.5675,1254.3,2407.2,,
23111,17,3,840211999,990655093,1.1791,1041.4,479.7,1048361883,0.801
23112,3,0,29014623,0,0.0,,,441551457,0.066
23119,4,0,3009208,0,0.0,,,14738760,0.204
23121,31,9,344449937,293724873,0.8527,1120.5,1013.3,505912635,0.681
23122,3,1,199533,6889,0.0345,9185.3,8984.0,11049551,0.018
23123,13,5,344347612,216756829,0.6295,979.8,979.8,1095320268,0.314
23129,15,1,49385477,19505555,0.395,1003.1,1021.1,176977258,0.279
23911,21,10,52697213,23852171,0.4526,873.6,901.7,124144929,0.424
23921,46,1,59041091,16125633,0.2731,4.5,4.4,,
23922,119,10,129885840,3702378,0.0285,5.1,187.6,,
23923,25,8,2585141180,71763054,0.0278,26.5,19035.8,8432259663,0.307
23929,54,9,2187293137,445320429,0.2036,777.6,287.1,3213674217,0.681
23931,23,9,172513135,54180429,0.3141,753.9,794.7,332374384,0.519
23932,54,6,17179027,7055868,0.4107,347.7,529.2,27504659,0.625
23939,19,1,5251437,1481,0.0003,162.2,823.9,45159326,0.116
23941,30,1,3070788325,204435616,0.0666,9377.7,296.9,3668289541,0.837
23942,19,0,81341931,0,0.0,,45.6,145487565,0.559
23943,13,1,874510093,121618,0.0001,1000.0,1000.0,1840586191,0.475
23951,43,3,64497597,3071439,0.0476,21260.9,14789.0,,
23952,14,0,6297323,0,0.0,,8.9,66079933,0.095
23953,121,13,2703953305,209022665,0.0773,1060.8,1345.7,,
23955,30,15,926600072,811357327,0.8756,230.1,610.2,,
23957,43,0,1574116644,614774329,0.3906,,166.0,2187331610,0.72
23959,26,2,256586973,180224846,0.7024,1349.5,1124.5,442386125,0.58
23961,5,0,13575964,0,0.0,,,28432524,0.477
23962,38,4,879692387,139785223,0.1589,100926.0,9718.9,1519984742,0.579
23963,50,1,561965401,9085948,0.0162,77.0,1.5,622559700,0.903
23969,18,0,32238433,0,0.0,,5.1,79464783,0.406
23990,46,8,124533328,3668305,0.0295,69.0,135.8,213774422,0.583
24101,91,27,15223193055,9605133833,0.631,289.2,686.8,20439133968,0.745
24102,36,15,11647901487,8546098955,0.7337,1054.4,1192.2,15300587380,0.761
24103,29,7,1867248983,201423926,0.1079,1005.5,1313.9,,
24131,101,14,8039453577,1358070731,0.1689,1022.8,2290.8,19153505625,0.42
24201,30,13,1096600046,495699722,0.452,165.9,1146.4,,
24202,33,13,11422872851,1117739710,0.0979,1134.1,23578.9,19077650441,0.599
24203,18,2,737080468,223291891,0.3029,58572.7,144193.4,1973592435,0.373
24204,5,3,26465589,4044126,0.1528,5102.1,10974.7,383828092,0.069
24205,19,1,632678644,487021415,0.7698,232813.7,12129.7,895611971,0.706
24310,20,1,1179530192,27646531,0.0234,333291.1,59964.7,2065524869,0.571
24320,31,15,35927157,10647533,0.2964,1463.8,2927.0,451120621,0.08
25111,115,10,1594579405,1218020525,0.7639,1004.7,1049.3,3665245244,0.435
25112,64,13,11219594908,4040835829,0.3602,1008.4,1557.3,14517594008,0.773
25113,47,11,1564776711,37710471,0.0241,3719.8,25337.8,7331380185,0.213
25119,20,2,376828550,74359584,0.1973,2004.4,2110.4,439392769,0.858
25120,35,3,253751506,51877326,0.2044,1269.7,11.0,628819685,0.404
25130,6,0,15497969,0,0.0,,,64117139,0.242
25910,53,13,792828227,545478414,0.688,1013.8,1192.3,1698140381,0.467
25920,73,14,406257861,133841566,0.3294,1012.8,11.0,1035539775,0.392
25931,19,8,30448705,10411622,0.3419,775.2,670.4,,
25932,24,7,13592136,5002922,0.3681,1085.5,1490.4,22536832,0.603
25933,27,5,244719664,53480246,0.2185,45834.3,7066.8,351073633,0.697
25934,59,14,671269921,178314497,0.2656,3889.2,8790.3,1753652278,0.383
25940,71,19,2230799259,308090734,0.1381,2274.3,5202.6,7149642155,0.312
25951,43,16,5151927856,2711960972,0.5264,6702.6,4265.3,13551300932,0.38
25952,45,6,2044771261,381266768,0.1865,784.6,703.8,4310480493,0.474
25991,36,1,36876668,1556500,0.0422,2000.0,2324.0,77922328,0.473
25992,92,5,305263095,36582442,0.1198,31.3,1884.3,692948378,0.441
25993,42,1,144232943,5207931,0.0361,1355.0,12379.4,751506432,0.192
25995,22,3,8965150,507845,0.0566,1288.2,2165.3,65383997,0.137
25999,108,10,725080907,19402431,0.0268,1009.1,2138.9,2115346628,0.343
26110,124,24,1514202025,685509649,0.4527,1262.0,1303.2,5464560433,0.277
26120,60,20,809599424,432869812,0.5347,1018.0,1263.4,2835852484,0.285
26210,1,0,16787117,0,0.0,,,16787117,1.0
26310,18,4,212263502,5929238,0.0279,2896.5,8058.9,289254547,0.734
26390,12,0,17993463,0,0.0,,8315.0,40342046,0.446
26410,28,4,945083934,342088304,0.362,6237.2,7046.3,5113249503,0.185
26420,47,5,140239170,66448474,0.4738,2767.2,12772.5,504709375,0.278
26511,7,1,46639971,3337928,0.0716,1000.0,1000.0,66907749,0.697
26512,2,0,2392530,67233,0.0281,,154968.1,62608601,0.038
26520,33,6,12992808,2855794,0.2198,1313.3,3765.0,19123961,0.679
26602,15,0,2674424,850271,0.3179,,82788.0,30063274,0.089
26792,3,1,194680743,19505061,0.1002,1000.0,1000.0,222660618,0.874
26800,5,0,10317615,3778782,0.3662,,,32303347,0.319
27112,15,0,34600713,10729943,0.3101,,9451.3,45393903,0.762
27113,57,12,2403558549,403277441,0.1678,1202.4,1602.0,9314436706,0.258
27120,123,7,668390404,255001731,0.3815,211.9,172.6,865622363,0.772
27201,24,14,1471548446,1122047477,0.7625,7.4,7.4,3315233418,0.444
27202,26,9,510446962,176012987,0.3448,234.3,471.9,1654565300,0.309
27310,69,20,5316303979,1661711328,0.3126,1235.4,2955.1,9852698656,0.54
27320,27,10,1298816812,514467542,0.3961,19960.3,22110.2,6335920950,0.205
27330,2,0,2415180,0,0.0,,,74460924,0.032
27401,29,2,80479798,28738158,0.3571,2045.9,422.6,,
27403,42,11,2574995066,1802537430,0.7,1067.0,361.1,3424368560,0.752
27409,16,5,64176003,21925845,0.3417,17633.7,15170.5,125282037,0.512
27510,34,7,2342673827,110252901,0.0471,2772.2,84604.9,5842076132,0.401
27520,32,9,51691852,22836616,0.4418,98.5,172.6,274399332,0.188
27530,36,5,84732313,551988,0.0065,1618.8,3249.3,123872467,0.684
27900,15,3,33537835,10578702,0.3154,1148.3,2828.9,162293528,0.207
28111,14,0,7893309,0,0.0,,55409.5,32938531,0.24
28112,5,0,11947396,3560604,0.298,,,224437788,0.053
28113,53,5,471857915,118486450,0.2511,6128.1,8234.1,1721470182,0.274
28120,15,5,702554969,560650477,0.798,48097.1,53106.6,980576547,0.716
28130,9,0,36481630,20030309,0.5491,,,707603555,0.052
28140,19,2,440162437,102439109,0.2327,1181.5,148.5,766800,574.025
28152,6,2,10441701,8090378,0.7748,1487.3,1688.5,,
28160,12,0,250436961,158240357,0.6319,,3575.4,870964877,0.288
28179,7,1,85852436,52618307,0.6129,1000.0,1000.0,478707909,0.179
28191,31,5,161400872,29207216,0.181,20287.0,23133.4,,
28192,14,0,6757410,0,0.0,,4514.7,41162234,0.164
28193,26,8,268127325,193825881,0.7229,1124.3,1884.1,802623836,0.334
28199,24,3,32513559,3050089,0.0938,2.8,2.9,266940677,0.122
28210,19,4,39320130,5801964,0.1476,3460.9,3870.5,330946162,0.119
28221,13,2,67749968,32875762,0.4853,1000.0,16850.1,1417208753,0.048
28240,9,0,4558387,0,0.0,,4260744.1,2074873341,0.002
28250,3,0,2247664,0,0.0,,86175.3,44516002,0.05
28262,4,0,931500,0,0.0,,996256.7,1448544,0.643
28263,16,4,6384908,190421,0.0298,4423.6,17131.1,12998448,0.491
28299,35,0,102290438,0,0.0,,2907.8,,
29100,22,4,17159741400,3172087539,0.1849,890.7,1465.3,25751311825,0.666
29200,115,4,530921751,6296850,0.0119,8434.4,14788.3,1254466327,0.423
29300,116,24,11200744296,7179682650,0.641,1131.0,1356.9,32927789189,0.34
30111,86,11,1653663629,279797281,0.1692,1358.8,1916.7,5876329410,0.281
30113,6,0,15026307,0,0.0,,479300.0,31727111,0.474
30911,9,0,2833207818,10366969,0.0037,,43292.8,18529247880,0.153
30912,104,27,3290354088,542412474,0.1648,2463.8,5657.7,9560265904,0.344
30921,13,3,26936687,3705726,0.1376,2367.4,5944.2,72134064,0.373
30922,23,2,7915876,3828826,0.4837,2853.7,1378.4,31490328,0.251
31001,672,26,4759351530,252926806,0.0531,680.2,414.7,,
31002,185,10,895468747,14861063,0.0166,23.4,11904.4,2482751542,0.361
31003,14,1,67538670,9991885,0.1479,447634.6,65119.1,119132652,0.567
31004,164,10,869240246,99462135,0.1144,1420.6,6887.8,1776211334,0.489
31009,104,3,102029937,3665184,0.0359,2097.6,884.5,,
32112,42,7,314333954,251837308,0.8012,158.4,1027.4,1293626717,0.243
32119,13,0,14729569,0,0.0,,166418.1,18524020,0.795
32201,16,0,5099424,0,0.0,,177699.0,9428151,0.541
32202,15,3,1908780,740974,0.3882,424.8,493.3,639733219,0.003
32300,103,20,197991316,99019318,0.5001,309.5,220.9,432074442,0.458
32401,15,0,1949663,0,0.0,,60137.9,10566232,0.185
32402,95,1,438000796,56219405,0.1284,1818.5,2521.2,1132334070,0.387
32502,10,1,11593085,5806662,0.5009,634.9,634.9,56559515,0.205
32503,13,6,8512494,7851606,0.9224,1068.3,1372.6,65509908,0.13
32509,6,0,15934756,2697518,0.1693,,18475.6,,
32901,40,6,316222697,97193382,0.3074,1022.5,2117.7,1292667122,0.245
32903,100,4,100602894,3403121,0.0338,2821.0,9059.3,193225542,0.521
32904,2,0,782400,0,0.0,,25000.0,17071043,0.046
32909,160,15,734913030,405353710,0.5516,2499.3,234.8,1244689234,0.59
33121,11,0,1278479,0,0.0,,,10183707,0.126
33131,2,0,570970,0,0.0,,,615970,0.927
33151,38,0,850078494,3439,0.0,,14890.4,,
33190,1,0,15900,0,0.0,,106000.0,,
