hs6,cif_usd,kg,Pm_usd_per_kg,Pm_rp_per_kg,isic3,isic4,bec1,intermediate
010210,74202660.0,24762862.0,2.99653,28127.32,0121,0141|0142|0144,4,0
010290,211708905.0,76647628.0,2.762106,25926.87,0121,0141|0142|0144,1,0
010310,15980.0,1600.0,9.9875,93748.97,0122,0143|0145|0146|0149|0321|0322,4,0
010420,183544.0,6561.0,27.975004,262591.01,0121,0141|0142|0144,1,0
010511,13310.0,409.0,32.542787,305467.1,0122,0143|0145|0146|0149|0321|0322,1,0
010519,3706.0,109.0,34.0,319145.42,0122,0143|0145|0146|0149|0321|0322,1,0
010619,669.0,21.0,31.857143,299031.21,0122,0143|0145|0146|0149|0321|0322,1,0
010620,22435.0,811.0,27.663379,259665.9,0122,0143|0145|0146|0149|0321|0322,1,0
010632,25773.0,1025.0,25.14439,236021.09,0122,0143|0145|0146|0149|0321|0322,1,0
010639,357562.0,16531.0,21.629786,203030.8,0122,0143|0145|0146|0149|0321|0322,1,0
010690,50879.0,1977.0,25.735458,241569.22,0122,0143|0145|0146|0149|0321|0322,1,0
020120,128112.0,29685.0,4.315715,40510.02,1511,1010,1,0
020130,11371045.0,2047865.0,5.552634,52120.52,1511,1010,1,0
020210,534643.0,124494.0,4.294528,40311.15,1511,1010,1,0
020220,2789667.0,927366.0,3.008162,28236.5,1511,1010,1,0
020230,124390570.0,30377029.0,4.094889,38437.21,1511,1010,1,0
020319,583007.0,104725.0,5.567028,52255.63,1511,1010,1,0
020322,140772.0,17908.0,7.860844,73786.84,1511,1010,1,0
020329,84670.0,17327.0,4.886593,45868.64,1511,1010,1,0
020410,139528.0,27583.0,5.058478,47482.06,1511,1010,1,0
020422,302075.0,34989.0,8.633428,81038.79,1511,1010,1,0
020423,96848.0,10377.0,9.332948,87604.93,1511,1010,1,0
020430,116493.0,40000.0,2.912325,27336.92,1511,1010,1,0
020441,741662.0,135837.0,5.459941,51250.45,1511,1010,1,0
020442,4154967.0,528966.0,7.854885,73730.9,1511,1010,1,0
020443,2289268.0,347008.0,6.597162,61925.12,1511,1010,1,0
020450,242163.0,50527.0,4.792744,44987.72,1511,1010,1,0
020610,7948.0,2913.0,2.728459,25611.03,1511,1010,1,0
020621,1231365.0,459997.0,2.676898,25127.05,1511,1010,1,0
020622,2786507.0,1365037.0,2.041342,19161.32,1511,1010,1,0
020629,12765708.0,5005601.0,2.550285,23938.58,1511,1010,1,0
020714,34785.0,6797.0,5.117699,48037.95,1511,1010,1,0
020725,455328.0,153202.0,2.972076,27897.78,1511,1010,1,0
020733,392494.0,266532.0,1.472596,13822.72,1511,1010,1,0
020734,250698.0,9863.0,25.418027,238589.61,1511,1010,1,0
020736,75834.0,3076.0,24.653446,231412.78,1511,1010,1,0
021019,224.0,1.0,224.0,2102605.12,1511,1010,1,0
021020,203620.0,101810.0,2.0,18773.26,1511,1010,1,0
021099,880404.0,201733.0,4.364204,40965.17,1511,1010,1,0
030110,25538.0,1215.0,21.01893,197296.92,0500,,1,0
030199,127634.0,3333.0,38.294029,359451.89,0500,,1,0
030229,5329.0,228.0,23.372807,219391.89,0500,,1,0
030239,66318.0,92750.0,0.715019,6711.62,0500,,1,0
030250,110530.0,9208.0,12.003692,112674.22,0500,,1,0
030264,77061.0,81135.0,0.949787,8915.3,0500,,1,0
030265,70740.0,21100.0,3.352607,31469.68,0500,,1,0
030269,8.0,12.0,0.666667,6257.75,0500,,1,0
030270,1683.0,70.0,24.042857,225681.4,1512,1020|1075,1,0
030311,217863.0,32163.0,6.773715,63582.36,1512,1020|1075,1,0
030319,3796054.0,602614.0,6.299313,59129.32,1512,1020|1075,1,0
030321,336890.0,55108.0,6.113268,57382.99,1512,1020|1075,1,0
030322,2987086.0,500495.0,5.968263,56021.88,1512,1020|1075,1,0
030329,319714.0,138507.0,2.308288,21667.04,1512,1020|1075,1,0
030331,30821.0,2956.0,10.42659,97870.54,1512,1020|1075,1,0
030339,111215.0,25011.0,4.446643,41739.0,1512,1020|1075,1,0
030341,926451.0,300349.0,3.084582,28953.83,1512,1020|1075,1,0
030342,9285514.0,3618082.0,2.566419,24090.02,1512,1020|1075,1,0
030343,14104516.0,6414557.0,2.198829,20639.6,1512,1020|1075,1,0
030344,247225.0,8612.0,28.707037,269462.33,1512,1020|1075,1,0
030349,327672.0,116911.0,2.802747,26308.35,1512,1020|1075,1,0
030351,209.0,10.0,20.9,196180.57,1512,1020|1075,1,0
030352,460748.0,33844.0,13.613875,127788.41,1512,1020|1075,1,0
030361,2957929.0,927879.0,3.187839,29923.07,1512,1020|1075,1,0
030371,31046780.0,53306396.0,0.582421,5466.97,1512,1020|1075,1,0
030374,54266853.0,68380939.0,0.793596,7449.19,1512,1020|1075,1,0
030375,956184.0,135374.0,7.063277,66300.36,1512,1020|1075,1,0
030376,6536.0,6280.0,1.040764,9769.27,1512,1020|1075,1,0
030377,31944.0,1244.0,25.678457,241034.17,1512,1020|1075,1,0
030379,4616610.0,4727682.0,0.976506,9166.1,1512,1020|1075,1,0
030380,12519.0,949.0,13.191781,123826.37,1512,1020|1075,1,0
030411,50675.0,12097.0,4.189055,39321.11,1512,1020|1075,1,0
030419,1680917.0,617371.0,2.722702,25556.99,1512,1020|1075,1,0
030429,4913947.0,1213736.0,4.048613,38002.83,1512,1020|1075,1,0
030499,2750773.0,1799893.0,1.528298,14345.57,1512,1020|1075,1,0
030510,179447.0,11481.0,15.62991,146712.18,1512,1020|1075,1,0
030520,13222.0,8929.0,1.480793,13899.66,1512,1020|1075,1,0
030530,29477.0,6715.0,4.389724,41204.72,1512,1020|1075,1,0
030541,424717.0,35283.0,12.03744,112991.0,1512,1020|1075,1,0
030549,1029227.0,53083.0,19.389013,181997.5,1512,1020|1075,1,0
030559,3497.0,3000.0,1.165667,10941.68,1512,1020|1075,1,0
030562,48605.0,1334.0,36.435532,342006.86,1512,1020|1075,1,0
030611,112104.0,36505.0,3.070922,28825.61,1512,1020|1075,1,0
030612,27105.0,1892.0,14.32611,134473.89,1512,1020|1075,1,0
030613,17718675.0,3199796.0,5.537439,51977.89,1512,1020|1075,1,0
030614,38977458.0,5027147.0,7.753395,72778.25,1512,1020|1075,1,0
030619,892172.0,83901.0,10.633628,99813.93,1512,1020|1075,1,0
030623,347847.0,12263.0,28.365571,266257.12,0500,,1,0
030624,3335033.0,147015.0,22.684985,212935.56,0500,,1,0
030629,247311.0,36093.0,6.852049,64317.65,0500,,1,0
030710,246006.0,62625.0,3.92824,36872.93,0500,,1,0
030729,2603436.0,987224.0,2.637128,24753.74,1512,1020|1075,1,0
030739,43334.0,8856.0,4.89318,45930.47,1512,1020|1075,1,0
030749,2662196.0,2045045.0,1.301779,12219.31,1512,1020|1075,1,0
030759,1706439.0,793711.0,2.14995,20180.79,1512,1020|1075,1,0
030760,46768.0,48880.0,0.956792,8981.05,0122,0143|0145|0146|0149|0321|0322,1,0
030799,314644.0,149635.0,2.102743,19737.67,1512,1020|1075,1,0
040110,497996.0,221211.0,2.251226,21131.43,1520,1050,1,0
040120,345184.0,222044.0,1.554575,14592.22,1520,1050,1,0
040130,9635793.0,3691733.0,2.6101,24500.04,1520,1050,1,0
040210,428976695.0,136232734.0,3.148852,29557.11,1520,1050,1,0
040221,178547866.0,48366940.0,3.691527,34651.0,1520,1050,1,0
040229,91443607.0,12760802.0,7.165976,67264.37,1520,1050,1,0
040291,315072.0,102245.0,3.081539,28925.27,1520,1050,1,0
040299,10825089.0,8396126.0,1.289296,12102.14,1520,1050,1,0
040310,776780.0,265621.0,2.924392,27450.19,1520,1050,1,0
040390,18330154.0,6204217.0,2.954467,27732.49,1520,1050,1,0
040410,199310243.0,96538672.0,2.064564,19379.3,1520,1050,1,0
040490,9943239.0,3321166.0,2.9939,28102.63,1520,1050,1,0
040510,31439134.0,7358230.0,4.272649,40105.78,1520,1050,1,0
040520,8950.0,3657.0,2.447361,22972.47,1520,1050,1,0
040590,29109057.0,6819265.0,4.26865,40068.24,1520,1050,1,0
040610,38503558.0,9709645.0,3.965496,37222.64,1520,1050,1,0
040620,4122278.0,585496.0,7.04066,66088.07,1520,1050,1,0
040630,25182513.0,5032435.0,5.004041,46971.08,1520,1050,1,0
040690,27503922.0,6707284.0,4.100605,38490.86,1520,1050,1,0
040811,2404150.0,467980.0,5.137292,48221.86,1549,1030|1071|1075|1079,1,0
040819,151085.0,52090.0,2.900461,27225.55,1549,1030|1071|1075|1079,1,0
040891,4441419.0,800125.0,5.550906,52104.3,1549,1030|1071|1075|1079,1,0
040899,1358.0,458.0,2.965066,27831.97,1549,1030|1071|1075|1079,1,0
040900,8984544.0,2353221.0,3.817977,35837.94,0122,0143|0145|0146|0149|0321|0322,1,0
041000,631750.0,9289.0,68.01055,638389.87,0122,0143|0145|0146|0149|0321|0322,1,0
050100,11734562.0,88571.0,132.487631,1243612.38,9302,9602,2,1
050210,64400.0,8000.0,8.05,75562.37,9999,,2,1
050290,8022031.0,1283669.0,6.249299,58659.85,9999,,2,1
050510,22152153.0,626580.0,35.35407,331855.57,9999,,2,1
050590,10613078.0,4654257.0,2.280295,21404.28,9999,,2,1
050710,636.0,97.0,6.556701,61545.33,9999,,2,1
050790,2650.0,405.0,6.54321,61418.69,9999,,2,1
050800,666927.0,357316.0,1.866491,17520.06,0500,,2,1
051110,136426.0,169.0,807.254438,7577398.72,0121,0141|0142|0144,2,1
051191,3214435.0,432639.0,7.429832,69741.08,1512,1020|1075,2,1
051199,5859652.0,6131775.0,0.955621,8970.06,9999,,2,1
060110,393484.0,560720.0,0.701748,6587.05,0112,0113|0119|0125|0128|0129|0130|0230,2,1
060120,277468.0,176125.0,1.575404,14787.73,0112,0113|0119|0125|0128|0129|0130|0230,2,1
060210,32597.0,74432.0,0.437943,4110.81,0112,0113|0119|0125|0128|0129|0130|0230,2,1
060230,13885.0,300.0,46.283333,434444.53,0112,0113|0119|0125|0128|0129|0130|0230,2,1
060240,9328.0,290.0,32.165517,301925.81,0112,0113|0119|0125|0128|0129|0130|0230,2,1
060290,4574663.0,301469.0,15.174572,142438.09,0112,0113|0119|0125|0128|0129|0130|0230,2,1
060314,228800.0,8000.0,28.6,268457.62,0112,0113|0119|0125|0128|0129|0130|0230,6,0
060319,3939.0,604.0,6.521523,61215.13,0112,0113|0119|0125|0128|0129|0130|0230,6,0
060390,91742.0,7254.0,12.647091,118713.57,0112,0113|0119|0125|0128|0129|0130|0230,6,0
060410,270210.0,83536.0,3.234653,30362.49,0200,0129|0130|0210|0220|0230|0240,6,0
060491,35497.0,16800.0,2.112917,19833.17,0200,0129|0130|0210|0220|0230|0240,6,0
060499,29366.0,7944.0,3.696626,34698.86,0200,0129|0130|0210|0220|0230|0240,6,0
070110,2152145.0,1862450.0,1.155545,10846.67,0111,0111|0112|0113|0114|0115|0116|0119|0126|0128|0129|0163,1,0
070190,28667627.0,46587879.0,0.615345,5776.02,0111,0111|0112|0113|0114|0115|0116|0119|0126|0128|0129|0163,1,0
070200,196041.0,110503.0,1.774079,16652.62,0112,0113|0119|0125|0128|0129|0130|0230,1,0
070310,67232449.0,155361490.0,0.432748,4062.05,0112,0113|0119|0125|0128|0129|0130|0230,1,0
070320,242342239.0,414957761.0,0.584017,5481.95,0112,0113|0119|0125|0128|0129|0130|0230,1,0
070390,441330.0,446705.0,0.987967,9273.68,0112,0113|0119|0125|0128|0129|0130|0230,1,0
070410,1207659.0,945321.0,1.277512,11991.53,0112,0113|0119|0125|0128|0129|0130|0230,1,0
070420,468.0,147.0,3.183673,29883.96,0112,0113|0119|0125|0128|0129|0130|0230,1,0
070490,1852583.0,2195869.0,0.843667,7919.19,0112,0113|0119|0125|0128|0129|0130|0230,1,0
070511,173931.0,117535.0,1.479823,13890.55,0112,0113|0119|0125|0128|0129|0130|0230,1,0
070519,64321.0,44867.0,1.433593,13456.6,0112,0113|0119|0125|0128|0129|0130|0230,1,0
070610,30707766.0,55483969.0,0.553453,5195.06,0112,0113|0119|0125|0128|0129|0130|0230,1,0
070690,5377.0,3310.0,1.624471,15248.31,0112,0113|0119|0125|0128|0129|0130|0230,1,0
070700,11803.0,3063.0,3.853412,36170.55,0112,0113|0119|0125|0128|0129|0130|0230,1,0
070810,3332163.0,6540147.0,0.509494,4782.43,0112,0113|0119|0125|0128|0129|0130|0230,1,0
070820,195244.0,196590.0,0.993153,9322.36,0112,0113|0119|0125|0128|0129|0130|0230,1,0
070890,732517.0,658380.0,1.112605,10443.61,0112,0113|0119|0125|0128|0129|0130|0230,1,0
070920,1963.0,1443.0,1.36036,12769.2,0112,0113|0119|0125|0128|0129|0130|0230,1,0
070930,74.0,22.0,3.363636,31573.21,0112,0113|0119|0125|0128|0129|0130|0230,1,0
070940,203090.0,137758.0,1.474252,13838.26,0112,0113|0119|0125|0128|0129|0130|0230,1,0
070951,308913.0,179126.0,1.724557,16187.78,0112,0113|0119|0125|0128|0129|0130|0230,1,0
070959,1786132.0,1152456.0,1.549848,14547.85,0112,0113|0119|0125|0128|0129|0130|0230,1,0
070960,2589497.0,2821787.0,0.91768,8613.92,0112,0113|0119|0125|0128|0129|0130|0230,1,0
070970,44712.0,36263.0,1.232992,11573.64,0112,0113|0119|0125|0128|0129|0130|0230,1,0
070990,426512.0,373354.0,1.14238,10723.09,0112,0113|0119|0125|0128|0129|0130|0230,1,0
071010,5529430.0,5639826.0,0.980426,9202.89,1513,1030|1075,1,0
071021,843288.0,680038.0,1.24006,11639.99,1513,1030|1075,1,0
071022,13662.0,4449.0,3.070802,28824.49,1513,1030|1075,1,0
071029,1703022.0,1352884.0,1.258809,11815.97,1513,1030|1075,1,0
071030,122029.0,41935.0,2.909956,27314.68,1513,1030|1075,1,0
071040,1673689.0,1083586.0,1.544583,14498.43,1513,1030|1075,1,0
071080,526489.0,389387.0,1.352097,12691.63,1513,1030|1075,1,0
071090,1056344.0,968222.0,1.091014,10240.95,1513,1030|1075,1,0
071120,48828.0,13814.0,3.534675,33178.69,1513,1030|1075,1,0
071140,17623.0,10487.0,1.680462,15773.87,1513,1030|1075,1,0
071190,3193075.0,3170074.0,1.007256,9454.74,1513,1030|1075,1,0
071220,11658527.0,4425577.0,2.634352,24727.69,1513,1030|1075,1,0
071231,100319.0,17427.0,5.756527,54034.39,1513,1030|1075,1,0
071232,560783.0,410064.0,1.36755,12836.69,1513,1030|1075,1,0
071233,97221.0,88010.0,1.104659,10369.02,1513,1030|1075,1,0
071239,887523.0,398093.0,2.229436,20926.89,1513,1030|1075,1,0
071290,11556436.0,7141814.0,1.618137,15188.86,1513,1030|1075,1,0
071310,4606515.0,10746127.0,0.428667,4023.74,0111,0111|0112|0113|0114|0115|0116|0119|0126|0128|0129|0163,1,0
071320,379255.0,430925.0,0.880095,8261.13,0111,0111|0112|0113|0114|0115|0116|0119|0126|0128|0129|0163,1,0
071331,49130185.0,63069562.0,0.778984,7312.04,0111,0111|0112|0113|0114|0115|0116|0119|0126|0128|0129|0163,1,0
071332,81109.0,126728.0,0.640024,6007.67,0111,0111|0112|0113|0114|0115|0116|0119|0126|0128|0129|0163,1,0
071333,903021.0,1779745.0,0.507388,4762.66,0111,0111|0112|0113|0114|0115|0116|0119|0126|0128|0129|0163,1,0
071339,2540315.0,4184853.0,0.607026,5697.93,0111,0111|0112|0113|0114|0115|0116|0119|0126|0128|0129|0163,1,0
071340,11878.0,2871.0,4.137234,38834.69,0111,0111|0112|0113|0114|0115|0116|0119|0126|0128|0129|0163,1,0
071350,9238930.0,12378240.0,0.746385,7006.04,0111,0111|0112|0113|0114|0115|0116|0119|0126|0128|0129|0163,1,0
071390,8577689.0,9343442.0,0.918044,8617.34,0111,0111|0112|0113|0114|0115|0116|0119|0126|0128|0129|0163,1,0
071410,3419138.0,13291339.0,0.257246,2414.67,0111,0111|0112|0113|0114|0115|0116|0119|0126|0128|0129|0163,1,0
071420,33607.0,20838.0,1.612775,15138.52,0111,0111|0112|0113|0114|0115|0116|0119|0126|0128|0129|0163,1,0
071490,403735.0,312231.0,1.293065,12137.52,0111,0111|0112|0113|0114|0115|0116|0119|0126|0128|0129|0163,1,0
080111,883067.0,503032.0,1.755489,16478.12,0113,1102,1,0
080119,1043439.0,1132268.0,0.921548,8650.23,0113,1102,1,0
080122,11842.0,2045.0,5.790709,54355.24,0113,1102,1,0
080131,29583.0,31810.0,0.929991,8729.48,0113,1102,1,0
080132,4357044.0,775677.0,5.617085,52725.5,0113,1102,1,0
080211,404398.0,82397.0,4.907921,46068.84,0113,1102,1,0
080212,4530938.0,818971.0,5.532477,51931.31,0113,1102,1,0
080222,212397.0,27023.0,7.85986,73777.6,0113,1102,1,0
080232,414340.0,38348.0,10.804736,101420.06,0113,1102,1,0
080240,173866.0,137034.0,1.26878,11909.57,0113,1102,1,0
080250,95205.0,138008.0,0.689851,6475.38,0113,1102,1,0
080260,174617.0,27253.0,6.407258,60142.56,0113,1102,1,0
080290,326489.0,301634.0,1.082401,10160.1,0113,1102,1,0
080300,1142694.0,1922125.0,0.594495,5580.31,0113,1102,1,0
080410,26320276.0,22557895.0,1.166788,10952.21,0113,1102,1,0
080420,8080.0,2626.0,3.076923,28881.94,0113,1102,1,0
080430,15172.0,9756.0,1.555146,14597.58,0113,1102,1,0
080440,46891.0,52284.0,0.896852,8418.42,0113,1102,1,0
080450,993646.0,1092819.0,0.90925,8534.8,0113,1102,1,0
080510,26068993.0,32491997.0,0.80232,7531.09,0113,1102,1,0
080520,176568227.0,179394411.0,0.984246,9238.75,0113,1102,1,0
080540,247942.0,292525.0,0.847593,7956.04,0113,1102,1,0
080550,3534691.0,3412646.0,1.035763,9722.32,0113,1102,1,0
080590,138063.0,123019.0,1.12229,10534.52,0113,1102,1,0
080610,122686092.0,59448541.0,2.063736,19371.53,0113,1102,1,0
080620,4179900.0,1942632.0,2.151668,20196.92,0113,1102,1,0
080711,230249.0,348658.0,0.660386,6198.8,0113,1102,1,0
080719,612013.0,696456.0,0.878753,8248.53,0113,1102,1,0
080720,58681.0,82946.0,0.70746,6640.67,0113,1102,1,0
080810,170515810.0,183859437.0,0.927425,8705.39,0113,1102,1,0
080820,104793192.0,131134457.0,0.799128,7501.12,0113,1102,1,0
080910,7777.0,3532.0,2.201869,20668.13,0113,1102,1,0
080920,276.0,143.0,1.93007,18116.85,0113,1102,1,0
080930,64346.0,58059.0,1.108286,10403.07,0113,1102,1,0
080940,236215.0,151920.0,1.554864,14594.94,0113,1102,1,0
081010,304802.0,120032.0,2.53934,23835.84,0113,1102,1,0
081040,296975.0,56529.0,5.253498,49312.64,0113,1102,1,0
081050,7664580.0,3475621.0,2.20524,20699.78,0113,1102,1,0
081060,28817122.0,19766545.0,1.457873,13684.52,0113,1102,1,0
081090,152922246.0,136123729.0,1.123406,10545.0,0113,1102,1,0
081110,985281.0,422110.0,2.334181,21910.09,1513,1030|1075,1,0
081120,290113.0,59424.0,4.882085,45826.32,1513,1030|1075,1,0
081190,1614288.0,370912.0,4.352213,40852.61,1513,1030|1075,1,0
081210,152553.0,41937.0,3.637671,34145.47,1513,1030|1075,1,0
081290,300850.0,73577.0,4.088914,38381.12,1513,1030|1075,1,0
081310,2109.0,902.0,2.338137,21947.23,0113,1102,1,0
081320,53327.0,23514.0,2.267883,21287.78,0113,1102,1,0
081330,3048.0,603.0,5.054726,47446.85,0113,1102,1,0
081340,3735145.0,5803885.0,0.643559,6040.85,0113,1102,1,0
081350,358205.0,122372.0,2.927181,27476.37,0113,1102,1,0
081400,72808.0,15041.0,4.840636,45437.26,1513,1030|1075,1,0
090111,112973204.0,52176760.0,2.165202,20323.95,0113,1102,1,0
090112,36006.0,3571.0,10.08289,94644.36,1549,1030|1071|1075|1079,1,0
090121,3570861.0,519165.0,6.878085,64562.04,1549,1030|1071|1075|1079,1,0
090122,606010.0,44026.0,13.764821,129205.28,1549,1030|1071|1075|1079,1,0
090190,9533.0,3705.0,2.573009,24151.89,1549,1030|1071|1075|1079,1,0
090210,107623.0,46820.0,2.298654,21576.62,1549,1030|1071|1075|1079,1,0
090220,9306388.0,7326793.0,1.270186,11922.76,0113,1102,1,0
090230,2719682.0,214965.0,12.651743,118757.23,1549,1030|1071|1075|1079,1,0
090240,21115989.0,16808279.0,1.256285,11792.28,0113,1102,1,0
090300,8849.0,585.0,15.126496,141986.82,0113,1102,1,0
090411,10067871.0,4173204.0,2.412504,22645.28,0113,1102,1,0
090412,345101.0,81083.0,4.256145,39950.86,0113,1102,1,0
090420,19027536.0,18788616.0,1.012716,9505.99,0113,1102,1,0
090500,408164.0,51755.0,7.886465,74027.33,0113,1102,1,0
090611,63210.0,29000.0,2.179655,20459.62,0113,1102,1,0
090619,692043.0,67358.0,10.274103,96439.2,0113,1102,1,0
090620,1089517.0,341330.0,3.191976,29961.89,0113,1102,1,0
090700,110792865.0,7164081.0,15.465049,145164.69,0113,1102,1,0
090810,814846.0,58728.0,13.874915,130238.69,0113,1102,1,0
090830,17134.0,29355.0,0.583683,5478.81,0113,1102,1,0
090910,1989389.0,1088505.0,1.827634,17155.33,0113,1102,1,0
090920,6592534.0,16760491.0,0.393338,3692.12,0113,1102,1,0
090930,3217825.0,2662640.0,1.208509,11343.83,0113,1102,1,0
090940,1860298.0,2169108.0,0.857633,8050.28,0113,1102,1,0
090950,221270.0,450801.0,0.490837,4607.31,0113,1102,1,0
091010,16703921.0,22885392.0,0.729894,6851.25,0113,1102,1,0
091020,9084.0,3256.0,2.789926,26188.01,0113,1102,1,0
091030,390248.0,119373.0,3.269148,30686.28,0113,1102,1,0
091091,151849.0,32283.0,4.703683,44151.73,0113,1102,1,0
091099,1210185.0,1288186.0,0.939449,8818.26,0113,1102,1,0
100110,69705987.0,211661157.0,0.329328,3091.28,0111,0111|0112|0113|0114|0115|0116|0119|0126|0128|0129|0163,1,0
100190,2184144193.0,6038828532.0,0.361683,3394.99,0111,0111|0112|0113|0114|0115|0116|0119|0126|0128|0129|0163,1,0
100200,10600.0,10000.0,1.06,9949.83,0111,0111|0112|0113|0114|0115|0116|0119|0126|0128|0129|0163,1,0
100300,45649.0,67379.0,0.677496,6359.4,0111,0111|0112|0113|0114|0115|0116|0119|0126|0128|0129|0163,1,0
100400,318425.0,419914.0,0.75831,7117.98,0111,0111|0112|0113|0114|0115|0116|0119|0126|0128|0129|0163,2,1
100510,5287431.0,1651812.0,3.200988,30046.49,0111,0111|0112|0113|0114|0115|0116|0119|0126|0128|0129|0163,2,1
100590,496610819.0,1691342685.0,0.293619,2756.1,0111,0111|0112|0113|0114|0115|0116|0119|0126|0128|0129|0163,2,1
100610,29140271.0,23764153.0,1.226228,11510.15,0111,0111|0112|0113|0114|0115|0116|0119|0126|0128|0129|0163,1,0
100620,55000.0,50000.0,1.1,10325.29,1531,1061,1,0
100630,819602728.0,1542409250.0,0.531378,4987.85,1531,1061,1,0
100640,96825183.0,244148900.0,0.396583,3722.57,1531,1061,1,0
100700,2225028.0,8193565.0,0.271558,2549.01,0111,0111|0112|0113|0114|0115|0116|0119|0126|0128|0129|0163,1,0
100810,853976.0,1900547.0,0.449332,4217.71,0111,0111|0112|0113|0114|0115|0116|0119|0126|0128|0129|0163,1,0
100820,6936557.0,16400804.0,0.42294,3969.98,0111,0111|0112|0113|0114|0115|0116|0119|0126|0128|0129|0163,1,0
100830,2372431.0,3316530.0,0.715335,6714.59,0111,0111|0112|0113|0114|0115|0116|0119|0126|0128|0129|0163,1,0
100890,219189.0,260343.0,0.841924,7902.83,0111,0111|0112|0113|0114|0115|0116|0119|0126|0128|0129|0163,1,0
110100,188833237.0,479682152.0,0.393663,3695.17,1531,1061,1,0
110220,86382.0,156875.0,0.550642,5168.67,1531,1061,1,0
110290,887158.0,2008426.0,0.441718,4146.24,1531,1061,1,0
110311,3943910.0,7713862.0,0.511276,4799.16,1531,1061,1,0
110313,31419.0,13490.0,2.329059,21862.01,1531,1061,1,0
110319,20070.0,100060.0,0.20058,1882.77,1531,1061,1,0
110320,42851.0,35467.0,1.208194,11340.87,1531,1061,1,0
110412,3942723.0,4750582.0,0.829945,7790.39,1531,1061,1,0
110419,15759.0,26743.0,0.589276,5531.31,1531,1061,1,0
110422,35248.0,14354.0,2.455622,23050.02,1531,1061,1,0
110423,231110.0,251730.0,0.918087,8617.74,1531,1061,1,0
110429,298781.0,277288.0,1.077511,10114.2,1531,1061,1,0
110430,2801.0,869.0,3.223245,30255.41,1531,1061,1,0
110510,443710.0,234659.0,1.890871,17748.91,1513,1030|1075,1,0
110520,8532509.0,5706287.0,1.495282,14035.66,1513,1030|1075,1,0
110610,433.0,601.0,0.720466,6762.75,1531,1061,1,0
110620,388091.0,66303.0,5.853295,54942.71,1531,1061,1,0
110630,1265728.0,239362.0,5.287924,49635.78,1531,1061,1,0
110710,19661022.0,33801768.0,0.581657,5459.8,1553,1103,1,0
110720,164734.0,165198.0,0.997191,9360.27,1553,1103,1,0
110811,2594937.0,5843067.0,0.444105,4168.65,1532,1062,2,1
110812,38504536.0,77631904.0,0.495989,4655.66,1532,1062,2,1
110813,14891879.0,27231199.0,0.546868,5133.25,1532,1062,2,1
110814,342844016.0,757926062.0,0.452345,4245.99,1532,1062,2,1
110819,121564.0,41093.0,2.958265,27768.14,1532,1062,2,1
110820,14143850.0,4761095.0,2.970714,27884.99,1532,1062,2,1
110900,3758343.0,4907166.0,0.765889,7189.11,1532,1062,1,0
120100,1211229966.0,1921206529.0,0.630453,5917.83,0111,0111|0112|0113|0114|0115|0116|0119|0126|0128|0129|0163,1,0
120210,77375620.0,64462789.0,1.200314,11266.91,0111,0111|0112|0113|0114|0115|0116|0119|0126|0128|0129|0163,1,0
120220,140910001.0,121365317.0,1.16104,10898.25,0111,0111|0112|0113|0114|0115|0116|0119|0126|0128|0129|0163,1,0
120300,9475.0,65576.0,0.144489,1356.26,0111,0111|0112|0113|0114|0115|0116|0119|0126|0128|0129|0163,1,0
120400,69485.0,70106.0,0.991142,9303.48,0111,0111|0112|0113|0114|0115|0116|0119|0126|0128|0129|0163,2,1
120510,95745.0,119881.0,0.798667,7496.79,0111,0111|0112|0113|0114|0115|0116|0119|0126|0128|0129|0163,1,0
120590,270981.0,817893.0,0.331316,3109.94,0111,0111|0112|0113|0114|0115|0116|0119|0126|0128|0129|0163,1,0
120600,6618856.0,13513258.0,0.489805,4597.61,0111,0111|0112|0113|0114|0115|0116|0119|0126|0128|0129|0163,1,0
120720,150580.0,32782.0,4.593374,43116.31,0111,0111|0112|0113|0114|0115|0116|0119|0126|0128|0129|0163,1,0
120740,8701119.0,12676554.0,0.686395,6442.93,0111,0111|0112|0113|0114|0115|0116|0119|0126|0128|0129|0163,1,0
120750,16964.0,5745.0,2.952829,27717.11,0111,0111|0112|0113|0114|0115|0116|0119|0126|0128|0129|0163,1,0
120791,420.0,29.0,14.482759,135944.3,0111,0111|0112|0113|0114|0115|0116|0119|0126|0128|0129|0163,2,1
120799,3497930.0,1506441.0,2.321983,21795.59,0111,0111|0112|0113|0114|0115|0116|0119|0126|0128|0129|0163,2,1
120810,4427072.0,2078911.0,2.129515,19988.97,1514,1040,1,0
120890,39816.0,17836.0,2.232339,20954.14,1514,1040,1,0
120921,1212.0,215.0,5.637209,52914.4,0111,0111|0112|0113|0114|0115|0116|0119|0126|0128|0129|0163,2,1
120925,1062.0,57.0,18.631579,174887.74,0111,0111|0112|0113|0114|0115|0116|0119|0126|0128|0129|0163,2,1
120929,1970190.0,216014.0,9.120659,85612.25,0111,0111|0112|0113|0114|0115|0116|0119|0126|0128|0129|0163,2,1
120930,7305.0,649.0,11.255778,105653.82,0112,0113|0119|0125|0128|0129|0130|0230,2,1
120991,5570094.0,214197.0,26.004538,244094.98,0112,0113|0119|0125|0128|0129|0130|0230,2,1
120999,5321312.0,942839.0,5.643924,52977.43,0112,0113|0119|0125|0128|0129|0130|0230,2,1
121010,29559.0,7499.0,3.941726,36999.52,0111,0111|0112|0113|0114|0115|0116|0119|0126|0128|0129|0163,1,0
121020,179038.0,34479.0,5.192668,48741.65,0111,0111|0112|0113|0114|0115|0116|0119|0126|0128|0129|0163,1,0
121120,322255.0,14654.0,21.990924,206420.67,0111,0111|0112|0113|0114|0115|0116|0119|0126|0128|0129|0163,2,1
121190,10834829.0,4773464.0,2.269804,21305.81,0111,0111|0112|0113|0114|0115|0116|0119|0126|0128|0129|0163,2,1
121220,1577592.0,210949.0,7.478547,70198.35,0500,,2,1
121299,534999.0,673995.0,0.793773,7450.85,0111,0111|0112|0113|0114|0115|0116|0119|0126|0128|0129|0163,1,0
121300,27712.0,23803.0,1.164223,10928.13,0111,0111|0112|0113|0114|0115|0116|0119|0126|0128|0129|0163,2,1
121410,942879.0,2253652.0,0.418378,3927.16,0111,0111|0112|0113|0114|0115|0116|0119|0126|0128|0129|0163,2,1
121490,309318.0,521924.0,0.59265,5562.98,0111,0111|0112|0113|0114|0115|0116|0119|0126|0128|0129|0163,2,1
130120,2155319.0,471697.0,4.569287,42890.21,0200,0129|0130|0210|0220|0230|0240,2,1
130190,3521267.0,1380762.0,2.550235,23938.11,0200,0129|0130|0210|0220|0230|0240,2,1
130211,7125.0,8688.0,0.820097,7697.94,0200,0129|0130|0210|0220|0230|0240,2,1
130212,5113269.0,596767.0,8.568284,80427.31,0200,0129|0130|0210|0220|0230|0240,2,1
130213,707793.0,19297.0,36.678914,344291.39,0200,0129|0130|0210|0220|0230|0240,2,1
130219,24211265.0,1554045.0,15.579513,146239.13,0200,0129|0130|0210|0220|0230|0240,2,1
130220,2689672.0,240792.0,11.170105,104849.65,0200,0129|0130|0210|0220|0230|0240,2,1
130231,964238.0,714037.0,1.350403,12675.74,0200,0129|0130|0210|0220|0230|0240,2,1
130232,27844967.0,2828935.0,9.842915,92391.8,0200,0129|0130|0210|0220|0230|0240,2,1
130239,18094081.0,1725291.0,10.487553,98442.78,0200,0129|0130|0210|0220|0230|0240,2,1
140110,78634.0,93869.0,0.837699,7863.17,0200,0129|0130|0210|0220|0230|0240,2,1
140120,4709.0,2834.0,1.661609,15596.91,0200,0129|0130|0210|0220|0230|0240,2,1
140420,1386.0,76.0,18.236842,171182.49,1514,1040,2,1
140490,965411.0,1267776.0,0.7615,7147.92,0200,0129|0130|0210|0220|0230|0240,2,1
150100,1011.0,59.0,17.135593,160845.47,1511,1010,2,1
150200,220879.0,214744.0,1.028569,9654.8,1511,1010,2,1
150410,1606135.0,999853.0,1.606371,15078.41,1514,1040,2,1
150420,22256508.0,11378422.0,1.956028,18360.51,1514,1040,1,0
150430,18240.0,2280.0,8.0,75093.04,1514,1040,1,0
150500,1101236.0,122057.0,9.022309,84689.08,1711,1311|1312,2,1
150600,223045.0,133880.0,1.666007,15638.19,1514,1040,2,1
150710,4983.0,1233.0,4.041363,37934.77,1514,1040,1,0
150790,33059329.0,21976967.0,1.504272,14120.04,1514,1040,1,0
150810,5266.0,39.0,135.025641,1267435.73,1514,1040,1,0
150890,20427.0,3891.0,5.249807,49278.0,1514,1040,1,0
150910,3441551.0,860974.0,3.997276,37520.95,1514,1040,1,0
150990,867793.0,407879.0,2.127575,19970.76,1514,1040,1,0
151000,111736.0,39324.0,2.84142,26671.36,1514,1040,1,0
151190,830985.0,616274.0,1.348402,12656.95,1514,1040,1,0
151211,191.0,12.0,15.916667,149403.86,1514,1040,2,1
151219,6663501.0,3506079.0,1.900556,17839.82,1514,1040,2,1
151229,21321.0,4257.0,5.008457,47012.53,1514,1040,1,0
151311,4259.0,316.0,13.477848,126511.57,1514,1040,2,1
151319,792388.0,329019.0,2.408335,22606.15,1514,1040,1,0
151329,1216104.0,640403.0,1.898967,17824.9,1514,1040,1,0
151411,359445.0,309507.0,1.161347,10901.13,1514,1040,2,1
151419,3778221.0,2198766.0,1.718337,16129.39,1514,1040,1,0
151491,139374.0,5505.0,25.317711,237647.99,1514,1040,2,1
151499,2851939.0,1769203.0,1.611991,15131.16,1514,1040,1,0
151511,1282.0,61.0,21.016393,197273.11,1514,1040,2,1
151519,3743353.0,2381324.0,1.571963,14755.43,1514,1040,2,1
151521,39135.0,30611.0,1.278462,12000.45,1532,1062,2,1
151529,4228666.0,1703749.0,2.481977,23297.4,1532,1062,1,0
151530,2918362.0,1491078.0,1.957216,18371.66,1514,1040,2,1
151550,2085038.0,1109137.0,1.879874,17645.68,1514,1040,1,0
151590,2748746.0,1192865.0,2.304323,21629.83,1514,1040,2,1
151610,161644.0,68921.0,2.345352,22014.95,1514,1040,1,0
151620,37724650.0,21173842.0,1.781663,16723.81,1514,1040,1,0
151710,3277561.0,1518553.0,2.158345,20259.58,1514,1040,1,0
151790,38313663.0,8370213.0,4.577382,42966.19,1514,1040,1,0
151800,18111875.0,8907561.0,2.033315,19085.97,2429,1079|2011|2029|2610|2680|2817,2,1
152000,359208.0,200535.0,1.791248,16813.79,2424,2023,2,1
152110,2892769.0,745352.0,3.881078,36430.24,1514,1040,2,1
152190,23907.0,5500.0,4.346727,40801.12,0122,0143|0145|0146|0149|0321|0322,2,1
152200,3035872.0,2017887.0,1.504481,14122.0,1514,1040,2,1
160100,305612.0,175125.0,1.745108,16380.68,1511,1010,1,0
160210,2089336.0,454763.0,4.59434,43125.37,1549,1030|1071|1075|1079,1,0
160232,59853.0,8987.0,6.659953,62514.52,1511,1010,1,0
160241,133570.0,107211.0,1.245861,11694.44,1511,1010,1,0
160242,60117.0,46463.0,1.293868,12145.06,1511,1010,1,0
160249,726148.0,378905.0,1.916438,17988.9,1511,1010,1,0
160250,6816054.0,1270155.0,5.366317,50371.63,1511,1010,1,0
160300,993828.0,356296.0,2.789332,26182.43,1511,1010,1,0
160411,60217.0,8368.0,7.196104,67547.17,1512,1020|1075,1,0
160413,692133.0,342041.0,2.023538,18994.2,1512,1020|1075,1,0
160414,3203846.0,566693.0,5.653583,53068.09,1512,1020|1075,1,0
160415,3387070.0,1905297.0,1.777712,16686.73,1512,1020|1075,1,0
160416,34154.0,1250.0,27.3232,256472.77,1512,1020|1075,1,0
160419,459236.0,80183.0,5.727349,53760.5,1512,1020|1075,1,0
160420,3307826.0,1113411.0,2.970894,27886.68,1512,1020|1075,1,0
160430,5055.0,4481.0,1.128096,10589.02,1512,1020|1075,1,0
160510,3283678.0,252951.0,12.981479,121852.34,1512,1020|1075,1,0
160520,931561.0,101133.0,9.211247,86462.56,1512,1020|1075,1,0
160540,41798.0,14971.0,2.791931,26206.82,1512,1020|1075,1,0
160590,137056.0,111615.0,1.227935,11526.17,1512,1020|1075,1,0
170111,1558809035.0,2657553778.0,0.586558,5505.8,1542,1072,1,0
170112,27467279.0,46702068.0,0.588138,5520.64,1542,1072,1,0
170191,13966681.0,20630000.0,0.677008,6354.83,1542,1072,1,0
170199,62028072.0,91054313.0,0.681221,6394.37,1542,1072,1,0
170211,38709046.0,20030529.0,1.932502,18139.69,1520,1050,1,0
170219,7107459.0,3679646.0,1.931561,18130.84,1520,1050,1,0
170220,137996.0,92054.0,1.499077,14071.28,1542,1072,1,0
170230,54306019.0,92086978.0,0.589725,5535.53,1532,1062,1,0
170240,2254226.0,3273456.0,0.688638,6463.99,1532,1062,1,0
170250,6043283.0,5045903.0,1.197661,11242.0,1532,1062,1,0
170260,18444732.0,31968997.0,0.576957,5415.68,1532,1062,1,0
170290,36925121.0,38510367.0,0.958836,9000.24,1532,1062,1,0
170310,13990.0,16914.0,0.827125,7763.92,1542,1072,1,0
170390,20499188.0,102420384.0,0.200148,1878.71,1542,1072,1,0
170410,2484063.0,588055.0,4.224202,39651.02,1543,1073,1,0
170490,35679187.0,12053738.0,2.96001,27784.52,1543,1073,1,0
180100,62977833.0,23942574.0,2.63037,24690.31,0113,1102,1,0
180200,5331.0,50031.0,0.106554,1000.18,9999,,1,0
180310,1246579.0,311451.0,4.002488,37569.88,1543,1073,1,0
180320,11135831.0,2237661.0,4.97655,46713.03,1543,1073,1,0
180400,147586.0,28153.0,5.242283,49207.37,1543,1073,1,0
180500,56000770.0,10760976.0,5.20406,48848.59,1543,1073,1,0
180610,3545517.0,2909407.0,1.218639,11438.91,1543,1073,1,0
180620,13617977.0,3727349.0,3.653529,34294.32,1543,1073,1,0
180631,7092469.0,1124748.0,6.305829,59190.49,1543,1073,1,0
180632,5475286.0,1050530.0,5.211927,48922.43,1543,1073,1,0
180690,15648544.0,2048444.0,7.639234,71706.67,1543,1073,1,0
190110,35514197.0,9208965.0,3.856481,36199.36,1549,1030|1071|1075|1079,1,0
190120,5156728.0,2111349.0,2.442385,22925.77,1531,1061,1,0
190190,104983379.0,33109438.0,3.170799,29763.12,1549,1030|1071|1075|1079,1,0
190211,1325289.0,1209292.0,1.095921,10287.01,1544,1074|1075,1,0
190219,6434013.0,5180344.0,1.242005,11658.24,1544,1074|1075,1,0
190220,876453.0,219786.0,3.987756,37431.59,1544,1074|1075,1,0
190230,7606435.0,3748137.0,2.029391,19049.14,1544,1074|1075,1,0
190240,27700.0,11733.0,2.360863,22160.54,1544,1074|1075,1,0
190300,1395491.0,2915653.0,0.47862,4492.63,1532,1062,1,0
190410,16674730.0,5456193.0,3.056111,28686.58,1531,1061,1,0
190420,1474686.0,642900.0,2.293803,21531.08,1531,1061,1,0
190490,1260786.0,454686.0,2.772872,26027.92,1531,1061,1,0
190510,484362.0,174758.0,2.771616,26016.13,1541,1071,1,0
190520,901.0,83.0,10.855422,101895.83,1541,1071,1,0
190531,12442077.0,3617402.0,3.439506,32285.37,1541,1071,1,0
190532,7898914.0,2320632.0,3.403777,31950.0,1541,1071,1,0
190540,3244631.0,2062862.0,1.572878,14764.03,1541,1071,1,0
190590,17398542.0,7731712.0,2.250283,21122.58,1541,1071,1,0
200110,172963.0,110923.0,1.559307,14636.64,1513,1030|1075,1,0
200190,1286115.0,2318806.0,0.554645,5206.25,1513,1030|1075,1,0
200210,523788.0,562530.0,0.931129,8740.16,1513,1030|1075,1,0
200290,8740482.0,10059310.0,0.868895,8155.99,1513,1030|1075,1,0
200310,2636382.0,2494581.0,1.056844,9920.2,1513,1030|1075,1,0
200320,55667.0,3805.0,14.629961,137326.03,1513,1030|1075,1,0
200390,569034.0,440991.0,1.290353,12112.06,1513,1030|1075,1,0
200410,22661985.0,21014851.0,1.07838,10122.35,1513,1030|1075,1,0
200490,6598887.0,5762543.0,1.145135,10748.95,1513,1030|1075,1,0
200510,221381.0,91292.0,2.424977,22762.36,1549,1030|1071|1075|1079,1,0
200520,6383489.0,1053689.0,6.058229,56866.35,1513,1030|1075,1,0
200540,732962.0,1376820.0,0.532359,4997.05,1513,1030|1075,1,0
200551,464219.0,257919.0,1.799864,16894.65,1513,1030|1075,1,0
200559,560777.0,497372.0,1.12748,10583.24,1513,1030|1075,1,0
200560,701098.0,807529.0,0.868202,8149.49,1513,1030|1075,1,0
200570,122693.0,52222.0,2.34945,22053.42,1513,1030|1075,1,0
200580,1705652.0,2120101.0,0.804515,7551.68,1513,1030|1075,1,0
200591,64070.0,86112.0,0.744031,6983.94,1513,1030|1075,1,0
200599,3136005.0,632629.0,4.9571,46530.46,1513,1030|1075,1,0
200600,400236.0,202837.0,1.97319,18521.61,1543,1073,1,0
200710,2085433.0,737800.0,2.826556,26531.84,1549,1030|1071|1075|1079,1,0
200791,147505.0,38793.0,3.802361,35691.36,1513,1030|1075,1,0
200799,6977399.0,4952208.0,1.408947,13225.26,1513,1030|1075,1,0
200811,3438927.0,1201653.0,2.86183,26862.94,1513,1030|1075,1,0
200819,4452096.0,870577.0,5.11396,48002.85,1513,1030|1075,1,0
200820,37952.0,44982.0,0.843715,7919.64,1513,1030|1075,1,0
200830,4737634.0,4323133.0,1.09588,10286.62,1513,1030|1075,1,0
200840,49150.0,31653.0,1.552775,14575.33,1513,1030|1075,1,0
200850,17267.0,11095.0,1.556287,14608.29,1513,1030|1075,1,0
200860,885349.0,382471.0,2.314813,21728.3,1513,1030|1075,1,0
200870,655107.0,418967.0,1.563624,14677.16,1513,1030|1075,1,0
200880,15388.0,3951.0,3.89471,36558.2,1513,1030|1075,1,0
200892,900299.0,554239.0,1.624388,15247.53,1513,1030|1075,1,0
200899,6602989.0,8411513.0,0.784994,7368.45,1513,1030|1075,1,0
200911,9144627.0,3702070.0,2.470139,23186.28,1513,1030|1075,1,0
200912,771586.0,632177.0,1.220522,11456.59,1513,1030|1075,1,0
200919,736224.0,561281.0,1.311685,12312.3,1513,1030|1075,1,0
200921,50442.0,64907.0,0.777143,7294.75,1513,1030|1075,1,0
200929,1907028.0,482067.0,3.95594,37132.94,1513,1030|1075,1,0
200931,64190.0,17878.0,3.590446,33702.19,1513,1030|1075,1,0
200939,603258.0,140586.0,4.291025,40278.26,1513,1030|1075,1,0
200941,47761.0,49590.0,0.963118,9040.43,1513,1030|1075,1,0
200949,282285.0,154502.0,1.827064,17149.97,1513,1030|1075,1,0
200950,173928.0,227968.0,0.762949,7161.52,1513,1030|1075,1,0
200961,492697.0,419896.0,1.173379,11014.07,1513,1030|1075,1,0
200969,1559517.0,523036.0,2.981663,27987.77,1513,1030|1075,1,0
200971,485104.0,472090.0,1.027567,9645.39,1513,1030|1075,1,0
200979,3067500.0,1302639.0,2.354835,22103.97,1513,1030|1075,1,0
200980,2486156.0,1461246.0,1.701395,15970.36,1513,1030|1075,1,0
200990,7866975.0,3795606.0,2.072653,19455.23,1513,1030|1075,1,0
210111,64563415.0,9289573.0,6.950095,65237.97,1549,1030|1071|1075|1079,1,0
210112,2398617.0,496399.0,4.832034,45356.52,1549,1030|1071|1075|1079,1,0
210120,9321231.0,1502813.0,6.202522,58220.78,1549,1030|1071|1075|1079,1,0
210130,60182.0,14111.0,4.2649,40033.04,1549,1030|1071|1075|1079,1,0
210210,5953731.0,2209143.0,2.695041,25297.35,1549,1030|1071|1075|1079,1,0
210220,9614517.0,6138605.0,1.566238,14701.7,1549,1030|1071|1075|1079,1,0
210230,11284634.0,4586671.0,2.46031,23094.02,1549,1030|1071|1075|1079,1,0
210310,11494670.0,12558436.0,0.915295,8591.53,1549,1030|1071|1075|1079,1,0
210320,1029696.0,598974.0,1.7191,16136.55,1549,1030|1071|1075|1079,1,0
210330,408333.0,139079.0,2.935979,27558.95,1549,1030|1071|1075|1079,1,0
210390,41861122.0,16473651.0,2.541096,23852.32,1549,1030|1071|1075|1079,1,0
210410,1720756.0,669025.0,2.572035,24142.74,1549,1030|1071|1075|1079,1,0
210420,224067.0,119662.0,1.872499,17576.46,1549,1030|1071|1075|1079,1,0
210500,8254110.0,1910992.0,4.31928,40543.49,1520,1050,1,0
210610,20066986.0,8572211.0,2.340935,21973.49,1549,1030|1071|1075|1079,1,0
210690,474530525.0,115646019.0,4.103302,38516.18,1549,1030|1071|1075|1079,1,0
220110,2938436.0,3608678.0,0.814269,7643.25,1554,1104,1,0
220190,26642.0,53874.0,0.494524,4641.92,1554,1104,1,0
220210,20029251.0,29536412.0,0.678121,6365.27,1554,1104,1,0
220290,45962255.0,61343331.0,0.749262,7033.05,1554,1104,1,0
220300,311612.0,168241.0,1.852176,17385.69,1553,1103,1,0
220410,186739.0,13490.0,13.842772,129936.98,1552,1102,1,0
220421,760027.0,127816.0,5.946259,55815.33,1552,1102,1,0
220429,1.0,1.0,1.0,9386.63,1552,1102,1,0
220430,2028246.0,397702.0,5.099914,47871.01,1552,1102,1,0
220510,5975.0,430.0,13.895349,130430.5,1552,1102,1,0
220600,86367.0,27744.0,3.112997,29220.55,1552,1102,1,0
220710,355030.0,106438.0,3.335557,31309.64,1551,1101|2011,2,1
220720,38677.0,14975.0,2.582771,24243.52,1551,1101|2011,2,1
220820,2215529.0,119062.0,18.608196,174668.25,1551,1101|2011,1,0
220830,5559596.0,448286.0,12.401895,116412.0,1551,1101|2011,1,0
220840,191664.0,22121.0,8.664346,81329.01,1551,1101|2011,1,0
220850,377008.0,35642.0,10.577633,99288.33,1551,1101|2011,1,0
220860,918625.0,88369.0,10.395331,97577.13,1551,1101|2011,1,0
220870,748958.0,55338.0,13.534244,127040.94,1551,1101|2011,1,0
220890,206308.0,15199.0,13.573788,127412.12,1551,1101|2011,1,0
220900,1084714.0,989440.0,1.096291,10290.48,1549,1030|1071|1075|1079,1,0
230110,49128955.0,64393685.0,0.762947,7161.5,1511,1010,2,1
230120,104101426.0,94893788.0,1.097031,10297.42,1512,1020|1075,2,1
230210,5108863.0,6508693.0,0.784929,7367.84,9999,,1,0
230230,5615250.0,16005363.0,0.350836,3293.16,9999,,1,0
230240,22326.0,132506.0,0.16849,1581.56,9999,,1,0
230250,2228729.0,6809800.0,0.327283,3072.08,9999,,1,0
230310,173462414.0,240930548.0,0.719969,6758.08,9999,,1,0
230330,76863114.0,234849448.0,0.327287,3072.12,9999,,1,0
230400,1828494152.0,3479611546.0,0.525488,4932.56,1514,1040,2,1
230500,160658.0,307185.0,0.523001,4909.21,1514,1040,2,1
230610,38836.0,40000.0,0.9709,9113.48,1514,1040,2,1
230620,6232.0,6000.0,1.038667,9749.58,1514,1040,2,1
230630,86767.0,306816.0,0.282798,2654.52,1514,1040,2,1
230641,25990195.0,92467494.0,0.281074,2638.34,1514,1040,2,1
230649,19114019.0,64154265.0,0.297938,2796.64,1514,1040,2,1
230660,4649.0,46260.0,0.100497,943.33,1514,1040,2,1
230690,23214014.0,49407882.0,0.469844,4410.26,1514,1040,2,1
230800,431968.0,553082.0,0.78102,7331.14,9999,,2,1
230910,31080112.0,28211695.0,1.101675,10341.01,1533,1080,2,1
230990,452872602.0,550338503.0,0.822898,7724.24,1533,1080,2,1
240110,248758528.0,47536799.0,5.232968,49119.93,0111,0111|0112|0113|0114|0115|0116|0119|0126|0128|0129|0163,2,1
240120,397714009.0,74165706.0,5.362506,50335.86,0111,0111|0112|0113|0114|0115|0116|0119|0126|0128|0129|0163,2,1
240130,12449020.0,15723197.0,0.791761,7431.97,9999,,2,1
240210,387986.0,31785.0,12.206575,114578.61,1600,1200,6,0
240220,11038875.0,657523.0,16.788576,157588.15,1600,1200,6,0
240290,805749.0,24718.0,32.597662,305982.19,1600,1200,6,0
240310,89218997.0,11806852.0,7.556544,70930.48,1600,1200,6,0
240391,4119861.0,995802.0,4.137229,38834.64,1600,1200,6,0
240399,1069392.0,203109.0,5.265114,49421.68,1600,1200,6,0
250100,883962.0,10477994.0,0.084364,791.89,1422,0893|0990,2,1
250200,35527.0,94175.0,0.377244,3541.05,1421,0891|0990,2,1
250300,71554327.0,317965934.0,0.225038,2112.35,1421,0891|0990,2,1
250410,4180798.0,10942325.0,0.382076,3586.4,1429,0810|0899|0990,2,1
250490,1471611.0,801696.0,1.835622,17230.31,1429,0810|0899|0990,2,1
250510,7493669.0,43111747.0,0.17382,1631.58,1410,0810|0990,2,1
250590,2666050.0,3742607.0,0.712351,6686.58,1410,0810|0990,2,1
250610,1597374.0,11467685.0,0.139294,1307.5,1429,0810|0899|0990,2,1
250620,679529.0,2153257.0,0.315582,2962.25,1429,0810|0899|0990,2,1
250700,35685574.0,125844531.0,0.283569,2661.75,1410,0810|0990,2,1
250810,29315317.0,184161419.0,0.159183,1494.19,1410,0810|0990,2,1
250830,3539708.0,7894781.0,0.448361,4208.59,1410,0810|0990,2,1
250840,22839245.0,65700201.0,0.347628,3263.06,1410,0810|0990,2,1
250850,816597.0,1807924.0,0.451677,4239.72,1410,0810|0990,2,1
250860,1035356.0,2737800.0,0.378171,3549.75,1410,0810|0990,2,1
250870,823263.0,2000456.0,0.411538,3862.95,1410,0810|0990,2,1
250900,690811.0,1395495.0,0.495029,4646.66,1410,0810|0990,2,1
251010,175647685.0,1002708805.0,0.175173,1644.29,1421,0891|0990,2,1
251020,894895.0,2474403.0,0.361661,3394.78,1421,0891|0990,2,1
251110,28295101.0,181747713.0,0.155683,1461.34,1421,0891|0990,2,1
251120,137.0,78.0,1.75641,16486.77,1421,0891|0990,2,1
251200,3037193.0,4531514.0,0.670238,6291.28,1429,0810|0899|0990,2,1
251310,267015.0,94398.0,2.828609,26551.1,1429,0810|0899|0990,2,1
251320,10920050.0,31596740.0,0.345607,3244.08,1429,0810|0899|0990,2,1
251400,384779.0,739085.0,0.520615,4886.82,1410,0810|0990,2,1
251511,1097139.0,6552068.0,0.167449,1571.78,1410,0810|0990,2,1
251512,22851703.0,76190505.0,0.299928,2815.32,1410,0810|0990,2,1
251520,145131.0,72839.0,1.99249,18702.77,1410,0810|0990,2,1
251612,9691995.0,28433169.0,0.340869,3199.61,1410,0810|0990,2,1
251620,1145594.0,5072143.0,0.22586,2120.06,1410,0810|0990,2,1
251690,237745.0,687612.0,0.345755,3245.47,1410,0810|0990,2,1
251720,1260.0,289.0,4.359862,40924.41,1410,0810|0990,2,1
251741,43001.0,221870.0,0.193812,1819.24,1410,0810|0990,2,1
251749,679624.0,2119351.0,0.320676,3010.06,1410,0810|0990,2,1
251810,114754.0,1410471.0,0.081359,763.68,1410,0810|0990,2,1
251820,1593719.0,9053225.0,0.176039,1652.41,1410,0810|0990,2,1
251830,241889.0,1125570.0,0.214904,2017.22,1410,0810|0990,2,1
251910,8352126.0,19885900.0,0.420002,3942.41,1429,0810|0899|0990,2,1
251990,16071802.0,41910655.0,0.383478,3599.56,1429,0810|0899|0990,2,1
252020,9157970.0,105915545.0,0.086465,811.61,2694,2394,2,1
252210,11399330.0,93129319.0,0.122403,1148.95,2694,2394,2,1
252220,1941815.0,10729723.0,0.180975,1698.75,2694,2394,2,1
252230,42764.0,164278.0,0.260315,2443.48,2694,2394,2,1
252310,4467967.0,66309699.0,0.06738,632.47,2694,2394,2,1
252321,3615184.0,49963729.0,0.072356,679.18,2694,2394,2,1
252330,4287657.0,5380490.0,0.79689,7480.11,2694,2394,2,1
252390,32018975.0,445902104.0,0.071807,674.03,2694,2394,2,1
252490,93250009.0,162418194.0,0.574135,5389.2,1429,0810|0899|0990,2,1
252510,94827.0,17374.0,5.457983,51232.07,1429,0810|0899|0990,2,1
252520,4819403.0,3735569.0,1.290139,12110.06,1429,0810|0899|0990,2,1
252530,5807.0,10100.0,0.57495,5396.85,1429,0810|0899|0990,2,1
252610,413171.0,2334648.0,0.176974,1661.19,1429,0810|0899|0990,2,1
252620,25558024.0,105709002.0,0.241777,2269.47,1429,0810|0899|0990,2,1
252810,1279734.0,2036479.0,0.628405,5898.61,1421,0891|0990,2,1
252910,28190541.0,341026635.0,0.082664,775.93,1429,0810|0899|0990,2,1
252921,815391.0,2052282.0,0.397309,3729.4,1421,0891|0990,2,1
252922,757159.0,1215644.0,0.622846,5846.42,1421,0891|0990,2,1
252930,1212071.0,3078607.0,0.393708,3695.59,1429,0810|0899|0990,2,1
253010,2569520.0,8321311.0,0.308788,2898.48,1429,0810|0899|0990,2,1
253020,43866991.0,243754808.0,0.179964,1689.25,1421,0891|0990,2,1
253090,15909651.0,45843691.0,0.347041,3257.55,1421,0891|0990,2,1
260111,188850359.0,939729126.0,0.200963,1886.36,1310,0710|0990,2,1
260112,14267967.0,33670082.0,0.423758,3977.66,1310,0710|0990,2,1
260120,673193.0,1116882.0,0.602743,5657.73,2411,1910|2011,2,1
260200,1139206.0,8768399.0,0.129922,1219.53,1320,0729|0990,2,1
260300,102757536.0,39106694.0,2.62762,24664.5,1320,0729|0990,2,1
260400,20029.0,1487.0,13.469401,126432.29,1320,0729|0990,2,1
260500,19400.0,20000.0,0.97,9105.03,1320,0729|0990,2,1
260600,716027.0,678872.0,1.05473,9900.36,1320,0729|0990,2,1
260700,69283.0,189929.0,0.364784,3424.09,1320,0729|0990,2,1
260800,213637.0,17629.0,12.118498,113751.86,1320,0729|0990,2,1
260900,1612189.0,2290429.0,0.703881,6607.07,1320,0729|0990,2,1
261000,1980172.0,3845483.0,0.514935,4833.5,1320,0729|0990,2,1
261100,257996.0,4836.0,53.349049,500767.78,1320,0729|0990,2,1
261220,27000.0,10000.0,2.7,25343.9,1200,0721|0990,2,1
261390,2090.0,5.0,418.0,3923611.34,1320,0729|0990,2,1
261400,12792034.0,5178142.0,2.470391,23188.64,1320,0729|0990,2,1
261510,26698849.0,10727350.0,2.488858,23361.99,1320,0729|0990,2,1
261590,1365203.0,347898.0,3.924147,36834.52,1320,0729|0990,2,1
261690,160482.0,1226.0,130.898858,1228699.15,1320,0729|0990,2,1
261710,619360.0,95084.0,6.513819,61142.81,1320,0729|0990,2,1
261790,550615.0,503904.0,1.092698,10256.75,1320,0729|0990,2,1
261800,91194.0,392522.0,0.232328,2180.78,9999,,2,1
262019,8026.0,3450.0,2.326377,21836.84,9999,,2,1
262021,120.0,476.0,0.252101,2366.38,9999,,2,1
262030,23773.0,2943.0,8.077812,75823.43,9999,,2,1
262040,65.0,4.0,16.25,152532.74,9999,,2,1
262060,404.0,12.0,33.666667,316016.54,9999,,2,1
262091,4973.0,310.0,16.041935,150579.71,9999,,2,1
262099,6424.0,2685.0,2.392551,22457.99,9999,,2,1
262110,2890.0,182.0,15.879121,149051.43,1429,0810|0899|0990,2,1
262190,75605.0,256603.0,0.294638,2765.66,1429,0810|0899|0990,2,1
270111,20590627.0,64317029.0,0.320143,3005.06,1010,1920,3,0
270112,209705.0,870444.0,0.240917,2261.4,1010,1920,3,0
270119,1598028.0,2525507.0,0.632755,5939.44,1010,1920,3,0
270120,1476415.0,4678999.0,0.315541,2961.86,1010,1920,3,0
270210,26036.0,23281.0,1.118337,10497.41,1020,1920,3,0
270220,505228.0,248666.0,2.031753,19071.32,1020,1920,3,0
270300,158634.0,424708.0,0.373513,3506.03,1030,0892|0990,3,0
270400,41188501.0,106703790.0,0.386008,3623.31,2310,1910,3,0
270500,37804.0,1688.0,22.395735,210220.47,4020,3520,3,0
270600,786395.0,1148760.0,0.68456,6425.71,2310,1910,2,1
270720,118486.0,51199.0,2.314225,21722.77,2411,1910|2011,2,1
270730,2792122.0,2036881.0,1.370783,12867.03,2411,1910|2011,2,1
270740,1834754.0,1097149.0,1.672292,15697.19,2411,1910|2011,2,1
270750,36748793.0,28580897.0,1.285782,12069.16,2411,1910|2011,2,1
270791,12297295.0,18307221.0,0.671718,6305.17,2411,1910|2011,2,1
270799,32211216.0,27703708.0,1.162704,10913.87,2411,1910|2011,2,1
270810,15235710.0,23298472.0,0.653936,6138.26,2411,1910|2011,2,1
270900,10803249662.0,12550087641.0,0.860811,8080.11,1110,0610|0620|0910,3,0
271011,15626741004.0,14862644653.0,1.051411,9869.2,2320,1920,3,0
271019,12411407669.0,12696104858.0,0.977576,9176.14,2320,1920,3,0
271099,72917.0,49234.0,1.481029,13901.87,2320,1920,3,0
271111,26771.0,733.0,36.52251,342823.29,1110,0610|0620|0910,3,0
271112,1307627129.0,1347656003.0,0.970297,9107.82,2320,1920,3,0
271113,1720362717.0,1777457202.0,0.967879,9085.12,2320,1920,3,0
271114,618122.0,206175.0,2.998045,28141.54,2320,1920,3,0
271119,28326263.0,22582722.0,1.254333,11773.96,2320,1920,3,0
271121,23403185.0,22386314.0,1.045424,9813.01,1110,0610|0620|0910,3,0
271129,1202977.0,100276.0,11.996659,112608.2,2320,1920,3,0
271210,6886711.0,3144103.0,2.190358,20560.08,2320,1920,2,1
271220,12106361.0,8796373.0,1.37629,12918.73,2320,1920,2,1
271290,32158524.0,17488188.0,1.838871,17260.8,2320,1920,2,1
271311,14382587.0,74493800.0,0.193071,1812.29,2320,1920,2,1
271312,35065071.0,56206783.0,0.623858,5855.93,2320,1920,2,1
271320,537143854.0,813772155.0,0.660067,6195.8,2320,1920,2,1
271390,1175.0,7.0,167.857143,1575612.89,2320,1920,2,1
271410,2156632.0,3661683.0,0.588973,5528.47,1110,0610|0620|0910,2,1
271490,29181959.0,40446363.0,0.721498,6772.43,1429,0810|0899|0990,2,1
271500,3402502.0,1782622.0,1.908706,17916.32,2699,1312|2399|3290|3319,2,1
271600,255409.0,415147.0,0.615225,5774.89,4010,3510,3,0
280110,2325325.0,3199552.0,0.726766,6821.88,2411,1910|2011,2,1
280120,739822.0,24519.0,30.173417,283226.7,2411,1910|2011,2,1
280130,1037026.0,66384.0,15.621626,146634.42,2411,1910|2011,2,1
280200,55753605.0,193276846.0,0.288465,2707.71,2411,1910|2011,2,1
280300,201282622.0,154115430.0,1.306051,12259.42,2411,1910|2011,2,1
280410,654418.0,1558133.0,0.420001,3942.4,2411,1910|2011,2,1
280421,7634180.0,11087408.0,0.688545,6463.12,2411,1910|2011,2,1
280429,4284486.0,2205068.0,1.943018,18238.39,2411,1910|2011,2,1
280430,52618461.0,19792438.0,2.658513,24954.48,2411,1910|2011,2,1
280440,7796309.0,22771419.0,0.342373,3213.72,2411,1910|2011,2,1
280450,14208.0,5766.0,2.4641,23129.59,2411,1910|2011,2,1
280461,17293626.0,188525.0,91.731208,861046.91,2411,1910|2011,2,1
280469,20731159.0,9189000.0,2.256084,21177.03,2411,1910|2011,2,1
280470,17164261.0,318952.0,53.814558,505137.35,2411,1910|2011,2,1
280480,180327.0,106007.0,1.701086,15967.46,2411,1910|2011,2,1
280490,1951189.0,35720.0,54.624552,512740.46,2411,1910|2011,2,1
280511,1487476.0,804706.0,1.848471,17350.92,2411,1910|2011,2,1
280512,74563.0,70182.0,1.062423,9972.58,2411,1910|2011,2,1
280519,8740119.0,1990177.0,4.391629,41222.6,2411,1910|2011,2,1
280530,3809.0,357.0,10.669468,100150.35,2411,1910|2011,2,1
280540,203582.0,994.0,204.810865,1922483.81,2411,1910|2011,2,1
280610,2643447.0,10570886.0,0.250069,2347.3,2411,1910|2011,2,1
280620,1953.0,119.0,16.411765,154051.16,2411,1910|2011,2,1
280700,36073775.0,477420207.0,0.07556,709.25,2411,1910|2011,2,1
280800,6710043.0,12990619.0,0.51653,4848.47,2412,2012,2,1
280910,121110.0,48925.0,2.475422,23235.87,2411,1910|2011,2,1
280920,338989444.0,355302814.0,0.954086,8955.65,2411,1910|2011,2,1
281000,4487541.0,4336127.0,1.034919,9714.4,2411,1910|2011,2,1
281111,1437279.0,1077957.0,1.333336,12515.53,2411,1910|2011,2,1
281119,2050433.0,4129242.0,0.496564,4661.06,2411,1910|2011,2,1
281121,4462130.0,7382754.0,0.604399,5673.27,2411,1910|2011,2,1
281122,47213272.0,49519191.0,0.953434,8949.53,2411,1910|2011,2,1
281129,2795002.0,1135607.0,2.461241,23102.75,2411,1910|2011,2,1
281210,375601.0,173415.0,2.165908,20330.58,2411,1910|2011,2,1
281290,2727624.0,81043.0,33.656503,315921.14,2411,1910|2011,2,1
281310,5130574.0,5777760.0,0.887987,8335.2,2411,1910|2011,2,1
281390,222329.0,28790.0,7.722438,72487.67,2411,1910|2011,2,1
281410,206272179.0,338658927.0,0.609085,5717.26,2412,2012,2,1
281420,337956.0,78434.0,4.308795,40445.06,2412,2012,2,1
281511,9761620.0,14733043.0,0.662566,6219.27,2411,1910|2011,2,1
281512,12506172.0,38371013.0,0.325928,3059.36,2411,1910|2011,2,1
281520,15857504.0,13629438.0,1.163475,10921.1,2411,1910|2011,2,1
281530,642549.0,133094.0,4.827783,45316.62,2411,1910|2011,2,1
281610,2358698.0,769827.0,3.063933,28760.0,2411,1910|2011,2,1
281640,1479042.0,339715.0,4.353773,40867.26,2411,1910|2011,2,1
281700,18369877.0,8593207.0,2.137721,20065.99,2411,1910|2011,2,1
281810,3818243.0,4622963.0,0.82593,7752.7,2699,1312|2399|3290|3319,2,1
281820,199797681.0,518474227.0,0.385357,3617.2,2720,2420,2,1
281830,32463878.0,99238092.0,0.327131,3070.66,2411,1910|2011,2,1
281910,3148759.0,739347.0,4.258838,39976.14,2411,1910|2011,2,1
281990,2211060.0,386417.0,5.721953,53709.86,2411,1910|2011,2,1
282010,33725051.0,20650679.0,1.633121,15329.5,2411,1910|2011,2,1
282090,2232357.0,1436436.0,1.554094,14587.71,2411,1910|2011,2,1
282110,17034566.0,13077945.0,1.302541,12226.48,2411,1910|2011,2,1
282120,67303.0,12624.0,5.331353,50043.44,2411,1910|2011,2,1
282200,2153830.0,200415.0,10.74685,100876.71,2411,1910|2011,2,1
282300,26701027.0,7503099.0,3.558666,33403.89,2411,1910|2011,2,1
282410,1136778.0,271952.0,4.180069,39236.76,2411,1910|2011,2,1
282490,349901.0,125823.0,2.780899,26103.27,2411,1910|2011,2,1
282510,5567324.0,1533448.0,3.630592,34079.02,2411,1910|2011,2,1
282520,532930.0,79455.0,6.707319,62959.12,2411,1910|2011,2,1
282530,544792.0,33398.0,16.312114,153115.78,2411,1910|2011,2,1
282540,3312203.0,217988.0,15.194428,142624.47,2411,1910|2011,2,1
282550,6783864.0,1006704.0,6.738688,63253.57,2411,1910|2011,2,1
282560,60680.0,2580.0,23.51938,220767.72,2411,1910|2011,2,1
282570,238823.0,21346.0,11.188185,105019.35,2411,1910|2011,2,1
282580,8142501.0,816480.0,9.972689,93609.94,2411,1910|2011,2,1
282590,2645721.0,2004238.0,1.320063,12390.95,2411,1910|2011,2,1
282612,114831.0,48696.0,2.35812,22134.8,2411,1910|2011,2,1
282619,1286517.0,1362942.0,0.943926,8860.29,2411,1910|2011,2,1
282630,3536272.0,484956.0,7.291944,68446.78,2411,1910|2011,2,1
282690,2717016.0,1524451.0,1.782291,16729.71,2411,1910|2011,2,1
282710,5047535.0,19690883.0,0.256339,2406.16,2412,2012,2,1
282720,5673777.0,15931596.0,0.356134,3342.89,2411,1910|2011,2,1
282731,1013050.0,1161595.0,0.87212,8186.27,2411,1910|2011,2,1
282732,7236176.0,17956953.0,0.402973,3782.56,2411,1910|2011,2,1
282735,1331802.0,198859.0,6.697218,62864.3,2411,1910|2011,2,1
282739,4553723.0,4408100.0,1.033035,9696.72,2411,1910|2011,2,1
282741,1542832.0,174105.0,8.861503,83179.65,2411,1910|2011,2,1
282749,2336499.0,3675475.0,0.6357,5967.08,2411,1910|2011,2,1
282751,2814397.0,910800.0,3.090027,29004.94,2411,1910|2011,2,1
282759,1013957.0,497939.0,2.036308,19114.07,2411,1910|2011,2,1
282760,831971.0,31142.0,26.7154,250767.58,2411,1910|2011,2,1
282810,2128667.0,1794586.0,1.18616,11134.05,2411,1910|2011,2,1
282890,2033163.0,2402717.0,0.846193,7942.9,2411,1910|2011,2,1
282911,9903645.0,13505137.0,0.733324,6883.44,2411,1910|2011,2,1
282919,3936204.0,3215621.0,1.224088,11490.06,2411,1910|2011,2,1
282990,1916023.0,276271.0,6.935303,65099.12,2411,1910|2011,2,1
283010,6559864.0,9257810.0,0.708576,6651.14,2411,1910|2011,2,1
283090,1279000.0,326813.0,3.913553,36735.07,2411,1910|2011,2,1
283110,14252495.0,9240711.0,1.542359,14477.55,2411,1910|2011,2,1
283190,363429.0,142054.0,2.558386,24014.63,2411,1910|2011,2,1
283210,10835241.0,23015912.0,0.470772,4418.96,2411,1910|2011,2,1
283220,707098.0,978686.0,0.722497,6781.81,2411,1910|2011,2,1
283230,824560.0,1727224.0,0.47739,4481.09,2411,1910|2011,2,1
283311,27274466.0,206087538.0,0.132344,1242.26,2411,1910|2011,2,1
283319,6194828.0,48286111.0,0.128294,1204.25,2411,1910|2011,2,1
283321,2929632.0,11826325.0,0.247721,2325.27,2411,1910|2011,2,1
283322,158476.0,103798.0,1.526773,14331.25,2411,1910|2011,2,1
283324,3813245.0,533914.0,7.142058,67039.86,2411,1910|2011,2,1
283325,36206469.0,15154684.0,2.389127,22425.85,2411,1910|2011,2,1
283327,2424198.0,2486833.0,0.974813,9150.21,2411,1910|2011,2,1
283329,9224461.0,13816291.0,0.667651,6266.99,2411,1910|2011,2,1
283330,331385.0,241751.0,1.37077,12866.91,2411,1910|2011,2,1
283340,1865033.0,1588768.0,1.173886,11018.84,2411,1910|2011,2,1
283410,1876222.0,3292164.0,0.569905,5349.49,2412,2012,2,1
283421,1489916.0,1466416.0,1.016025,9537.06,2412,2012,2,1
283429,2864600.0,2495318.0,1.14799,10775.76,2411,1910|2011,2,1
283510,1784024.0,495042.0,3.603783,33827.38,2411,1910|2011,2,1
283522,2275700.0,2080156.0,1.094004,10269.02,2411,1910|2011,2,1
283524,8262376.0,4124325.0,2.003328,18804.5,2411,1910|2011,2,1
283525,44777225.0,75055650.0,0.596587,5599.94,2411,1910|2011,2,1
283526,13064760.0,18128339.0,0.720682,6764.77,2411,1910|2011,2,1
283529,3548068.0,3364253.0,1.054638,9899.49,2411,1910|2011,2,1
283531,18773136.0,17155273.0,1.094307,10271.86,2411,1910|2011,2,1
283539,14641982.0,7542788.0,1.94119,18221.23,2411,1910|2011,2,1
283620,222555797.0,872316489.0,0.255132,2394.83,2411,1910|2011,2,1
283630,29414590.0,86626669.0,0.339556,3187.28,2411,1910|2011,2,1
283640,9568486.0,8804786.0,1.086737,10200.8,2411,1910|2011,2,1
283650,26465095.0,121059767.0,0.218612,2052.03,2411,1910|2011,2,1
283660,3367913.0,5001181.0,0.673424,6321.18,2411,1910|2011,2,1
283691,81806.0,11809.0,6.927428,65025.21,2411,1910|2011,2,1
283692,723611.0,979708.0,0.738599,6932.95,2411,1910|2011,2,1
283699,9801211.0,10285502.0,0.952915,8944.66,2411,1910|2011,2,1
283711,26048634.0,8449085.0,3.083012,28939.1,2411,1910|2011,2,1
283719,372385.0,26708.0,13.942826,130876.15,2411,1910|2011,2,1
283720,94325.0,216002.0,0.436686,4099.01,2411,1910|2011,2,1
283911,1873060.0,4086840.0,0.458315,4302.03,2411,1910|2011,2,1
283919,16842624.0,46658654.0,0.360975,3388.34,2411,1910|2011,2,1
283990,10703127.0,9227418.0,1.159927,10887.8,2411,1910|2011,2,1
284011,30740.0,29438.0,1.044229,9801.79,2411,1910|2011,2,1
284019,37073013.0,59655245.0,0.621454,5833.36,2411,1910|2011,2,1
284020,1311318.0,324837.0,4.036849,37892.41,2411,1910|2011,2,1
284030,112514.0,33432.0,3.365458,31590.31,2411,1910|2011,2,1
284130,699311.0,407945.0,1.714229,16090.83,2411,1910|2011,2,1
284150,285021.0,51216.0,5.565077,52237.32,2411,1910|2011,2,1
284161,1395931.0,517815.0,2.69581,25304.57,2411,1910|2011,2,1
284169,755214.0,171413.0,4.405815,41355.76,2411,1910|2011,2,1
284170,446601.0,26952.0,16.570236,155538.67,2411,1910|2011,2,1
284180,110897.0,23901.0,4.639848,43552.53,2411,1910|2011,2,1
284190,1154886.0,193399.0,5.97152,56052.45,2411,1910|2011,2,1
284210,14631894.0,23103302.0,0.633325,5944.79,2411,1910|2011,2,1
284290,4429684.0,814954.0,5.435502,51021.05,2411,1910|2011,2,1
284310,2849377.0,50236.0,56.719822,532407.99,2411,1910|2011,2,1
284321,593696.0,9101.0,65.23415,612328.83,2411,1910|2011,2,1
284329,2590275.0,16682.0,155.273648,1457496.28,2411,1910|2011,2,1
284330,2867260.0,4502.0,636.885829,5978211.62,2411,1910|2011,2,1
284390,1727696.0,20713.0,83.411191,782949.99,2411,1910|2011,2,1
284420,176.0,45.0,3.911111,36712.15,2330,2011|2100|2420,2,1
284440,5856272.0,23484.0,249.37285,2340770.67,2330,2011|2100|2420,2,1
284510,30763.0,11400.0,2.698509,25329.9,2411,1910|2011,2,1
284590,32250.0,8615.0,3.743471,35138.57,2411,1910|2011,2,1
284610,924485.0,42782.0,21.609205,202837.61,2411,1910|2011,2,1
284690,2128499.0,84339.0,25.237423,236894.35,2411,1910|2011,2,1
284700,12141168.0,23596808.0,0.514526,4829.66,2411,1910|2011,2,1
284800,499254.0,88029.0,5.671472,53236.01,2411,1910|2011,2,1
284910,8042651.0,11688851.0,0.688062,6458.58,2411,1910|2011,2,1
284920,2481736.0,1211064.0,2.04922,19235.27,2411,1910|2011,2,1
284990,5197250.0,403845.0,12.869418,120800.46,2411,1910|2011,2,1
285000,422440.0,30488.0,13.855943,130060.61,2411,1910|2011,2,1
285200,177023.0,901.0,196.473918,1844227.97,2411,1910|2011,2,1
285300,110672.0,12873.0,8.597219,80698.91,2411,1910|2011,2,1
290110,18331443.0,11535493.0,1.589134,14916.61,2411,1910|2011,2,1
290121,879736575.0,716584951.0,1.227679,11523.77,2411,1910|2011,2,1
290122,375869312.0,292382805.0,1.285538,12066.87,2411,1910|2011,2,1
290123,43916760.0,29199763.0,1.504011,14117.59,2411,1910|2011,2,1
290124,113907638.0,42767903.0,2.663391,25000.26,2411,1910|2011,2,1
290129,19730337.0,12753046.0,1.547108,14522.13,2411,1910|2011,2,1
290211,722259.0,386344.0,1.869471,17548.03,2411,1910|2011,2,1
290219,5749655.0,2739762.0,2.098597,19698.75,2411,1910|2011,2,1
290220,252520360.0,212959129.0,1.185769,11130.38,2411,1910|2011,2,1
290230,148778946.0,122441002.0,1.215107,11405.76,2411,1910|2011,2,1
290241,50856356.0,33879141.0,1.501111,14090.37,2411,1910|2011,2,1
290242,446.0,3.0,148.666667,1395478.99,2411,1910|2011,2,1
290243,959504634.0,643406104.0,1.491289,13998.18,2411,1910|2011,2,1
290244,42015116.0,33137014.0,1.267921,11901.51,2411,1910|2011,2,1
290250,8133237.0,5354523.0,1.518947,14257.79,2411,1910|2011,2,1
290260,6831.0,251.0,27.215139,255458.44,2411,1910|2011,2,1
290270,4458622.0,2840196.0,1.569829,14735.4,2411,1910|2011,2,1
290290,18253726.0,8770325.0,2.081306,19536.45,2411,1910|2011,2,1
290311,1317561.0,886203.0,1.486749,13955.56,2411,1910|2011,2,1
290312,7575138.0,10547176.0,0.718215,6741.62,2411,1910|2011,2,1
290313,221406.0,50464.0,4.387405,41182.95,2411,1910|2011,2,1
290315,20751.0,1309.0,15.852559,148802.11,2411,1910|2011,2,1
290319,2589942.0,2090916.0,1.238664,11626.88,2411,1910|2011,2,1
290321,114076959.0,128312688.0,0.889054,8345.22,2411,1910|2011,2,1
290322,2839900.0,3583626.0,0.792466,7438.58,2411,1910|2011,2,1
290323,1939059.0,1084790.0,1.787497,16778.57,2411,1910|2011,2,1
290329,1789755.0,394641.0,4.535147,42569.75,2411,1910|2011,2,1
290331,717829.0,274115.0,2.618715,24580.91,2411,1910|2011,2,1
290339,8211133.0,1796726.0,4.570053,42897.4,2411,1910|2011,2,1
290341,80600.0,20000.0,4.03,37828.12,2411,1910|2011,2,1
290347,511284.0,150563.0,3.395814,31875.25,2411,1910|2011,2,1
290349,15073946.0,5398952.0,2.792013,26207.6,2411,1910|2011,2,1
290351,52650.0,650.0,81.0,760317.03,2411,1910|2011,2,1
290352,420.0,6.0,70.0,657064.1,2411,1910|2011,2,1
290359,461218.0,111315.0,4.143359,38892.18,2411,1910|2011,2,1
290361,8909098.0,4970046.0,1.792558,16826.08,2411,1910|2011,2,1
290362,152.0,19.0,8.0,75093.04,2411,1910|2011,2,1
290369,1265884.0,571168.0,2.216308,20803.66,2411,1910|2011,2,1
290410,4628812.0,2464617.0,1.878106,17629.09,2411,1910|2011,2,1
290420,304400.0,142769.0,2.132116,20013.38,2411,1910|2011,2,1
290490,1623853.0,601660.0,2.698955,25334.09,2411,1910|2011,2,1
290511,103477092.0,261865693.0,0.395153,3709.16,2411,1910|2011,2,1
290512,30862166.0,22807778.0,1.353142,12701.44,2411,1910|2011,2,1
290513,48457131.0,35484402.0,1.36559,12818.28,2411,1910|2011,2,1
290514,9650271.0,7440805.0,1.296939,12173.89,2411,1910|2011,2,1
290516,70333118.0,42580580.0,1.651765,15504.51,2411,1910|2011,2,1
290517,2833160.0,1092599.0,2.593046,24339.97,2411,1910|2011,2,1
290519,11053905.0,6651646.0,1.66183,15598.98,2411,1910|2011,2,1
290522,16513801.0,1833619.0,9.006125,84537.16,2411,1910|2011,2,1
290529,1935776.0,189102.0,10.236677,96087.89,2411,1910|2011,2,1
290531,457241093.0,396889510.0,1.152061,10813.97,2411,1910|2011,2,1
290532,63731386.0,36983281.0,1.723249,16175.5,2411,1910|2011,2,1
290539,13808916.0,3917754.0,3.524702,33085.08,2411,1910|2011,2,1
290541,2072716.0,809305.0,2.561106,24040.16,2411,1910|2011,2,1
290542,7445295.0,4703739.0,1.582846,14857.59,2411,1910|2011,2,1
290543,1810176.0,348928.0,5.187821,48696.16,2411,1910|2011,2,1
290544,2132942.0,2054980.0,1.037938,9742.74,2411,1910|2011,2,1
290545,2209137.0,2326726.0,0.949462,8912.24,2424,2023,2,1
290549,4759181.0,2038652.0,2.334474,21912.85,2411,1910|2011,2,1
290551,735.0,451.0,1.629712,15297.5,2411,1910|2011,2,1
290559,2472372.0,437923.0,5.645677,52993.89,2411,1910|2011,2,1
290611,25394117.0,829434.0,30.6162,287382.94,2411,1910|2011,2,1
290612,80403.0,4698.0,17.114304,160645.64,2411,1910|2011,2,1
290613,3522712.0,231601.0,15.210262,142773.11,2411,1910|2011,2,1
290619,9446021.0,590611.0,15.993642,150126.4,2411,1910|2011,2,1
290621,1401076.0,544740.0,2.572009,24142.49,2411,1910|2011,2,1
290629,3730520.0,561799.0,6.640311,62330.14,2411,1910|2011,2,1
290711,21790591.0,14593113.0,1.493211,14016.22,2411,1910|2011,2,1
290712,1686867.0,583109.0,2.892885,27154.44,2411,1910|2011,2,1
290713,6702349.0,3000557.0,2.233702,20966.93,2411,1910|2011,2,1
290715,1167171.0,412242.0,2.831276,26576.14,2411,1910|2011,2,1
290719,4519639.0,1504552.0,3.003977,28197.22,2411,1910|2011,2,1
290721,2386067.0,433918.0,5.498889,51616.04,2411,1910|2011,2,1
290722,3230932.0,321624.0,10.045681,94295.09,2411,1910|2011,2,1
290723,1022570.0,547074.0,1.869162,17545.13,2411,1910|2011,2,1
290729,2551712.0,383696.0,6.650348,62424.36,2411,1910|2011,2,1
290811,257958.0,28856.0,8.939493,83911.71,2411,1910|2011,2,1
290819,1462208.0,170971.0,8.552374,80277.97,2411,1910|2011,2,1
290891,906506.0,222172.0,4.080199,38299.32,2411,1910|2011,2,1
290899,747967.0,72222.0,10.356498,97212.62,2411,1910|2011,2,1
290911,2224.0,218.0,10.201835,95760.85,2411,1910|2011,2,1
290919,1074355.0,69468.0,15.465466,145168.61,2411,1910|2011,2,1
290920,2761652.0,43155.0,63.99379,600686.03,2411,1910|2011,2,1
290930,9696093.0,1218206.0,7.959321,74711.2,2411,1910|2011,2,1
290941,2377174.0,2384114.0,0.997089,9359.31,2411,1910|2011,2,1
290943,28090555.0,17024679.0,1.64999,15487.85,2411,1910|2011,2,1
290944,15665567.0,7715784.0,2.030327,19057.93,2411,1910|2011,2,1
290949,20591954.0,6954347.0,2.961019,27793.99,2411,1910|2011,2,1
290950,2262953.0,134735.0,16.795584,157653.93,2411,1910|2011,2,1
290960,4456568.0,1598003.0,2.788836,26177.77,2411,1910|2011,2,1
291010,200757.0,44116.0,4.550662,42715.38,2411,1910|2011,2,1
291020,33911315.0,20357075.0,1.665825,15636.48,2411,1910|2011,2,1
291030,2430260.0,914815.0,2.656559,24936.14,2411,1910|2011,2,1
291090,534933.0,65509.0,8.165794,76649.29,2411,1910|2011,2,1
291100,904865.0,286206.0,3.161586,29676.64,2411,1910|2011,2,1
291211,53631.0,83840.0,0.639683,6004.47,2411,1910|2011,2,1
291212,513481.0,113472.0,4.525178,42476.17,2411,1910|2011,2,1
291219,5082835.0,1375667.0,3.694815,34681.86,2411,1910|2011,2,1
291221,115165.0,33508.0,3.43694,32261.29,2411,1910|2011,2,1
291229,11272477.0,1440569.0,7.825017,73450.54,2411,1910|2011,2,1
291230,445198.0,78979.0,5.636916,52911.65,2411,1910|2011,2,1
291241,5294238.0,407583.0,12.989349,121926.22,2411,1910|2011,2,1
291242,4159479.0,223523.0,18.608729,174673.26,2411,1910|2011,2,1
291249,1223821.0,104019.0,11.76536,110437.08,2411,1910|2011,2,1
291250,193545.0,25931.0,7.463846,70060.36,2411,1910|2011,2,1
291260,6680213.0,8231771.0,0.811516,7617.4,2411,1910|2011,2,1
291300,73008.0,29873.0,2.443946,22940.42,2411,1910|2011,2,1
291411,21683427.0,21303282.0,1.017844,9554.13,2411,1910|2011,2,1
291412,36010476.0,27736057.0,1.298327,12186.92,2411,1910|2011,2,1
291413,6239875.0,3496743.0,1.784482,16750.27,2411,1910|2011,2,1
291419,851827.0,161607.0,5.270978,49476.72,2411,1910|2011,2,1
291421,2009220.0,412019.0,4.876523,45774.11,2411,1910|2011,2,1
291422,7952297.0,3897436.0,2.040392,19152.4,2411,1910|2011,2,1
291423,2720595.0,185865.0,14.637479,137396.6,2411,1910|2011,2,1
291429,17220093.0,1252413.0,13.749532,129061.77,2411,1910|2011,2,1
291439,2103891.0,405743.0,5.18528,48672.3,2411,1910|2011,2,1
291440,3669148.0,1139076.0,3.221162,30235.85,2411,1910|2011,2,1
291450,2879035.0,208825.0,13.786831,129411.88,2411,1910|2011,2,1
291461,146205.0,35365.0,4.134172,38805.94,2411,1910|2011,2,1
291469,770405.0,44238.0,17.415005,163468.21,2411,1910|2011,2,1
291470,802822.0,54033.0,14.857994,139466.49,2411,1910|2011,2,1
291511,2246601.0,2365040.0,0.949921,8916.56,2411,1910|2011,2,1
291512,903826.0,1452447.0,0.622278,5841.09,2411,1910|2011,2,1
291513,1186538.0,345429.0,3.434969,32242.79,2411,1910|2011,2,1
291521,51519090.0,104975190.0,0.490774,4606.71,2411,1910|2011,2,1
291524,336613.0,205620.0,1.637064,15366.51,2411,1910|2011,2,1
291529,10775486.0,3835779.0,2.809204,26368.96,2411,1910|2011,2,1
291531,35267651.0,34079649.0,1.03486,9713.84,2411,1910|2011,2,1
291532,50548150.0,49625975.0,1.018583,9561.06,2411,1910|2011,2,1
291533,8494589.0,6304771.0,1.347327,12646.86,2411,1910|2011,2,1
291536,12375.0,1217.0,10.168447,95447.45,2411,1910|2011,2,1
291539,31433389.0,13033128.0,2.411807,22638.74,2411,1910|2011,2,1
291540,3982312.0,3767043.0,1.057145,9923.03,2411,1910|2011,2,1
291550,6306660.0,2534003.0,2.488813,23361.57,2411,1910|2011,2,1
291560,11013529.0,4066350.0,2.708456,25423.27,2411,1910|2011,2,1
291570,22309643.0,10740845.0,2.077085,19496.82,2411,1910|2011,2,1
291590,40728017.0,13984777.0,2.912311,27336.78,2411,1910|2011,2,1
291611,12694634.0,6169595.0,2.057612,19314.04,2411,1910|2011,2,1
291612,52380506.0,27342138.0,1.915743,17982.37,2411,1910|2011,2,1
291613,4304285.0,1557574.0,2.763455,25939.53,2411,1910|2011,2,1
291614,103092744.0,47628368.0,2.164524,20317.59,2411,1910|2011,2,1
291615,2634410.0,1352193.0,1.94825,18287.5,2411,1910|2011,2,1
291619,10280596.0,2070547.0,4.965159,46606.11,2411,1910|2011,2,1
291620,31906435.0,1097040.0,29.084113,273001.8,2411,1910|2011,2,1
291631,13534611.0,7084790.0,1.910376,17931.99,2411,1910|2011,2,1
291632,1220282.0,722435.0,1.689124,15855.18,2411,1910|2011,2,1
291634,16178.0,1664.0,9.722356,91260.16,2411,1910|2011,2,1
291635,492720.0,10496.0,46.943598,440642.18,2411,1910|2011,2,1
291639,14078263.0,2752914.0,5.113949,48002.75,2411,1910|2011,2,1
291711,1773149.0,1438517.0,1.232623,11570.18,2411,1910|2011,2,1
291712,8326504.0,4176422.0,1.993693,18714.06,2411,1910|2011,2,1
291713,1322544.0,299279.0,4.419101,41480.46,2411,1910|2011,2,1
291714,3576609.0,2013084.0,1.776681,16677.05,2411,1910|2011,2,1
291719,5144254.0,1881493.0,2.734134,25664.3,2411,1910|2011,2,1
291720,2295156.0,932861.0,2.460341,23094.31,2411,1910|2011,2,1
291732,10620491.0,6402919.0,1.658695,15569.56,2411,1910|2011,2,1
291733,3746211.0,1710590.0,2.190011,20556.82,2411,1910|2011,2,1
291734,6019751.0,2554230.0,2.356777,22122.2,2411,1910|2011,2,1
291735,51921546.0,34173051.0,1.519371,14261.77,2411,1910|2011,2,1
291736,83406413.0,72856193.0,1.144809,10745.9,2411,1910|2011,2,1
291737,414185.0,270922.0,1.528798,14350.26,2411,1910|2011,2,1
291739,17578169.0,8788835.0,2.000057,18773.79,2411,1910|2011,2,1
291811,6766652.0,3159633.0,2.141594,20102.35,2411,1910|2011,2,1
291812,675711.0,222357.0,3.038856,28524.62,2411,1910|2011,2,1
291813,1582698.0,609220.0,2.597909,24385.61,2411,1910|2011,2,1
291814,42662092.0,40958017.0,1.041605,9777.16,2411,1910|2011,2,1
291815,13977570.0,9728522.0,1.436762,13486.35,2411,1910|2011,2,1
291816,5157870.0,5078298.0,1.015669,9533.71,2411,1910|2011,2,1
291818,3375.0,679.0,4.970545,46656.67,2411,1910|2011,2,1
291819,3745756.0,1444260.0,2.593547,24344.66,2411,1910|2011,2,1
291821,1501583.0,415513.0,3.613805,33921.45,2423,2100|3250,2,1
291822,1341747.0,343042.0,3.91132,36714.11,2423,2100|3250,2,1
291823,6794617.0,1951790.0,3.481223,32676.96,2423,2100|3250,2,1
291829,5303075.0,632574.0,8.383327,78691.19,2411,1910|2011,2,1
291830,8649522.0,781785.0,11.063812,103851.91,2411,1910|2011,2,1
291891,787139.0,425913.0,1.848122,17347.63,2411,1910|2011,2,1
291899,7387039.0,1060533.0,6.965402,65381.65,2411,1910|2011,2,1
291910,379289.0,95138.0,3.986725,37421.91,2411,1910|2011,2,1
291990,1108594.0,382671.0,2.89699,27192.97,2411,1910|2011,2,1
292011,567267.0,71932.0,7.886156,74024.43,2411,1910|2011,2,1
292019,916241.0,261902.0,3.498412,32838.3,2411,1910|2011,2,1
292090,1250543.0,591529.0,2.114086,19844.14,2411,1910|2011,2,1
292111,5525481.0,2709175.0,2.039544,19144.44,2411,1910|2011,2,1
292119,27959731.0,11742040.0,2.381165,22351.11,2411,1910|2011,2,1
292121,7369122.0,3366848.0,2.18873,20544.8,2411,1910|2011,2,1
292122,1343745.0,301071.0,4.463216,41894.56,2411,1910|2011,2,1
292129,11119246.0,3492680.0,3.183586,29883.14,2411,1910|2011,2,1
292130,19332924.0,11571288.0,1.670767,15682.87,2411,1910|2011,2,1
292141,3217576.0,1074523.0,2.994423,28107.54,2411,1910|2011,2,1
292142,6187762.0,2072850.0,2.985147,28020.47,2411,1910|2011,2,1
292143,138553.0,16940.0,8.179044,76773.66,2411,1910|2011,2,1
292144,685841.0,140786.0,4.871514,45727.1,2411,1910|2011,2,1
292145,2966235.0,818883.0,3.622294,34001.13,2411,1910|2011,2,1
292149,444722.0,98798.0,4.501326,42252.28,2411,1910|2011,2,1
292151,11495760.0,3489013.0,3.294846,30927.5,2411,1910|2011,2,1
292159,16070960.0,3425057.0,4.692173,44043.69,2411,1910|2011,2,1
292211,2130326.0,1338138.0,1.592008,14943.59,2411,1910|2011,2,1
292212,3445679.0,2490850.0,1.383335,12984.85,2411,1910|2011,2,1
292213,3767267.0,1908666.0,1.97377,18527.05,2411,1910|2011,2,1
292219,10366797.0,887295.0,11.683597,109669.6,2411,1910|2011,2,1
292221,7901905.0,2321275.0,3.404123,31953.24,2411,1910|2011,2,1
292229,4856554.0,624229.0,7.780084,73028.77,2411,1910|2011,2,1
292231,101308.0,394.0,257.126904,2413555.11,2411,1910|2011,2,1
292239,791649.0,79168.0,9.999608,93862.62,2411,1910|2011,2,1
292241,17189429.0,7231502.0,2.377021,22312.21,2423,2100|3250,2,1
292242,38408853.0,29990315.0,1.280709,12021.54,2423,2100|3250,2,1
292243,30759.0,5821.0,5.284144,49600.3,2411,1910|2011,2,1
292249,26907037.0,3879441.0,6.935803,65103.81,2411,1910|2011,2,1
292250,7824590.0,1584383.0,4.938572,46356.55,2411,1910|2011,2,1
292310,14865987.0,11628223.0,1.27844,12000.24,2423,2100|3250,2,1
292320,16825207.0,12410316.0,1.355744,12725.86,2423,2100|3250,2,1
292390,10173481.0,5139384.0,1.979514,18580.96,2423,2100|3250,2,1
292412,349262.0,61529.0,5.67638,53282.08,2423,2100|3250,2,1
292419,10258560.0,3843895.0,2.668793,25050.97,2423,2100|3250,2,1
292421,2669515.0,478517.0,5.578726,52365.43,2411,1910|2011,2,1
292423,15327.0,125.0,122.616,1150951.02,2423,2100|3250,2,1
292429,69528648.0,10683556.0,6.508006,61088.25,2423,2100|3250,2,1
292511,2965263.0,539826.0,5.492998,51560.74,2411,1910|2011,2,1
292519,1035852.0,213858.0,4.843644,45465.49,2411,1910|2011,2,1
292521,32200.0,7000.0,4.6,43178.5,2411,1910|2011,2,1
292529,3609184.0,389935.0,9.255861,86881.34,2411,1910|2011,2,1
292610,15038156.0,7516292.0,2.000741,18780.22,2411,1910|2011,2,1
292620,3460668.0,563859.0,6.137471,57610.17,2411,1910|2011,2,1
292690,35717099.0,1293626.0,27.610066,259165.47,2411,1910|2011,2,1
292700,18583384.0,6962651.0,2.66901,25053.01,2411,1910|2011,2,1
292800,3806706.0,759928.0,5.009298,47020.43,2411,1910|2011,2,1
292910,140799292.0,61050659.0,2.30627,21648.1,2411,1910|2011,2,1
292990,1532472.0,659625.0,2.323247,21807.46,2411,1910|2011,2,1
293020,12833212.0,3324007.0,3.860766,36239.58,2411,1910|2011,2,1
293030,624217.0,220675.0,2.828671,26551.69,2411,1910|2011,2,1
293040,104595242.0,24733201.0,4.228941,39695.5,2411,1910|2011,2,1
293050,206.0,6.0,34.333333,322274.3,2411,1910|2011,2,1
293090,50812212.0,11755789.0,4.322314,40571.96,2411,1910|2011,2,1
293100,115824577.0,29735752.0,3.895129,36562.13,2411,1910|2011,2,1
293211,1550938.0,373997.0,4.146926,38925.66,2411,1910|2011,2,1
293212,683679.0,348263.0,1.963111,18427.0,2411,1910|2011,2,1
293213,2305101.0,1050349.0,2.194605,20599.94,2411,1910|2011,2,1
293219,5100151.0,124430.0,40.988114,384740.26,2411,1910|2011,2,1
293221,1758612.0,184997.0,9.506165,89230.85,2411,1910|2011,2,1
293229,9657466.0,1187550.0,8.132261,76334.52,2423,2100|3250,2,1
293292,1314.0,57.0,23.052632,216386.52,2411,1910|2011,2,1
293293,1944681.0,71651.0,27.141017,254762.68,2411,1910|2011,2,1
293295,90520.0,470.0,192.595745,1807824.99,2411,1910|2011,2,1
293299,45740843.0,3335566.0,13.713068,128719.49,2411,1910|2011,2,1
293311,7955423.0,674865.0,11.788169,110651.19,2423,2100|3250,2,1
293319,17021998.0,324936.0,52.385694,491725.13,2423,2100|3250,2,1
293321,819958.0,254283.0,3.224588,30268.02,2423,2100|3250,2,1
293329,24882499.0,642191.0,38.746259,363696.8,2411,1910|2011,2,1
293331,5008906.0,1180091.0,4.244508,39841.63,2411,1910|2011,2,1
293332,1562.0,18.0,86.777778,814550.89,2411,1910|2011,2,1
293339,105237212.0,23774941.0,4.426392,41548.91,2411,1910|2011,2,1
293349,11913598.0,343658.0,34.667018,325406.47,2411,1910|2011,2,1
293352,12633.0,35.0,360.942857,3388037.05,2423,2100|3250,2,1
293353,40912.0,929.0,44.038751,413375.46,2423,2100|3250,2,1
293354,16725.0,192.0,87.109375,817663.47,2423,2100|3250,2,1
293359,24207826.0,1077391.0,22.468933,210907.56,2423,2100|3250,2,1
293361,26240864.0,19988832.0,1.312776,12322.54,2423,2100|3250,2,1
293369,16227708.0,8876425.0,1.828181,17160.45,2423,2100|3250,2,1
293371,95702854.0,37155392.0,2.575746,24177.58,2411,1910|2011,2,1
293372,430762.0,40099.0,10.742462,100835.52,2411,1910|2011,2,1
293379,4021486.0,360570.0,11.153135,104690.35,2411,1910|2011,2,1
293391,1185207.0,4484.0,264.319135,2481065.92,2411,1910|2011,2,1
293399,23567131.0,968304.0,24.338566,228457.12,2411,1910|2011,2,1
293410,3575444.0,150875.0,23.698055,222444.87,2411,1910|2011,2,1
293420,7090733.0,1850541.0,3.831708,35966.83,2411,1910|2011,2,1
293430,2015144.0,175075.0,11.510176,108041.76,2423,2100|3250,2,1
293491,51576.0,6175.0,8.352389,78400.78,2411,1910|2011,2,1
293499,59531902.0,1853088.0,32.125782,301552.83,2411,1910|2011,2,1
293500,28882684.0,2175059.0,13.279035,124645.39,2423,2100|3250,2,1
293621,9517802.0,340946.0,27.915864,262035.88,2423,2100|3250,2,1
293622,7334206.0,262048.0,27.988025,262713.24,2423,2100|3250,2,1
293623,5309350.0,160514.0,33.077177,310483.22,2423,2100|3250,2,1
293624,6060992.0,579952.0,10.450851,98098.27,2423,2100|3250,2,1
293625,7422599.0,336261.0,22.073922,207199.74,2423,2100|3250,2,1
293626,4474400.0,50011.0,89.468317,839805.99,2423,2100|3250,2,1
293627,21232251.0,3188502.0,6.659005,62505.62,2423,2100|3250,2,1
293628,23864238.0,898897.0,26.548356,249199.6,2423,2100|3250,2,1
293629,16081805.0,1452358.0,11.072893,103937.15,2423,2100|3250,2,1
293690,24341983.0,3187924.0,7.635685,71673.35,2423,2100|3250,2,1
293719,328810.0,906.0,362.924945,3406642.17,2423,2100|3250,2,1
293721,4519277.0,6069.0,744.649366,6989748.07,2423,2100|3250,2,1
293731,1366830.0,5147.0,265.558578,2492700.11,2423,2100|3250,2,1
293739,1332596.0,128152.0,10.398558,97607.42,2423,2100|3250,2,1
293810,260972.0,4008.0,65.112774,611189.52,2423,2100|3250,2,1
293890,3003202.0,61193.0,49.077542,460672.72,2423,2100|3250,2,1
293919,1262897.0,4988.0,253.187049,2376573.15,2423,2100|3250,2,1
293920,167658.0,1540.0,108.868831,1021911.44,2423,2100|3250,2,1
293930,5961670.0,693721.0,8.593757,80666.42,2423,2100|3250,2,1
293941,514395.0,9279.0,55.436469,520361.63,2423,2100|3250,2,1
293942,2890044.0,51594.0,56.015118,525793.19,2423,2100|3250,2,1
293949,1264198.0,27947.0,45.235553,424609.4,2423,2100|3250,2,1
293951,74500.0,1473.0,50.577054,474748.09,2423,2100|3250,2,1
293959,3506539.0,312409.0,11.224193,105357.35,2423,2100|3250,2,1
293991,23075.0,250.0,92.3,866385.95,2423,2100|3250,2,1
293999,4037311.0,35803.0,112.764601,1058479.58,2423,2100|3250,2,1
294000,9984937.0,2222784.0,4.492086,42165.55,2423,2100|3250,2,1
294110,45815687.0,1097530.0,41.74436,391838.86,2423,2100|3250,2,1
294120,442251.0,83769.0,5.279411,49555.88,2423,2100|3250,2,1
294130,6130448.0,323305.0,18.96181,177987.5,2423,2100|3250,2,1
294140,3772823.0,119601.0,31.545079,296101.99,2423,2100|3250,2,1
294150,8562423.0,75883.0,112.83717,1059160.77,2423,2100|3250,2,1
294190,58315074.0,1497852.0,38.932467,365444.67,2423,2100|3250,2,1
294200,14359752.0,1696680.0,8.463442,79443.19,2411,1910|2011,2,1
300120,318156.0,3940.0,80.750254,757972.75,2423,2100|3250,2,1
300190,123179.0,9061.0,13.594416,127605.75,2423,2100|3250,2,1
300210,23045698.0,69219.0,332.938904,3125174.3,2423,2100|3250,2,1
300220,48512756.0,98960.0,490.225909,4601569.23,2423,2100|3250,2,1
300230,31755902.0,848106.0,37.443317,351466.56,2423,2100|3250,2,1
300290,10378394.0,159152.0,65.210579,612107.57,2423,2100|3250,2,1
300310,560264.0,249251.0,2.24779,21099.18,2423,2100|3250,6,0
300320,1150816.0,17493.0,65.787229,617520.38,2423,2100|3250,6,0
300339,1260137.0,45341.0,27.79244,260877.35,2423,2100|3250,6,0
300340,2008584.0,5322.0,377.411499,3542622.1,2423,2100|3250,6,0
300390,10348335.0,650805.0,15.900823,149255.14,2423,2100|3250,6,0
300410,7395738.0,192509.0,38.417622,360612.0,2423,2100|3250,6,0
300420,17387251.0,647278.0,26.862107,252144.66,2423,2100|3250,6,0
300431,27258871.0,58707.0,464.320626,4358405.92,2423,2100|3250,6,0
300432,2254893.0,21794.0,103.463935,971177.68,2423,2100|3250,6,0
300439,20018859.0,345078.0,58.012562,544542.46,2423,2100|3250,6,0
300440,6881907.0,159112.0,43.251967,405990.21,2423,2100|3250,6,0
300450,11218008.0,398014.0,28.184958,264561.78,2423,2100|3250,6,0
300490,306049071.0,120712807.0,2.535349,23798.38,2423,2100|3250,6,0
300510,2363346.0,174580.0,13.537324,127069.85,2423,2100|3250,6,0
300590,8849046.0,805495.0,10.985848,103120.09,2423,2100|3250,6,0
300610,11539015.0,83069.0,138.908799,1303885.5,2423,2100|3250,2,1
300620,2769930.0,15004.0,184.61277,1732891.76,2423,2100|3250,2,1
300630,4560309.0,85239.0,53.500264,502187.18,2423,2100|3250,2,1
300640,812475.0,93751.0,8.666308,81347.42,2423,2100|3250,2,1
300650,538846.0,55328.0,9.739119,91417.51,2423,2100|3250,2,1
300660,1319758.0,29405.0,44.882095,421291.62,2423,2100|3250,2,1
300670,4074057.0,52035.0,78.294552,734921.99,2429,1079|2011|2029|2610|2680|2817,2,1
300691,280385.0,904.0,310.160398,2911360.9,2520,2220|2610|2733|3290|3314|3319,6,0
300692,24065.0,1430.0,16.828671,157964.51,2423,2100|3250,2,1
310100,3317384.0,4343079.0,0.763832,7169.81,2412,2012,2,1
310210,61584125.0,145871724.0,0.42218,3962.85,2412,2012,2,1
310221,203341643.0,820346119.0,0.247873,2326.69,2412,2012,2,1
310229,1710769.0,5007443.0,0.341645,3206.9,2412,2012,2,1
310230,219381341.0,371965384.0,0.58979,5536.14,2412,2012,2,1
310240,790622.0,1952457.0,0.404937,3800.99,2412,2012,2,1
310250,4106647.0,7986723.0,0.514184,4826.46,2412,2012,2,1
310260,5021596.0,12687351.0,0.395795,3715.19,2412,2012,2,1
310280,4480.0,500.0,8.96,84104.2,2412,2012,2,1
310290,4814479.0,10189894.0,0.472476,4434.96,2412,2012,2,1
310310,291539026.0,715191869.0,0.407638,3826.34,2412,2012,2,1
310390,176989792.0,1255929046.0,0.140923,1322.8,2412,2012,2,1
310420,1240580987.0,2476695782.0,0.500902,4701.78,2412,2012,2,1
310430,1257624.0,1829451.0,0.687432,6452.67,2412,2012,2,1
310490,23310490.0,39231702.0,0.594175,5577.3,2412,2012,2,1
310510,2829357.0,4741982.0,0.596661,5600.64,2412,2012,2,1
310520,169487741.0,288599571.0,0.587276,5512.55,2412,2012,2,1
310530,131405960.0,215808369.0,0.608901,5715.53,2412,2012,2,1
310540,22831016.0,34313265.0,0.66537,6245.58,2412,2012,2,1
310551,2127834.0,5040263.0,0.422167,3962.73,2412,2012,2,1
310559,22397124.0,46775453.0,0.478822,4494.53,2412,2012,2,1
310560,129702.0,123908.0,1.04676,9825.55,2412,2012,2,1
310590,30345477.0,58992597.0,0.514395,4828.43,2412,2012,2,1
320110,604731.0,305765.0,1.977764,18564.54,2411,1910|2011,2,1
320120,686782.0,450776.0,1.523555,14301.05,2411,1910|2011,2,1
320190,544826.0,61779.0,8.818951,82780.23,2411,1910|2011,2,1
320210,4900290.0,2810971.0,1.743273,16363.46,2411,1910|2011,2,1
320290,4250371.0,2873166.0,1.479334,13885.96,2411,1910|2011,2,1
320300,4930583.0,239477.0,20.588963,193260.97,2411,1910|2011,2,1
320411,92808391.0,18849549.0,4.92364,46216.39,2411,1910|2011,2,1
320412,6997178.0,1115307.0,6.273769,58889.54,2411,1910|2011,2,1
320413,4004216.0,667682.0,5.99719,56293.41,2411,1910|2011,2,1
320414,22746091.0,5363227.0,4.24112,39809.83,2411,1910|2011,2,1
320415,18714455.0,3034918.0,6.166379,57881.52,2411,1910|2011,2,1
320416,49925687.0,11293853.0,4.420607,41494.6,2411,1910|2011,2,1
320417,128529183.0,16003177.0,8.031479,75388.52,2411,1910|2011,2,1
320419,15662039.0,5549716.0,2.822133,26490.32,2411,1910|2011,2,1
320420,26790057.0,4492951.0,5.962686,55969.53,2411,1910|2011,2,1
320490,11876910.0,3275477.0,3.626009,34036.01,2411,1910|2011,2,1
320500,5857016.0,1490980.0,3.9283,36873.49,2411,1910|2011,2,1
320611,245478867.0,70549426.0,3.47953,32661.06,2411,1910|2011,2,1
320619,16541689.0,3260582.0,5.073232,47620.55,2411,1910|2011,2,1
320620,7826362.0,1659580.0,4.715869,44266.12,2411,1910|2011,2,1
320641,4008707.0,1927815.0,2.079404,19518.6,2411,1910|2011,2,1
320642,2542083.0,1124415.0,2.260805,21221.34,2411,1910|2011,2,1
320649,31781127.0,5944509.0,5.3463,50183.74,2411,1910|2011,2,1
320650,11856528.0,1608449.0,7.371404,69192.65,2411,1910|2011,2,1
320710,36730772.0,9429175.0,3.895439,36565.04,2422,2022,2,1
320720,27950809.0,31690156.0,0.882003,8279.03,2422,2022,2,1
320730,4114367.0,405027.0,10.158254,95351.77,2422,2022,2,1
320740,50864599.0,91846817.0,0.553798,5198.3,2422,2022,2,1
320810,27686844.0,4981827.0,5.557568,52166.84,2422,2022,2,1
320820,40349251.0,8117941.0,4.97038,46655.12,2422,2022,2,1
320890,85187815.0,16190540.0,5.26158,49388.5,2422,2022,2,1
320910,26932979.0,9808937.0,2.745759,25773.43,2422,2022,2,1
320990,20698977.0,6276084.0,3.298072,30957.78,2422,2022,2,1
321000,10530065.0,2163442.0,4.867274,45687.3,2422,2022,2,1
321100,5488349.0,1698214.0,3.231836,30336.05,2422,2022,2,1
321210,6530159.0,864431.0,7.554286,70909.29,2422,2022,2,1
321290,30658244.0,5747561.0,5.334131,50069.52,2422,2022,2,1
321310,3454883.0,1259897.0,2.742195,25739.97,2422,2022,6,0
321390,477478.0,260680.0,1.831663,17193.15,2422,2022,6,0
321410,19753175.0,5627717.0,3.50998,32946.89,2422,2022,2,1
321490,23771529.0,10348567.0,2.297084,21561.88,2422,2022,2,1
321511,86411023.0,3361069.0,25.709387,241324.5,2422,2022,2,1
321519,59243625.0,8201163.0,7.223808,67807.21,2422,2022,2,1
321590,15812097.0,1899297.0,8.325237,78145.92,2429,1079|2011|2029|2610|2680|2817,2,1
330112,6568086.0,677976.0,9.687785,90935.66,2429,1079|2011|2029|2610|2680|2817,2,1
330113,3057304.0,115506.0,26.46879,248452.73,2429,1079|2011|2029|2610|2680|2817,2,1
330119,2218917.0,95567.0,23.218444,217942.94,2429,1079|2011|2029|2610|2680|2817,2,1
330124,1410318.0,77004.0,18.314867,171914.88,2429,1079|2011|2029|2610|2680|2817,2,1
330125,1400931.0,138032.0,10.14932,95267.92,2429,1079|2011|2029|2610|2680|2817,2,1
330129,41258457.0,13321855.0,3.09705,29070.87,2429,1079|2011|2029|2610|2680|2817,2,1
330130,2092885.0,133399.0,15.688911,147266.0,2429,1079|2011|2029|2610|2680|2817,2,1
330190,10767435.0,704706.0,15.279329,143421.41,2429,1079|2011|2029|2610|2680|2817,2,1
330210,35216559.0,2846837.0,12.370416,116116.52,2429,1079|2011|2029|2610|2680|2817,2,1
330290,318041703.0,19897304.0,15.984161,150037.4,2429,1079|2011|2029|2610|2680|2817,2,1
330300,84739634.0,1673855.0,50.625433,475202.21,2424,2023,6,0
330410,8638913.0,345843.0,24.979291,234471.36,2424,2023,6,0
330420,15080465.0,597548.0,25.237245,236892.68,2424,2023,6,0
330430,970337.0,81966.0,11.838287,111121.62,2424,2023,6,0
330491,12548230.0,1188468.0,10.558324,99107.08,2424,2023,6,0
330499,106872051.0,8818594.0,12.118944,113756.05,2424,2023,6,0
330510,117250929.0,33778380.0,3.471183,32582.71,2424,2023,6,0
330520,1499055.0,264273.0,5.672373,53244.47,2424,2023,6,0
330530,3278933.0,895831.0,3.660214,34357.07,2424,2023,6,0
330590,30016373.0,5943375.0,5.050392,47406.16,2424,2023,6,0
330610,17099202.0,3007648.0,5.68524,53365.25,2424,2023,6,0
330620,100401.0,4403.0,22.802862,214042.03,2430,2030,2,1
330690,1656710.0,774145.0,2.140051,20087.87,2424,2023,6,0
330710,693817.0,85742.0,8.091915,75955.81,2424,2023,6,0
330720,19544119.0,2004977.0,9.747802,91499.01,2424,2023,6,0
330730,3841630.0,1734651.0,2.214641,20788.02,2424,2023,6,0
330741,2715669.0,3166466.0,0.857634,8050.29,2424,2023,6,0
330749,9052806.0,1424717.0,6.354108,59643.66,2424,2023,6,0
330790,4106100.0,964433.0,4.257527,39963.84,2424,2023,6,0
340111,16863113.0,7693584.0,2.191841,20574.0,2424,2023,6,0
340119,6348912.0,2127485.0,2.984233,28011.9,2424,2023,6,0
340120,937297.0,507137.0,1.848213,17348.49,2424,2023,6,0
340130,6296996.0,478065.0,13.171841,123639.19,2424,2023,6,0
340211,34792328.0,14926794.0,2.330864,21878.96,2424,2023,6,0
340212,32749946.0,11472584.0,2.854627,26795.33,2424,2023,6,0
340213,77796737.0,28958098.0,2.686528,25217.44,2424,2023,6,0
340219,32836091.0,13264771.0,2.475436,23236.0,2424,2023,6,0
340220,21623924.0,9305879.0,2.323684,21811.56,2424,2023,6,0
340290,95714493.0,38060612.0,2.514791,23605.41,2424,2023,6,0
340311,15498669.0,4473538.0,3.464522,32520.18,2429,1079|2011|2029|2610|2680|2817,3,0
340319,113974426.0,40836663.0,2.790983,26197.92,2429,1079|2011|2029|2610|2680|2817,3,0
340391,36097552.0,11402615.0,3.165726,29715.5,2429,1079|2011|2029|2610|2680|2817,3,0
340399,28250236.0,6206793.0,4.551503,42723.27,2429,1079|2011|2029|2610|2680|2817,3,0
340420,11356484.0,4503285.0,2.521822,23671.41,2424,2023,2,1
340490,40197052.0,14845385.0,2.707714,25416.31,2424,2023,2,1
340510,1036201.0,198468.0,5.220998,49007.57,2424,2023,6,0
340520,189963.0,14013.0,13.556198,127247.01,2424,2023,6,0
340530,1886830.0,630958.0,2.990421,28069.97,2424,2023,6,0
340540,988096.0,179385.0,5.508242,51703.83,2424,2023,6,0
340590,2396060.0,744296.0,3.21923,30217.72,2424,2023,6,0
340600,1787931.0,1153705.0,1.54973,14546.74,3699,1399|1512|1629|1709|2029|2219|2220|2599|2829|3092|3212|3290|3312,6,0
340700,2149217.0,297140.0,7.233011,67893.6,2429,1079|2011|2029|2610|2680|2817,2,1
350110,26910542.0,3149602.0,8.544109,80200.39,1520,1050,2,1
350190,23144769.0,2367035.0,9.777958,91782.07,2429,1079|2011|2029|2610|2680|2817,2,1
350211,804478.0,118950.0,6.763161,63483.29,1549,1030|1071|1075|1079,1,0
350219,40163.0,4604.0,8.723501,81884.28,1549,1030|1071|1075|1079,1,0
350220,3062957.0,349611.0,8.761043,82236.67,2429,1079|2011|2029|2610|2680|2817,2,1
350290,94564.0,2162.0,43.73913,410563.03,2429,1079|2011|2029|2610|2680|2817,2,1
350300,28291203.0,3916506.0,7.223582,67805.09,2429,1079|2011|2029|2610|2680|2817,2,1
350400,12153502.0,3296715.0,3.686549,34604.27,2429,1079|2011|2029|2610|2680|2817,2,1
350510,124457937.0,160120086.0,0.777279,7296.03,1532,1062,2,1
350520,13481002.0,5919971.0,2.277207,21375.3,2429,1079|2011|2029|2610|2680|2817,2,1
350610,22118535.0,4185863.0,5.284104,49599.93,2429,1079|2011|2029|2610|2680|2817,2,1
350691,89734030.0,27192197.0,3.299992,30975.8,2429,1079|2011|2029|2610|2680|2817,2,1
350699,62869502.0,15998020.0,3.92983,36887.86,2429,1079|2011|2029|2610|2680|2817,2,1
350790,35437632.0,4636285.0,7.64354,71747.09,2411,1910|2011,2,1
360100,3007962.0,190213.0,15.813651,148436.89,2429,1079|2011|2029|2610|2680|2817,2,1
360200,13521281.0,2046137.0,6.608199,62028.72,2429,1079|2011|2029|2610|2680|2817,2,1
360300,71383287.0,39548725.0,1.804945,16942.35,2429,1079|2011|2029|2610|2680|2817,2,1
360410,27353519.0,20695957.0,1.321684,12406.16,2429,1079|2011|2029|2610|2680|2817,2,1
360490,1348057.0,192691.0,6.995952,65668.41,2429,1079|2011|2029|2610|2680|2817,2,1
360610,68332.0,80298.0,0.85098,7987.84,3699,1399|1512|1629|1709|2029|2219|2220|2599|2829|3092|3212|3290|3312,6,0
360690,2234427.0,262079.0,8.525777,80028.31,3699,1399|1512|1629|1709|2029|2219|2220|2599|2829|3092|3212|3290|3312,6,0
370110,11977160.0,496463.0,24.12498,226452.26,2429,1079|2011|2029|2610|2680|2817,2,1
370120,1390954.0,44643.0,31.15727,292461.76,2429,1079|2011|2029|2610|2680|2817,2,1
370130,20668852.0,3440515.0,6.007488,56390.07,2429,1079|2011|2029|2610|2680|2817,2,1
370191,131904.0,16051.0,8.217806,77137.5,2429,1079|2011|2029|2610|2680|2817,2,1
370199,1937583.0,2333564.0,0.830311,7793.82,2429,1079|2011|2029|2610|2680|2817,2,1
370210,508514.0,16507.0,30.805961,289164.16,2429,1079|2011|2029|2610|2680|2817,2,1
370231,4007.0,161.0,24.888199,233616.31,2429,1079|2011|2029|2610|2680|2817,2,1
370232,53176.0,29289.0,1.815562,17042.01,2429,1079|2011|2029|2610|2680|2817,2,1
370239,420939.0,21712.0,19.387389,181982.25,2429,1079|2011|2029|2610|2680|2817,2,1
370241,1.0,1.0,1.0,9386.63,2429,1079|2011|2029|2610|2680|2817,2,1
370243,665828.0,33642.0,19.79157,185776.15,2429,1079|2011|2029|2610|2680|2817,2,1
370244,1282323.0,158669.0,8.081749,75860.39,2429,1079|2011|2029|2610|2680|2817,2,1
370251,7229.0,96.0,75.302083,706832.79,2429,1079|2011|2029|2610|2680|2817,2,1
370253,6573.0,374.0,17.574866,164968.77,2429,1079|2011|2029|2610|2680|2817,2,1
370254,116027.0,8738.0,13.278439,124639.79,2429,1079|2011|2029|2610|2680|2817,2,1
370255,511848.0,10669.0,47.975255,450325.97,2429,1079|2011|2029|2610|2680|2817,2,1
370256,3391.0,65.0,52.169231,489693.27,2429,1079|2011|2029|2610|2680|2817,2,1
370291,665025.0,626420.0,1.061628,9965.11,2429,1079|2011|2029|2610|2680|2817,2,1
370295,41907.0,16514.0,2.537665,23820.12,2429,1079|2011|2029|2610|2680|2817,2,1
370310,3397854.0,954890.0,3.558372,33401.12,2429,1079|2011|2029|2610|2680|2817,2,1
370320,14579978.0,1953317.0,7.464215,70063.82,2429,1079|2011|2029|2610|2680|2817,2,1
370390,1199205.0,770044.0,1.55732,14617.99,2429,1079|2011|2029|2610|2680|2817,2,1
370400,925129.0,168325.0,5.496088,51589.74,7494,7420,2,1
370510,196155.0,214180.0,0.915842,8596.67,7494,7420,2,1
370590,588207.0,118404.0,4.967797,46630.87,7494,7420,2,1
370610,1373542.0,19376.0,70.888832,665407.23,9211,5911|5912|5913|5920,2,1
370690,1196.0,2424.0,0.493399,4631.36,9211,5911|5912|5913|5920,2,1
370710,399030.0,100147.0,3.984443,37400.49,2429,1079|2011|2029|2610|2680|2817,2,1
370790,18176336.0,3341451.0,5.439654,51060.02,2429,1079|2011|2029|2610|2680|2817,2,1
380110,10399250.0,5558794.0,1.870774,17560.27,2699,1312|2399|3290|3319,2,1
380120,409559.0,144729.0,2.829834,26562.6,2699,1312|2399|3290|3319,2,1
380130,12050283.0,18223815.0,0.661238,6206.8,2699,1312|2399|3290|3319,2,1
380190,6115748.0,2665989.0,2.293988,21532.82,2699,1312|2399|3290|3319,2,1
380210,13069587.0,6650384.0,1.965238,18446.96,2429,1079|2011|2029|2610|2680|2817,2,1
380290,17053952.0,18220827.0,0.935959,8785.5,2411,1910|2011,2,1
380300,379950.0,187026.0,2.031536,19069.27,2411,1910|2011,2,1
380400,13466717.0,8798525.0,1.530565,14366.85,9999,,2,1
380510,395852.0,136915.0,2.891224,27138.85,2411,1910|2011,2,1
380590,5422488.0,2150652.0,2.521323,23666.72,2411,1910|2011,2,1
380610,2189385.0,640846.0,3.416398,32068.46,2411,1910|2011,2,1
380620,709725.0,202994.0,3.496286,32818.34,2411,1910|2011,2,1
380630,5157453.0,1526861.0,3.377814,31706.29,2411,1910|2011,2,1
380690,13482038.0,6405488.0,2.104764,19756.64,2411,1910|2011,2,1
380700,275533.0,187780.0,1.467318,13773.17,2411,1910|2011,2,1
380850,42537231.0,11166556.0,3.809342,35756.88,2421,2021,2,1
380891,87972916.0,8605851.0,10.222454,95954.39,2421,2021,2,1
380892,58202932.0,10198070.0,5.70725,53571.84,2421,2021,2,1
380893,93391628.0,22680545.0,4.117698,38651.3,2421,2021,2,1
380894,3491965.0,2823583.0,1.236714,11608.58,2421,2021,2,1
380899,7365311.0,2588854.0,2.845008,26705.04,2421,2021,2,1
380910,2666583.0,2550748.0,1.045412,9812.9,2429,1079|2011|2029|2610|2680|2817,2,1
380991,60768736.0,32367362.0,1.87747,17623.11,2429,1079|2011|2029|2610|2680|2817,2,1
380992,64311263.0,29801974.0,2.157953,20255.91,2429,1079|2011|2029|2610|2680|2817,2,1
380993,12414945.0,4275567.0,2.903696,27255.92,2429,1079|2011|2029|2610|2680|2817,2,1
381010,38503179.0,10433017.0,3.690512,34641.47,2429,1079|2011|2029|2610|2680|2817,2,1
381090,21092961.0,5178024.0,4.073554,38236.95,2429,1079|2011|2029|2610|2680|2817,2,1
