kbli,divisi,divisi_nama,sektor,match_level,n_isic4_sumber,Pm_usd_per_kg,Pm_rp_per_kg,lnPm,Pm_intermed_rp_per_kg,lnPm_intermed,cif_usd,Pm_bps_bagianA_rp_per_kg,pangsa_impor_bps_A,Pd_rp_per_kg,Pd_cakupan
10110,10,Makanan,Resource Intensive,group_3digit,1,2.063436,19368.71,9.871414,7169.93,8.877651,225636432.0,,0.0,44204.1,1.0
10120,10,Makanan,Resource Intensive,group_3digit,1,2.063436,19368.71,9.871414,7169.93,8.877651,225636432.0,,0.0,1213.5,0.998
10130,10,Makanan,Resource Intensive,group_3digit,1,2.063436,19368.71,9.871414,7169.93,8.877651,225636432.0,4679.9,0.0652,6221.8,0.586
10211,10,Makanan,Resource Intensive,group_3digit,1,1.277477,11991.2,9.391928,10567.21,9.265511,163045287.0,21987.0,0.0,1557.2,1.0
10212,10,Makanan,Resource Intensive,group_3digit,1,1.277477,11991.2,9.391928,10567.21,9.265511,163045287.0,,0.0,29117.4,0.954
10213,10,Makanan,Resource Intensive,group_3digit,1,1.277477,11991.2,9.391928,10567.21,9.265511,163045287.0,13450.2,0.004,168.7,0.999
10214,10,Makanan,Resource Intensive,group_3digit,1,1.277477,11991.2,9.391928,10567.21,9.265511,163045287.0,112.6,0.0488,14930.1,1.0
10217,10,Makanan,Resource Intensive,group_3digit,1,1.277477,11991.2,9.391928,10567.21,9.265511,163045287.0,4792.8,0.0168,10822.6,1.0
10218,10,Makanan,Resource Intensive,group_3digit,1,1.277477,11991.2,9.391928,10567.21,9.265511,163045287.0,,0.0,4835.1,0.714
10219,10,Makanan,Resource Intensive,group_3digit,1,1.277477,11991.2,9.391928,10567.21,9.265511,163045287.0,0.2,0.0163,292.2,0.967
10221,10,Makanan,Resource Intensive,group_3digit,1,1.277477,11991.2,9.391928,10567.21,9.265511,163045287.0,1997.3,0.2617,1924.0,1.0
10222,10,Makanan,Resource Intensive,group_3digit,1,1.277477,11991.2,9.391928,10567.21,9.265511,163045287.0,,0.0,52160.0,0.999
10291,10,Makanan,Resource Intensive,group_3digit,1,1.277477,11991.2,9.391928,10567.21,9.265511,163045287.0,0.8,0.0019,95.9,0.888
10293,10,Makanan,Resource Intensive,group_3digit,1,1.277477,11991.2,9.391928,10567.21,9.265511,163045287.0,5.4,0.0015,6.6,0.763
10294,10,Makanan,Resource Intensive,group_3digit,1,1.277477,11991.2,9.391928,10567.21,9.265511,163045287.0,,,,
10299,10,Makanan,Resource Intensive,group_3digit,1,1.277477,11991.2,9.391928,10567.21,9.265511,163045287.0,2268.9,0.0084,0.1,0.741
10311,10,Makanan,Resource Intensive,group_3digit,1,2.495398,23423.37,10.06149,,,287727326.5,,0.0,839.6,1.0
10312,10,Makanan,Resource Intensive,group_3digit,1,2.495398,23423.37,10.06149,,,287727326.5,0.5,0.0053,5424.1,0.407
10313,10,Makanan,Resource Intensive,group_3digit,1,2.495398,23423.37,10.06149,,,287727326.5,,0.0,,
10314,10,Makanan,Resource Intensive,group_3digit,1,2.495398,23423.37,10.06149,,,287727326.5,,0.0,44966.9,0.996
10320,10,Makanan,Resource Intensive,group_3digit,1,2.495398,23423.37,10.06149,,,287727326.5,1000.0,0.9249,40224.2,1.0
10330,10,Makanan,Resource Intensive,group_3digit,1,2.495398,23423.37,10.06149,,,287727326.5,7897.4,0.0895,83975.6,1.0
10391,10,Makanan,Resource Intensive,group_3digit,1,2.495398,23423.37,10.06149,,,287727326.5,,0.0,,
10392,10,Makanan,Resource Intensive,group_3digit,1,2.495398,23423.37,10.06149,,,287727326.5,53.0,0.9812,6282.6,0.666
10399,10,Makanan,Resource Intensive,group_3digit,1,2.495398,23423.37,10.06149,,,287727326.5,112.4,0.0229,32329.8,0.852
10411,10,Makanan,Resource Intensive,group_3digit,1,0.550323,5165.68,8.549792,4875.72,8.492022,2076753477.0,4549.5,0.0071,9318.4,1.0
10412,10,Makanan,Resource Intensive,group_3digit,1,0.550323,5165.68,8.549792,4875.72,8.492022,2076753477.0,,,,
10413,10,Makanan,Resource Intensive,group_3digit,1,0.550323,5165.68,8.549792,4875.72,8.492022,2076753477.0,,,,
10415,10,Makanan,Resource Intensive,group_3digit,1,0.550323,5165.68,8.549792,4875.72,8.492022,2076753477.0,,,,
10421,10,Makanan,Resource Intensive,group_3digit,1,0.550323,5165.68,8.549792,4875.72,8.492022,2076753477.0,,0.0,3034.5,0.976
10422,10,Makanan,Resource Intensive,group_3digit,1,0.550323,5165.68,8.549792,4875.72,8.492022,2076753477.0,,0.0,4220.4,1.0
10423,10,Makanan,Resource Intensive,group_3digit,1,0.550323,5165.68,8.549792,4875.72,8.492022,2076753477.0,,0.0,43.9,1.0
10424,10,Makanan,Resource Intensive,group_3digit,1,0.550323,5165.68,8.549792,4875.72,8.492022,2076753477.0,366.5,0.0039,5933.4,1.0
10431,10,Makanan,Resource Intensive,group_3digit,1,0.550323,5165.68,8.549792,4875.72,8.492022,2076753477.0,176597.6,0.0011,1835.8,0.043
10432,10,Makanan,Resource Intensive,group_3digit,1,0.550323,5165.68,8.549792,4875.72,8.492022,2076753477.0,2121.1,0.0021,6761.0,0.487
10490,10,Makanan,Resource Intensive,group_3digit,1,0.550323,5165.68,8.549792,4875.72,8.492022,2076753477.0,,0.0,451.2,0.981
10510,10,Makanan,Resource Intensive,group_3digit,1,3.109799,29190.53,10.2816,80200.39,11.292284,1185798287.0,1110.4,0.0359,12453.4,0.97
10520,10,Makanan,Resource Intensive,group_3digit,1,3.109799,29190.53,10.2816,80200.39,11.292284,1185798287.0,1678.1,0.6556,8758.9,0.982
10531,10,Makanan,Resource Intensive,group_3digit,1,3.109799,29190.53,10.2816,80200.39,11.292284,1185798287.0,15.1,0.007,13048.2,0.836
10532,10,Makanan,Resource Intensive,group_3digit,1,3.109799,29190.53,10.2816,80200.39,11.292284,1185798287.0,,0.0,530.0,1.0
10590,10,Makanan,Resource Intensive,group_3digit,1,3.109799,29190.53,10.2816,80200.39,11.292284,1185798287.0,,,,
10611,10,Makanan,Resource Intensive,class_4digit,1,0.498153,4675.98,8.450194,,,1141075542.0,,0.0,10486.8,0.802
10612,10,Makanan,Resource Intensive,class_4digit,1,0.498153,4675.98,8.450194,,,1141075542.0,124050.3,0.0012,24935.1,0.994
10613,10,Makanan,Resource Intensive,class_4digit,1,0.498153,4675.98,8.450194,,,1141075542.0,,0.0,31149.2,1.0
10614,10,Makanan,Resource Intensive,class_4digit,1,0.498153,4675.98,8.450194,,,1141075542.0,,0.0,17642.9,1.0
10615,10,Makanan,Resource Intensive,class_4digit,1,0.498153,4675.98,8.450194,,,1141075542.0,,0.0,1503.6,0.946
10616,10,Makanan,Resource Intensive,class_4digit,1,0.498153,4675.98,8.450194,,,1141075542.0,,0.0,2907.0,1.0
10617,10,Makanan,Resource Intensive,class_4digit,1,0.498153,4675.98,8.450194,,,1141075542.0,1000.0,0.9993,10192.8,0.019
10618,10,Makanan,Resource Intensive,class_4digit,1,0.498153,4675.98,8.450194,,,1141075542.0,,0.0,21574.3,0.997
10621,10,Makanan,Resource Intensive,class_4digit,1,0.547739,5141.42,8.545085,4882.26,8.493363,664953735.0,,0.0,5129.5,1.0
10622,10,Makanan,Resource Intensive,class_4digit,1,0.547739,5141.42,8.545085,4882.26,8.493363,664953735.0,0.0,0.0,3706.7,1.0
10623,10,Makanan,Resource Intensive,class_4digit,1,0.547739,5141.42,8.545085,4882.26,8.493363,664953735.0,1462.8,0.501,9027.6,0.799
10629,10,Makanan,Resource Intensive,class_4digit,1,0.547739,5141.42,8.545085,4882.26,8.493363,664953735.0,0.6,1.1904,53850.4,1.0
10631,10,Makanan,Resource Intensive,group_3digit,2,0.51533,4837.21,8.484093,4882.26,8.493363,1806029277.0,,0.0,3956.2,0.922
10632,10,Makanan,Resource Intensive,group_3digit,2,0.51533,4837.21,8.484093,4882.26,8.493363,1806029277.0,,0.0,2961.0,1.0
10633,10,Makanan,Resource Intensive,group_3digit,2,0.51533,4837.21,8.484093,4882.26,8.493363,1806029277.0,1000.0,0.5409,5260.1,0.902
10634,10,Makanan,Resource Intensive,group_3digit,2,0.51533,4837.21,8.484093,4882.26,8.493363,1806029277.0,,,,
10710,10,Makanan,Resource Intensive,class_4digit,1,3.389427,31815.3,10.367703,,,245320249.5,2398.1,0.0387,12790.8,0.917
10721,10,Makanan,Resource Intensive,class_4digit,1,0.576645,5412.76,8.596514,,,1682922241.0,1561.4,0.1226,8066.5,0.565
10722,10,Makanan,Resource Intensive,class_4digit,1,0.576645,5412.76,8.596514,,,1682922241.0,,0.0,8642.6,0.403
10723,10,Makanan,Resource Intensive,class_4digit,1,0.576645,5412.76,8.596514,,,1682922241.0,1952.0,0.0566,2128.3,0.859
10729,10,Makanan,Resource Intensive,class_4digit,1,0.576645,5412.76,8.596514,,,1682922241.0,4668.7,0.0044,13466.1,0.957
10731,10,Makanan,Resource Intensive,class_4digit,1,4.116098,38636.29,10.561947,,,152474045.0,240.8,0.0209,710.2,0.924
10732,10,Makanan,Resource Intensive,class_4digit,1,4.116098,38636.29,10.561947,,,152474045.0,2465.1,0.1426,24120.1,0.965
10733,10,Makanan,Resource Intensive,class_4digit,1,4.116098,38636.29,10.561947,,,152474045.0,,,,
10739,10,Makanan,Resource Intensive,class_4digit,1,4.116098,38636.29,10.561947,,,152474045.0,7503.5,0.0005,24887.5,0.985
10740,10,Makanan,Resource Intensive,class_4digit,1,1.569045,14728.05,9.597509,,,8134945.0,21422.6,0.004,8067.3,0.98
10750,10,Makanan,Resource Intensive,class_4digit,1,1.849549,17361.03,9.761984,10567.21,9.265511,458907558.5,2530.3,0.0268,18482.6,0.85
10761,10,Makanan,Resource Intensive,group_3digit,6,0.875235,8215.51,9.013779,23963.06,10.084269,2971366160.17,2144.3,0.0172,15965.2,0.608
10762,10,Makanan,Resource Intensive,group_3digit,6,0.875235,8215.51,9.013779,23963.06,10.084269,2971366160.17,,,,
10771,10,Makanan,Resource Intensive,group_3digit,6,0.875235,8215.51,9.013779,23963.06,10.084269,2971366160.17,3667.5,0.0647,5008.7,0.468
10772,10,Makanan,Resource Intensive,group_3digit,6,0.875235,8215.51,9.013779,23963.06,10.084269,2971366160.17,4.7,0.0048,26425.0,0.922
10773,10,Makanan,Resource Intensive,group_3digit,6,0.875235,8215.51,9.013779,23963.06,10.084269,2971366160.17,3430.1,0.0048,3966.1,0.955
10774,10,Makanan,Resource Intensive,group_3digit,6,0.875235,8215.51,9.013779,23963.06,10.084269,2971366160.17,480.9,0.5571,1019.7,0.995
10779,10,Makanan,Resource Intensive,group_3digit,6,0.875235,8215.51,9.013779,23963.06,10.084269,2971366160.17,1.8,0.1137,8566.2,0.407
10792,10,Makanan,Resource Intensive,class_4digit,1,3.724344,34959.04,10.461932,37611.02,10.535052,423607121.17,6668894.7,0.0016,11910.0,0.978
10793,10,Makanan,Resource Intensive,class_4digit,1,3.724344,34959.04,10.461932,37611.02,10.535052,423607121.17,4379.5,0.1301,36144.1,0.864
10794,10,Makanan,Resource Intensive,class_4digit,1,3.724344,34959.04,10.461932,37611.02,10.535052,423607121.17,1.8,0.0017,11451.2,0.742
10799,10,Makanan,Resource Intensive,class_4digit,1,3.724344,34959.04,10.461932,37611.02,10.535052,423607121.17,0.0,0.0001,3778.2,0.566
10801,10,Makanan,Resource Intensive,class_4digit,1,0.836492,7851.84,8.968504,7851.84,8.968503,483952714.0,2435.7,0.341,6164.0,0.269
10802,10,Makanan,Resource Intensive,class_4digit,1,0.836492,7851.84,8.968504,7851.84,8.968503,483952714.0,2439.6,0.5044,3960.1,0.85
11010,11,Minuman,Resource Intensive,class_4digit,1,11.71973,110008.77,11.608315,30438.11,10.323451,5305697.5,234.5,0.2278,,
11020,11,Minuman,Resource Intensive,class_4digit,1,1.271526,11935.35,9.38726,,,1230398518.0,,0.0,3858.7,0.809
11030,11,Minuman,Resource Intensive,class_4digit,1,0.58993,5537.45,8.619289,,,20137368.0,,,,
11040,11,Minuman,Resource Intensive,class_4digit,1,0.729373,6846.35,8.831471,,,68956584.0,1133.3,0.0435,9228.2,0.858
11050,11,Minuman,Resource Intensive,group_3digit,4,1.207892,11338.04,9.335919,30438.11,10.323451,1324798167.5,9.6,0.0158,7574.0,0.961
11090,11,Minuman,Resource Intensive,group_3digit,4,1.207892,11338.04,9.335919,30438.11,10.323451,1324798167.5,0.2,0.0424,5311.3,0.363
12011,12,Pengolahan tembakau,Resource Intensive,group_3digit,1,7.772777,72960.18,11.197669,,,106640860.0,2541.6,0.0656,6904.7,0.084
12012,12,Pengolahan tembakau,Resource Intensive,group_3digit,1,7.772777,72960.18,11.197669,,,106640860.0,1093.4,0.2927,45660.8,0.483
12019,12,Pengolahan tembakau,Resource Intensive,group_3digit,1,7.772777,72960.18,11.197669,,,106640860.0,,0.0,15790.0,0.749
12091,12,Pengolahan tembakau,Resource Intensive,group_3digit,1,7.772777,72960.18,11.197669,,,106640860.0,4139.7,0.112,42183.0,0.98
12099,12,Pengolahan tembakau,Resource Intensive,group_3digit,1,7.772777,72960.18,11.197669,,,106640860.0,,0.4832,41408.9,1.0
13111,13,Tekstil,Labor Intensive,class_4digit,1,9.022309,84689.08,11.346742,84689.08,11.346742,550618.0,1646.2,0.4454,1268.5,0.579
13112,13,Tekstil,Labor Intensive,class_4digit,1,9.022309,84689.08,11.346742,84689.08,11.346742,550618.0,1633.0,0.4611,3314.5,0.853
13113,13,Tekstil,Labor Intensive,class_4digit,1,9.022309,84689.08,11.346742,84689.08,11.346742,550618.0,898.7,0.4519,20120.0,0.993
13121,13,Tekstil,Labor Intensive,class_4digit,1,1.155071,10842.22,9.291203,10842.22,9.291203,9599514.25,2447.1,0.1697,14694.6,0.819
13122,13,Tekstil,Labor Intensive,class_4digit,1,1.155071,10842.22,9.291203,10842.22,9.291203,9599514.25,0.2,0.0011,94000.0,0.31
13131,13,Tekstil,Labor Intensive,group_3digit,2,1.212422,11380.55,9.339661,11380.55,9.339661,10150132.25,1343.3,0.3867,36072.3,0.496
13132,13,Tekstil,Labor Intensive,group_3digit,2,1.212422,11380.55,9.339661,11380.55,9.339661,10150132.25,1482.7,0.2898,44660.7,0.887
13133,13,Tekstil,Labor Intensive,group_3digit,2,1.212422,11380.55,9.339661,11380.55,9.339661,10150132.25,1350.0,0.0554,23960.7,0.853
13134,13,Tekstil,Labor Intensive,group_3digit,2,1.212422,11380.55,9.339661,11380.55,9.339661,10150132.25,3147.4,0.0243,698076.9,0.779
13911,13,Tekstil,Labor Intensive,group_3digit,1,2.734269,25665.57,10.152906,,,314668.46,4979.9,0.1821,48314.4,0.771
13912,13,Tekstil,Labor Intensive,group_3digit,1,2.734269,25665.57,10.152906,,,314668.46,1514.6,0.1557,,
13921,13,Tekstil,Labor Intensive,group_3digit,1,2.734269,25665.57,10.152906,,,314668.46,1375.4,0.5015,101892.9,0.899
13922,13,Tekstil,Labor Intensive,group_3digit,1,2.734269,25665.57,10.152906,,,314668.46,,0.0037,,
13923,13,Tekstil,Labor Intensive,group_3digit,1,2.734269,25665.57,10.152906,,,314668.46,,0.0,11085.8,0.928
13924,13,Tekstil,Labor Intensive,group_3digit,1,2.734269,25665.57,10.152906,,,314668.46,10567.9,0.2436,,
13929,13,Tekstil,Labor Intensive,group_3digit,1,2.734269,25665.57,10.152906,,,314668.46,1574110.7,0.492,7164.0,
13930,13,Tekstil,Labor Intensive,group_3digit,1,2.734269,25665.57,10.152906,,,314668.46,2485.5,0.5257,22341.0,0.857
13941,13,Tekstil,Labor Intensive,group_3digit,1,2.734269,25665.57,10.152906,,,314668.46,7708.8,0.036,7615.9,
13942,13,Tekstil,Labor Intensive,group_3digit,1,2.734269,25665.57,10.152906,,,314668.46,2386.5,0.175,50279.3,0.586
13991,13,Tekstil,Labor Intensive,class_4digit,1,2.734269,25665.57,10.152906,,,314668.46,1566.0,0.6125,27531.9,
13992,13,Tekstil,Labor Intensive,class_4digit,1,2.734269,25665.57,10.152906,,,314668.46,,0.2233,55311.9,0.728
13993,13,Tekstil,Labor Intensive,class_4digit,1,2.734269,25665.57,10.152906,,,314668.46,,0.0,12358.3,
13994,13,Tekstil,Labor Intensive,class_4digit,1,2.734269,25665.57,10.152906,,,314668.46,,,,
13995,13,Tekstil,Labor Intensive,class_4digit,1,2.734269,25665.57,10.152906,,,314668.46,,,,
13996,13,Tekstil,Labor Intensive,class_4digit,1,2.734269,25665.57,10.152906,,,314668.46,,,,
13997,13,Tekstil,Labor Intensive,class_4digit,1,2.734269,25665.57,10.152906,,,314668.46,,0.0,564.8,0.882
13999,13,Tekstil,Labor Intensive,class_4digit,1,2.734269,25665.57,10.152906,,,314668.46,4038.0,0.0036,14413.7,0.645
14111,14,Pakaian jadi,Labor Intensive,unmatched,0,,,,,,,524.8,0.7101,500000.0,0.72
14112,14,Pakaian jadi,Labor Intensive,unmatched,0,,,,,,,607.1,0.0031,,
14120,14,Pakaian jadi,Labor Intensive,unmatched,0,,,,,,,,0.0,,
14131,14,Pakaian jadi,Labor Intensive,unmatched,0,,,,,,,546.2,0.4146,73117.5,0.901
14132,14,Pakaian jadi,Labor Intensive,unmatched,0,,,,,,,83673.6,0.4106,,
14200,14,Pakaian jadi,Labor Intensive,unmatched,0,,,,,,,,,,
14301,14,Pakaian jadi,Labor Intensive,unmatched,0,,,,,,,1011.8,0.25,22950.0,0.625
14302,14,Pakaian jadi,Labor Intensive,unmatched,0,,,,,,,,0.0019,,
14303,14,Pakaian jadi,Labor Intensive,unmatched,0,,,,,,,10875.5,0.1846,,
15111,15,"Kulit, barang kulit dan alas kaki",Labor Intensive,group_3digit,1,2.734269,25665.57,10.152906,,,314668.46,93828.9,0.0061,59548.9,0.972
15112,15,"Kulit, barang kulit dan alas kaki",Labor Intensive,group_3digit,1,2.734269,25665.57,10.152906,,,314668.46,2916.3,0.011,8917.7,0.328
15114,15,"Kulit, barang kulit dan alas kaki",Labor Intensive,group_3digit,1,2.734269,25665.57,10.152906,,,314668.46,1402.1,0.2385,24600.0,0.6
15121,15,"Kulit, barang kulit dan alas kaki",Labor Intensive,class_4digit,1,2.734269,25665.57,10.152906,,,314668.46,226.6,0.1522,,
15122,15,"Kulit, barang kulit dan alas kaki",Labor Intensive,class_4digit,1,2.734269,25665.57,10.152906,,,314668.46,,0.0,,
15129,15,"Kulit, barang kulit dan alas kaki",Labor Intensive,class_4digit,1,2.734269,25665.57,10.152906,,,314668.46,,0.0055,,
15201,15,"Kulit, barang kulit dan alas kaki",Labor Intensive,division_2digit,1,2.734269,25665.57,10.152906,,,314668.46,1535.3,0.3406,445.3,0.651
15202,15,"Kulit, barang kulit dan alas kaki",Labor Intensive,division_2digit,1,2.734269,25665.57,10.152906,,,314668.46,2331.1,0.6851,,
15203,15,"Kulit, barang kulit dan alas kaki",Labor Intensive,division_2digit,1,2.734269,25665.57,10.152906,,,314668.46,,0.0,283533.4,0.667
15209,15,"Kulit, barang kulit dan alas kaki",Labor Intensive,division_2digit,1,2.734269,25665.57,10.152906,,,314668.46,,0.2926,,
16101,16,Kayu dan barang dari kayu,Labor Intensive,division_2digit,1,2.734269,25665.57,10.152906,,,314668.46,1791.7,0.0146,31098.5,0.576
16102,16,Kayu dan barang dari kayu,Labor Intensive,division_2digit,1,2.734269,25665.57,10.152906,,,314668.46,,0.0,7690.9,0.561
16103,16,Kayu dan barang dari kayu,Labor Intensive,division_2digit,1,2.734269,25665.57,10.152906,,,314668.46,,0.0,11344.5,
16104,16,Kayu dan barang dari kayu,Labor Intensive,division_2digit,1,2.734269,25665.57,10.152906,,,314668.46,,0.0,5614.6,0.868
16211,16,Kayu dan barang dari kayu,Labor Intensive,group_3digit,1,2.734269,25665.57,10.152906,,,314668.46,2687.2,0.0017,,
16212,16,Kayu dan barang dari kayu,Labor Intensive,group_3digit,1,2.734269,25665.57,10.152906,,,314668.46,2102.5,0.0004,40000.0,0.488
16213,16,Kayu dan barang dari kayu,Labor Intensive,group_3digit,1,2.734269,25665.57,10.152906,,,314668.46,3777.0,0.0095,93152.7,0.655
16214,16,Kayu dan barang dari kayu,Labor Intensive,group_3digit,1,2.734269,25665.57,10.152906,,,314668.46,,0.0,,
16221,16,Kayu dan barang dari kayu,Labor Intensive,group_3digit,1,2.734269,25665.57,10.152906,,,314668.46,1646.0,0.0669,,
16222,16,Kayu dan barang dari kayu,Labor Intensive,group_3digit,1,2.734269,25665.57,10.152906,,,314668.46,,0.0235,55000.0,0.979
16230,16,Kayu dan barang dari kayu,Labor Intensive,group_3digit,1,2.734269,25665.57,10.152906,,,314668.46,2.1,0.0143,,
16291,16,Kayu dan barang dari kayu,Labor Intensive,class_4digit,1,2.734269,25665.57,10.152906,,,314668.46,342.5,0.0013,,
16292,16,Kayu dan barang dari kayu,Labor Intensive,class_4digit,1,2.734269,25665.57,10.152906,,,314668.46,,0.0,7595.7,0.899
16293,16,Kayu dan barang dari kayu,Labor Intensive,class_4digit,1,2.734269,25665.57,10.152906,,,314668.46,0.0,0.2557,48411.8,0.798
16294,16,Kayu dan barang dari kayu,Labor Intensive,class_4digit,1,2.734269,25665.57,10.152906,,,314668.46,4210.2,0.0501,8753.8,0.696
16295,16,Kayu dan barang dari kayu,Labor Intensive,class_4digit,1,2.734269,25665.57,10.152906,,,314668.46,2449.6,0.1742,1504.4,0.739
16299,16,Kayu dan barang dari kayu,Labor Intensive,class_4digit,1,2.734269,25665.57,10.152906,,,314668.46,20226.2,0.0161,5327.7,0.781
17011,17,Kertas dan barang dari kertas,Resource Intensive,group_3digit,1,2.734269,25665.57,10.152906,,,314668.46,1000.0,0.0,7069.1,0.099
17012,17,Kertas dan barang dari kertas,Resource Intensive,group_3digit,1,2.734269,25665.57,10.152906,,,314668.46,1833.0,63.1473,6790.5,0.384
17013,17,Kertas dan barang dari kertas,Resource Intensive,group_3digit,1,2.734269,25665.57,10.152906,,,314668.46,,,,
17014,17,Kertas dan barang dari kertas,Resource Intensive,group_3digit,1,2.734269,25665.57,10.152906,,,314668.46,5119.2,0.1447,5126.7,0.997
17019,17,Kertas dan barang dari kertas,Resource Intensive,group_3digit,1,2.734269,25665.57,10.152906,,,314668.46,1169.1,0.0845,4890.5,0.685
17021,17,Kertas dan barang dari kertas,Resource Intensive,group_3digit,1,2.734269,25665.57,10.152906,,,314668.46,1055.5,0.5464,4142.0,0.873
17022,17,Kertas dan barang dari kertas,Resource Intensive,group_3digit,1,2.734269,25665.57,10.152906,,,314668.46,76.0,0.1544,9577.7,0.815
17091,17,Kertas dan barang dari kertas,Resource Intensive,class_4digit,1,2.734269,25665.57,10.152906,,,314668.46,251.4,0.5288,10836.4,0.822
17099,17,Kertas dan barang dari kertas,Resource Intensive,class_4digit,1,2.734269,25665.57,10.152906,,,314668.46,130.0,0.0445,10978.9,0.863
18111,18,Percetakan dan reproduksi media,Labor Intensive,unmatched,0,,,,,,,58917.0,0.0743,10309.3,0.685
18112,18,Percetakan dan reproduksi media,Labor Intensive,unmatched,0,,,,,,,,0.0,,
18120,18,Percetakan dan reproduksi media,Labor Intensive,unmatched,0,,,,,,,6233.6,0.0257,28063.7,0.966
18201,18,Percetakan dan reproduksi media,Labor Intensive,unmatched,0,,,,,,,,0.0,,
19100,19,Batubara dan pengilangan migas,Resource Intensive,class_4digit,1,1.121418,10526.34,9.261636,10713.66,9.279275,4529068070.5,,0.0,2995.7,0.998
19211,19,Batubara dan pengilangan migas,Resource Intensive,group_3digit,1,1.000162,9388.15,9.147204,6146.69,8.72367,31758509120.0,,0.0,7498767.0,0.678
19212,19,Batubara dan pengilangan migas,Resource Intensive,group_3digit,1,1.000162,9388.15,9.147204,6146.69,8.72367,31758509120.0,,0.0,47061.3,0.962
19213,19,Batubara dan pengilangan migas,Resource Intensive,group_3digit,1,1.000162,9388.15,9.147204,6146.69,8.72367,31758509120.0,3206.9,0.0042,32000.0,0.954
19214,19,Batubara dan pengilangan migas,Resource Intensive,group_3digit,1,1.000162,9388.15,9.147204,6146.69,8.72367,31758509120.0,,,,
19291,19,Batubara dan pengilangan migas,Resource Intensive,group_3digit,1,1.000162,9388.15,9.147204,6146.69,8.72367,31758509120.0,3712.0,0.1353,3800.4,0.961
19292,19,Batubara dan pengilangan migas,Resource Intensive,group_3digit,1,1.000162,9388.15,9.147204,6146.69,8.72367,31758509120.0,,,,
20111,20,Bahan kimia dan barang kimia,Labor Intensive,class_4digit,1,1.181903,11094.08,9.314167,11036.14,9.308931,4714107320.0,1789.4,0.146,12009.2,0.816
20112,20,Bahan kimia dan barang kimia,Labor Intensive,class_4digit,1,1.181903,11094.08,9.314167,11036.14,9.308931,4714107320.0,12465.3,0.0558,12279.3,0.557
20113,20,Bahan kimia dan barang kimia,Labor Intensive,class_4digit,1,1.181903,11094.08,9.314167,11036.14,9.308931,4714107320.0,1409.5,0.3905,9391.4,0.988
20114,20,Bahan kimia dan barang kimia,Labor Intensive,class_4digit,1,1.181903,11094.08,9.314167,11036.14,9.308931,4714107320.0,0.9,0.0849,9404.5,0.851
20115,20,Bahan kimia dan barang kimia,Labor Intensive,class_4digit,1,1.181903,11094.08,9.314167,11036.14,9.308931,4714107320.0,1691.9,0.3263,861.3,0.088
20116,20,Bahan kimia dan barang kimia,Labor Intensive,class_4digit,1,1.181903,11094.08,9.314167,11036.14,9.308931,4714107320.0,164.9,0.2569,5873.7,0.935
20117,20,Bahan kimia dan barang kimia,Labor Intensive,class_4digit,1,1.181903,11094.08,9.314167,11036.14,9.308931,4714107320.0,7159.0,0.0128,6893.5,0.797
20118,20,Bahan kimia dan barang kimia,Labor Intensive,class_4digit,1,1.181903,11094.08,9.314167,11036.14,9.308931,4714107320.0,5085.3,0.6042,5830.9,0.394
20119,20,Bahan kimia dan barang kimia,Labor Intensive,class_4digit,1,1.181903,11094.08,9.314167,11036.14,9.308931,4714107320.0,1793.4,0.1947,3539.1,0.853
20121,20,Bahan kimia dan barang kimia,Labor Intensive,class_4digit,1,0.411757,3865.01,8.259719,3865.01,8.25972,2841039067.0,449.6,0.0158,197.6,0.45
20122,20,Bahan kimia dan barang kimia,Labor Intensive,class_4digit,1,0.411757,3865.01,8.259719,3865.01,8.25972,2841039067.0,,0.0006,10108.9,0.848
20123,20,Bahan kimia dan barang kimia,Labor Intensive,class_4digit,1,0.411757,3865.01,8.259719,3865.01,8.25972,2841039067.0,,0.8356,1677.2,0.049
20129,20,Bahan kimia dan barang kimia,Labor Intensive,class_4digit,1,0.411757,3865.01,8.259719,3865.01,8.25972,2841039067.0,,0.0,1759.0,0.961
20131,20,Bahan kimia dan barang kimia,Labor Intensive,group_3digit,2,0.693873,6513.13,8.781575,6487.36,8.777611,7555146387.0,2338.5,0.3894,83.3,0.589
20132,20,Bahan kimia dan barang kimia,Labor Intensive,group_3digit,2,0.693873,6513.13,8.781575,6487.36,8.777611,7555146387.0,,0.5215,140646.2,0.152
20211,20,Bahan kimia dan barang kimia,Labor Intensive,class_4digit,1,5.045548,47360.69,10.765548,47360.69,10.765548,292961983.0,100.9,0.1524,42774.3,0.758
20212,20,Bahan kimia dan barang kimia,Labor Intensive,class_4digit,1,5.045548,47360.69,10.765548,47360.69,10.765548,292961983.0,414.4,0.322,18320.9,0.501
20213,20,Bahan kimia dan barang kimia,Labor Intensive,class_4digit,1,5.045548,47360.69,10.765548,47360.69,10.765548,292961983.0,,,,
20214,20,Bahan kimia dan barang kimia,Labor Intensive,class_4digit,1,5.045548,47360.69,10.765548,47360.69,10.765548,292961983.0,,,,
20221,20,Bahan kimia dan barang kimia,Labor Intensive,class_4digit,1,2.596834,24375.52,10.101335,24376.22,10.101364,566834943.0,72.4,0.1683,3965.4,0.706
20222,20,Bahan kimia dan barang kimia,Labor Intensive,class_4digit,1,2.596834,24375.52,10.101335,24376.22,10.101364,566834943.0,0.5,0.4529,2992.4,0.515
20223,20,Bahan kimia dan barang kimia,Labor Intensive,class_4digit,1,2.596834,24375.52,10.101335,24376.22,10.101364,566834943.0,,0.079,21197.4,0.384
20231,20,Bahan kimia dan barang kimia,Labor Intensive,class_4digit,1,3.803986,35706.61,10.483091,23222.88,10.052893,826183841.0,1276.6,0.1859,9.9,0.866
20232,20,Bahan kimia dan barang kimia,Labor Intensive,class_4digit,1,3.803986,35706.61,10.483091,23222.88,10.052893,826183841.0,229.1,0.2091,27027.3,0.352
20291,20,Bahan kimia dan barang kimia,Labor Intensive,class_4digit,1,3.835023,35997.94,10.491217,37611.02,10.535052,220070967.13,581.5,0.1805,10699.1,
20292,20,Bahan kimia dan barang kimia,Labor Intensive,class_4digit,1,3.835023,35997.94,10.491217,37611.02,10.535052,220070967.13,1299.4,0.0658,1992.8,1.0
20293,20,Bahan kimia dan barang kimia,Labor Intensive,class_4digit,1,3.835023,35997.94,10.491217,37611.02,10.535052,220070967.13,1190.1,0.1837,1507.9,0.131
20294,20,Bahan kimia dan barang kimia,Labor Intensive,class_4digit,1,3.835023,35997.94,10.491217,37611.02,10.535052,220070967.13,218.3,2.4733,3061.1,0.44
20295,20,Bahan kimia dan barang kimia,Labor Intensive,class_4digit,1,3.835023,35997.94,10.491217,37611.02,10.535052,220070967.13,132.8,0.3152,,
20299,20,Bahan kimia dan barang kimia,Labor Intensive,class_4digit,1,3.835023,35997.94,10.491217,37611.02,10.535052,220070967.13,172.2,0.2013,16636.5,0.96
20301,20,Bahan kimia dan barang kimia,Labor Intensive,class_4digit,1,22.802862,214042.03,12.273928,214042.03,12.273928,100401.0,,0.0,,
20302,20,Bahan kimia dan barang kimia,Labor Intensive,class_4digit,1,22.802862,214042.03,12.273928,214042.03,12.273928,100401.0,,0.0,246715.5,0.659
21011,21,Farmasi dan obat tradisional,Labor Intensive,group_3digit,1,4.486434,42112.5,10.6481,51243.13,10.844337,587068596.33,35342.5,0.3273,65154.3,0.493
21012,21,Farmasi dan obat tradisional,Labor Intensive,group_3digit,1,4.486434,42112.5,10.6481,51243.13,10.844337,587068596.33,43.8,0.5533,1817.0,0.743
21021,21,Farmasi dan obat tradisional,Labor Intensive,group_3digit,1,4.486434,42112.5,10.6481,51243.13,10.844337,587068596.33,,0.0,20009.3,0.544
21022,21,Farmasi dan obat tradisional,Labor Intensive,group_3digit,1,4.486434,42112.5,10.6481,51243.13,10.844337,587068596.33,1.2,0.0102,4333.8,0.205
22111,22,Karet dan plastik,Resource Intensive,group_3digit,1,2.734269,25665.57,10.152906,,,314668.46,130.3,0.1948,1549.4,0.497
22112,22,Karet dan plastik,Resource Intensive,group_3digit,1,2.734269,25665.57,10.152906,,,314668.46,5802.1,0.1544,6509.5,0.969
22121,22,Karet dan plastik,Resource Intensive,group_3digit,1,2.734269,25665.57,10.152906,,,314668.46,,0.0,0.2,0.961
22122,22,Karet dan plastik,Resource Intensive,group_3digit,1,2.734269,25665.57,10.152906,,,314668.46,220.1,0.0098,394.1,0.339
22123,22,Karet dan plastik,Resource Intensive,group_3digit,1,2.734269,25665.57,10.152906,,,314668.46,1925.2,0.0066,22951.9,0.24
22191,22,Karet dan plastik,Resource Intensive,class_4digit,1,2.734269,25665.57,10.152906,,,314668.46,1172.9,0.1673,12441.9,0.564
22192,22,Karet dan plastik,Resource Intensive,class_4digit,1,2.734269,25665.57,10.152906,,,314668.46,1204.0,0.4525,55951.1,0.791
22199,22,Karet dan plastik,Resource Intensive,class_4digit,1,2.734269,25665.57,10.152906,,,314668.46,118.6,0.4058,22534.5,0.83
22210,22,Karet dan plastik,Resource Intensive,group_3digit,1,3.136224,29438.57,10.290061,,,361399.29,1580.5,0.3244,13619.5,0.864
22220,22,Karet dan plastik,Resource Intensive,group_3digit,1,3.136224,29438.57,10.290061,,,361399.29,2056.0,0.2091,7101.0,0.672
22230,22,Karet dan plastik,Resource Intensive,group_3digit,1,3.136224,29438.57,10.290061,,,361399.29,13823.7,0.0307,14244.2,0.988
22291,22,Karet dan plastik,Resource Intensive,group_3digit,1,3.136224,29438.57,10.290061,,,361399.29,3074.6,0.3199,2834.6,0.835
22292,22,Karet dan plastik,Resource Intensive,group_3digit,1,3.136224,29438.57,10.290061,,,361399.29,11.9,0.2797,396.9,0.96
22293,22,Karet dan plastik,Resource Intensive,group_3digit,1,3.136224,29438.57,10.290061,,,361399.29,1014.3,0.4807,71022.3,0.731
22299,22,Karet dan plastik,Resource Intensive,group_3digit,1,3.136224,29438.57,10.290061,,,361399.29,1254.3,0.5675,18814.6,0.981
23111,23,Galian bukan logam,Capital Intensive,division_2digit,2,0.096699,907.68,6.810887,907.67,6.810884,75980558.25,1041.4,1.1791,,
23112,23,Galian bukan logam,Capital Intensive,division_2digit,2,0.096699,907.68,6.810887,907.67,6.810884,75980558.25,,0.0,42725.6,0.729
23119,23,Galian bukan logam,Capital Intensive,division_2digit,2,0.096699,907.68,6.810887,907.67,6.810884,75980558.25,,0.0,152035.8,1.0
23121,23,Galian bukan logam,Capital Intensive,division_2digit,2,0.096699,907.68,6.810887,907.67,6.810884,75980558.25,1120.5,0.8527,6263.7,0.395
23122,23,Galian bukan logam,Capital Intensive,division_2digit,2,0.096699,907.68,6.810887,907.67,6.810884,75980558.25,9185.3,0.0345,,
23123,23,Galian bukan logam,Capital Intensive,division_2digit,2,0.096699,907.68,6.810887,907.67,6.810884,75980558.25,979.8,0.6295,8652.3,0.545
23129,23,Galian bukan logam,Capital Intensive,division_2digit,2,0.096699,907.68,6.810887,907.67,6.810884,75980558.25,1003.1,0.395,17294.9,0.162
23911,23,Galian bukan logam,Capital Intensive,group_3digit,2,0.096699,907.68,6.810887,907.67,6.810884,75980558.25,873.6,0.4526,9605.0,0.484
23919,23,Galian bukan logam,Capital Intensive,group_3digit,2,0.096699,907.68,6.810887,907.67,6.810884,75980558.25,,,,
23921,23,Galian bukan logam,Capital Intensive,group_3digit,2,0.096699,907.68,6.810887,907.67,6.810884,75980558.25,4.5,0.2731,14729.4,0.607
23922,23,Galian bukan logam,Capital Intensive,group_3digit,2,0.096699,907.68,6.810887,907.67,6.810884,75980558.25,5.1,0.0285,123.1,0.707
23923,23,Galian bukan logam,Capital Intensive,group_3digit,2,0.096699,907.68,6.810887,907.67,6.810884,75980558.25,26.5,0.0278,85115.3,0.011
23929,23,Galian bukan logam,Capital Intensive,group_3digit,2,0.096699,907.68,6.810887,907.67,6.810884,75980558.25,777.6,0.2036,10717.2,0.703
23931,23,Galian bukan logam,Capital Intensive,group_3digit,2,0.096699,907.68,6.810887,907.67,6.810884,75980558.25,753.9,0.3141,114801.3,0.22
23932,23,Galian bukan logam,Capital Intensive,group_3digit,2,0.096699,907.68,6.810887,907.67,6.810884,75980558.25,347.7,0.4107,2890.9,0.105
23933,23,Galian bukan logam,Capital Intensive,group_3digit,2,0.096699,907.68,6.810887,907.67,6.810884,75980558.25,,,,
23939,23,Galian bukan logam,Capital Intensive,group_3digit,2,0.096699,907.68,6.810887,907.67,6.810884,75980558.25,162.2,0.0003,49339.7,0.97
23941,23,Galian bukan logam,Capital Intensive,class_4digit,1,0.086086,808.06,6.694637,808.06,6.694633,66931662.0,9377.7,0.0666,651533.8,0.676
23942,23,Galian bukan logam,Capital Intensive,class_4digit,1,0.086086,808.06,6.694637,808.06,6.694633,66931662.0,,0.0,756.3,0.912
23943,23,Galian bukan logam,Capital Intensive,class_4digit,1,0.086086,808.06,6.694637,808.06,6.694633,66931662.0,1000.0,0.0001,105378.8,0.486
23951,23,Galian bukan logam,Capital Intensive,group_3digit,2,0.096699,907.68,6.810887,907.67,6.810884,75980558.25,21260.9,0.0476,78067.1,0.397
23952,23,Galian bukan logam,Capital Intensive,group_3digit,2,0.096699,907.68,6.810887,907.67,6.810884,75980558.25,,0.0,12255.5,0.142
23953,23,Galian bukan logam,Capital Intensive,group_3digit,2,0.096699,907.68,6.810887,907.67,6.810884,75980558.25,1060.8,0.0773,5884.0,0.444
23954,23,Galian bukan logam,Capital Intensive,group_3digit,2,0.096699,907.68,6.810887,907.67,6.810884,75980558.25,,,,
23955,23,Galian bukan logam,Capital Intensive,group_3digit,2,0.096699,907.68,6.810887,907.67,6.810884,75980558.25,230.1,0.8756,10013.7,0.892
23957,23,Galian bukan logam,Capital Intensive,group_3digit,2,0.096699,907.68,6.810887,907.67,6.810884,75980558.25,,0.3906,193.0,0.294
23959,23,Galian bukan logam,Capital Intensive,group_3digit,2,0.096699,907.68,6.810887,907.67,6.810884,75980558.25,1349.5,0.7024,366.9,0.979
23961,23,Galian bukan logam,Capital Intensive,group_3digit,2,0.096699,907.68,6.810887,907.67,6.810884,75980558.25,,0.0,194.0,0.369
23962,23,Galian bukan logam,Capital Intensive,group_3digit,2,0.096699,907.68,6.810887,907.67,6.810884,75980558.25,100926.0,0.1589,19272.4,0.845
23963,23,Galian bukan logam,Capital Intensive,group_3digit,2,0.096699,907.68,6.810887,907.67,6.810884,75980558.25,77.0,0.0162,1900.2,0.91
23969,23,Galian bukan logam,Capital Intensive,group_3digit,2,0.096699,907.68,6.810887,907.67,6.810884,75980558.25,,0.0,476.0,0.858
23990,23,Galian bukan logam,Capital Intensive,class_4digit,1,1.096872,10295.93,9.239504,10295.93,9.239504,9048896.25,69.0,0.0295,1246.3,0.755
24101,24,Logam dasar,Capital Intensive,division_2digit,1,0.389116,3652.49,8.203165,3652.49,8.203164,201749830.33,289.2,0.631,7113.8,0.739
24102,24,Logam dasar,Capital Intensive,division_2digit,1,0.389116,3652.49,8.203165,3652.49,8.203164,201749830.33,1054.4,0.7337,8491.6,0.457
24103,24,Logam dasar,Capital Intensive,division_2digit,1,0.389116,3652.49,8.203165,3652.49,8.203164,201749830.33,1005.5,0.1079,8728.6,0.774
24201,24,Logam dasar,Capital Intensive,class_4digit,1,0.389116,3652.49,8.203165,3652.49,8.203164,201749830.33,165.9,0.452,229.4,0.96
24202,24,Logam dasar,Capital Intensive,class_4digit,1,0.389116,3652.49,8.203165,3652.49,8.203164,201749830.33,1134.1,0.0979,61329.4,0.797
24203,24,Logam dasar,Capital Intensive,class_4digit,1,0.389116,3652.49,8.203165,3652.49,8.203164,201749830.33,58572.7,0.3029,25946.1,0.956
24204,24,Logam dasar,Capital Intensive,class_4digit,1,0.389116,3652.49,8.203165,3652.49,8.203164,201749830.33,5102.1,0.1528,23353.7,1.0
24205,24,Logam dasar,Capital Intensive,class_4digit,1,0.389116,3652.49,8.203165,3652.49,8.203164,201749830.33,232813.7,0.7698,101483.3,0.995
24310,24,Logam dasar,Capital Intensive,division_2digit,1,0.389116,3652.49,8.203165,3652.49,8.203164,201749830.33,333291.1,0.0234,28447.0,0.457
24320,24,Logam dasar,Capital Intensive,division_2digit,1,0.389116,3652.49,8.203165,3652.49,8.203164,201749830.33,1463.8,0.2964,19794.0,0.313
25111,25,"Barang logam, bukan mesin",Capital Intensive,division_2digit,1,2.734269,25665.57,10.152906,,,314668.46,1004.7,0.7639,16122.6,0.641
25112,25,"Barang logam, bukan mesin",Capital Intensive,division_2digit,1,2.734269,25665.57,10.152906,,,314668.46,1008.4,0.3602,43740.8,0.699
25113,25,"Barang logam, bukan mesin",Capital Intensive,division_2digit,1,2.734269,25665.57,10.152906,,,314668.46,3719.8,0.0241,2221.8,0.508
25119,25,"Barang logam, bukan mesin",Capital Intensive,division_2digit,1,2.734269,25665.57,10.152906,,,314668.46,2004.4,0.1973,2726.2,0.609
25120,25,"Barang logam, bukan mesin",Capital Intensive,division_2digit,1,2.734269,25665.57,10.152906,,,314668.46,1269.7,0.2044,17829.0,0.78
25130,25,"Barang logam, bukan mesin",Capital Intensive,division_2digit,1,2.734269,25665.57,10.152906,,,314668.46,,0.0,32738.5,0.981
25200,25,"Barang logam, bukan mesin",Capital Intensive,division_2digit,1,2.734269,25665.57,10.152906,,,314668.46,,,,
25910,25,"Barang logam, bukan mesin",Capital Intensive,group_3digit,1,2.734269,25665.57,10.152906,,,314668.46,1013.8,0.688,143692.9,0.619
25920,25,"Barang logam, bukan mesin",Capital Intensive,group_3digit,1,2.734269,25665.57,10.152906,,,314668.46,1012.8,0.3294,5997.0,0.685
25931,25,"Barang logam, bukan mesin",Capital Intensive,group_3digit,1,2.734269,25665.57,10.152906,,,314668.46,775.2,0.3419,331078.8,1.0
25932,25,"Barang logam, bukan mesin",Capital Intensive,group_3digit,1,2.734269,25665.57,10.152906,,,314668.46,1085.5,0.3681,123369.9,0.379
25933,25,"Barang logam, bukan mesin",Capital Intensive,group_3digit,1,2.734269,25665.57,10.152906,,,314668.46,45834.3,0.2185,,
25934,25,"Barang logam, bukan mesin",Capital Intensive,group_3digit,1,2.734269,25665.57,10.152906,,,314668.46,3889.2,0.2656,12958.5,0.218
25940,25,"Barang logam, bukan mesin",Capital Intensive,group_3digit,1,2.734269,25665.57,10.152906,,,314668.46,2274.3,0.1381,57631.3,0.461
25951,25,"Barang logam, bukan mesin",Capital Intensive,group_3digit,1,2.734269,25665.57,10.152906,,,314668.46,6702.6,0.5264,26871.7,0.79
25952,25,"Barang logam, bukan mesin",Capital Intensive,group_3digit,1,2.734269,25665.57,10.152906,,,314668.46,784.6,0.1865,14366.7,0.617
25991,25,"Barang logam, bukan mesin",Capital Intensive,class_4digit,1,2.734269,25665.57,10.152906,,,314668.46,2000.0,0.0422,,
25992,25,"Barang logam, bukan mesin",Capital Intensive,class_4digit,1,2.734269,25665.57,10.152906,,,314668.46,31.3,0.1198,31781.7,0.537
25993,25,"Barang logam, bukan mesin",Capital Intensive,class_4digit,1,2.734269,25665.57,10.152906,,,314668.46,1355.0,0.0361,49304.0,0.837
25994,25,"Barang logam, bukan mesin",Capital Intensive,class_4digit,1,2.734269,25665.57,10.152906,,,314668.46,,,,
25995,25,"Barang logam, bukan mesin",Capital Intensive,class_4digit,1,2.734269,25665.57,10.152906,,,314668.46,1288.2,0.0566,3500.6,0.958
25999,25,"Barang logam, bukan mesin",Capital Intensive,class_4digit,1,2.734269,25665.57,10.152906,,,314668.46,1009.1,0.0268,28451.3,0.713
26110,26,"Komputer, elektronik dan optik",Capital Intensive,group_3digit,1,3.838041,36026.27,10.492004,37611.02,10.535052,219803029.5,1262.0,0.4527,,
26120,26,"Komputer, elektronik dan optik",Capital Intensive,group_3digit,1,3.838041,36026.27,10.492004,37611.02,10.535052,219803029.5,1018.0,0.5347,10000.0,0.594
26210,26,"Komputer, elektronik dan optik",Capital Intensive,division_2digit,2,3.837638,36022.49,10.491899,37611.02,10.535052,439559328.17,,0.0,,
26220,26,"Komputer, elektronik dan optik",Capital Intensive,division_2digit,2,3.837638,36022.49,10.491899,37611.02,10.535052,439559328.17,,,,
26310,26,"Komputer, elektronik dan optik",Capital Intensive,division_2digit,2,3.837638,36022.49,10.491899,37611.02,10.535052,439559328.17,2896.5,0.0279,39487.4,0.912
26390,26,"Komputer, elektronik dan optik",Capital Intensive,division_2digit,2,3.837638,36022.49,10.491899,37611.02,10.535052,439559328.17,,0.0,,
26410,26,"Komputer, elektronik dan optik",Capital Intensive,division_2digit,2,3.837638,36022.49,10.491899,37611.02,10.535052,439559328.17,6237.2,0.362,,
26490,26,"Komputer, elektronik dan optik",Capital Intensive,division_2digit,2,3.837638,36022.49,10.491899,37611.02,10.535052,439559328.17,,,,
26511,26,"Komputer, elektronik dan optik",Capital Intensive,division_2digit,2,3.837638,36022.49,10.491899,37611.02,10.535052,439559328.17,1000.0,0.0716,,
26512,26,"Komputer, elektronik dan optik",Capital Intensive,division_2digit,2,3.837638,36022.49,10.491899,37611.02,10.535052,439559328.17,,0.0281,,
26513,26,"Komputer, elektronik dan optik",Capital Intensive,division_2digit,2,3.837638,36022.49,10.491899,37611.02,10.535052,439559328.17,,,,
26520,26,"Komputer, elektronik dan optik",Capital Intensive,division_2digit,2,3.837638,36022.49,10.491899,37611.02,10.535052,439559328.17,1313.3,0.2198,,
26602,26,"Komputer, elektronik dan optik",Capital Intensive,division_2digit,2,3.837638,36022.49,10.491899,37611.02,10.535052,439559328.17,,0.3179,,
26710,26,"Komputer, elektronik dan optik",Capital Intensive,division_2digit,2,3.837638,36022.49,10.491899,37611.02,10.535052,439559328.17,,,,
26791,26,"Komputer, elektronik dan optik",Capital Intensive,division_2digit,2,3.837638,36022.49,10.491899,37611.02,10.535052,439559328.17,,,,
26792,26,"Komputer, elektronik dan optik",Capital Intensive,division_2digit,2,3.837638,36022.49,10.491899,37611.02,10.535052,439559328.17,1000.0,0.1002,12422.8,0.477
26800,26,"Komputer, elektronik dan optik",Capital Intensive,class_4digit,1,3.837235,36018.7,10.491794,37611.02,10.535052,219756298.67,,0.3662,10799.3,0.963
27111,27,Peralatan listrik,Capital Intensive,division_2digit,1,310.15969,2911354.25,14.884129,,,46730.83,,,,
27112,27,Peralatan listrik,Capital Intensive,division_2digit,1,310.15969,2911354.25,14.884129,,,46730.83,,0.3101,,
27113,27,Peralatan listrik,Capital Intensive,division_2digit,1,310.15969,2911354.25,14.884129,,,46730.83,1202.4,0.1678,,
27120,27,Peralatan listrik,Capital Intensive,division_2digit,1,310.15969,2911354.25,14.884129,,,46730.83,211.9,0.3815,59000.0,0.749
27201,27,Peralatan listrik,Capital Intensive,division_2digit,1,310.15969,2911354.25,14.884129,,,46730.83,7.4,0.7625,,
27202,27,Peralatan listrik,Capital Intensive,division_2digit,1,310.15969,2911354.25,14.884129,,,46730.83,234.3,0.3448,,
27310,27,Peralatan listrik,Capital Intensive,group_3digit,1,310.15969,2911354.25,14.884129,,,46730.83,1235.4,0.3126,32745.6,0.846
27320,27,Peralatan listrik,Capital Intensive,group_3digit,1,310.15969,2911354.25,14.884129,,,46730.83,19960.3,0.3961,270.6,0.991
27330,27,Peralatan listrik,Capital Intensive,class_4digit,1,310.15969,2911354.25,14.884129,,,46730.83,,0.0,,
27401,27,Peralatan listrik,Capital Intensive,division_2digit,1,310.15969,2911354.25,14.884129,,,46730.83,2045.9,0.3571,230533.8,0.721
27402,27,Peralatan listrik,Capital Intensive,division_2digit,1,310.15969,2911354.25,14.884129,,,46730.83,,,,
27403,27,Peralatan listrik,Capital Intensive,division_2digit,1,310.15969,2911354.25,14.884129,,,46730.83,1067.0,0.7,,
27409,27,Peralatan listrik,Capital Intensive,division_2digit,1,310.15969,2911354.25,14.884129,,,46730.83,17633.7,0.3417,,
27510,27,Peralatan listrik,Capital Intensive,division_2digit,1,310.15969,2911354.25,14.884129,,,46730.83,2772.2,0.0471,1315.5,0.159
27520,27,Peralatan listrik,Capital Intensive,division_2digit,1,310.15969,2911354.25,14.884129,,,46730.83,98.5,0.4418,,
27530,27,Peralatan listrik,Capital Intensive,division_2digit,1,310.15969,2911354.25,14.884129,,,46730.83,1618.8,0.0065,19636.2,0.819
27900,27,Peralatan listrik,Capital Intensive,division_2digit,1,310.15969,2911354.25,14.884129,,,46730.83,1148.3,0.3154,,
28111,28,Mesin dan perlengkapan ytdl,Capital Intensive,group_3digit,1,3.837235,36018.7,10.491794,37611.02,10.535052,219756298.67,,0.0,,
28112,28,Mesin dan perlengkapan ytdl,Capital Intensive,group_3digit,1,3.837235,36018.7,10.491794,37611.02,10.535052,219756298.67,,0.298,,
28113,28,Mesin dan perlengkapan ytdl,Capital Intensive,group_3digit,1,3.837235,36018.7,10.491794,37611.02,10.535052,219756298.67,6128.1,0.2511,8904.0,0.751
28120,28,Mesin dan perlengkapan ytdl,Capital Intensive,group_3digit,1,3.837235,36018.7,10.491794,37611.02,10.535052,219756298.67,48097.1,0.798,,
28130,28,Mesin dan perlengkapan ytdl,Capital Intensive,group_3digit,1,3.837235,36018.7,10.491794,37611.02,10.535052,219756298.67,,0.5491,,
28140,28,Mesin dan perlengkapan ytdl,Capital Intensive,group_3digit,1,3.837235,36018.7,10.491794,37611.02,10.535052,219756298.67,1181.5,0.2327,225736.1,1397.359
28151,28,Mesin dan perlengkapan ytdl,Capital Intensive,group_3digit,1,3.837235,36018.7,10.491794,37611.02,10.535052,219756298.67,,,,
28152,28,Mesin dan perlengkapan ytdl,Capital Intensive,group_3digit,1,3.837235,36018.7,10.491794,37611.02,10.535052,219756298.67,1487.3,0.7748,,
28160,28,Mesin dan perlengkapan ytdl,Capital Intensive,group_3digit,1,3.837235,36018.7,10.491794,37611.02,10.535052,219756298.67,,0.6319,,
28174,28,Mesin dan perlengkapan ytdl,Capital Intensive,class_4digit,1,3.837235,36018.7,10.491794,37611.02,10.535052,219756298.67,,,,
28179,28,Mesin dan perlengkapan ytdl,Capital Intensive,class_4digit,1,3.837235,36018.7,10.491794,37611.02,10.535052,219756298.67,1000.0,0.6129,,
28191,28,Mesin dan perlengkapan ytdl,Capital Intensive,group_3digit,1,3.837235,36018.7,10.491794,37611.02,10.535052,219756298.67,20287.0,0.181,,
28192,28,Mesin dan perlengkapan ytdl,Capital Intensive,group_3digit,1,3.837235,36018.7,10.491794,37611.02,10.535052,219756298.67,,0.0,10788.3,0.774
28193,28,Mesin dan perlengkapan ytdl,Capital Intensive,group_3digit,1,3.837235,36018.7,10.491794,37611.02,10.535052,219756298.67,1124.3,0.7229,598594.3,0.641
28199,28,Mesin dan perlengkapan ytdl,Capital Intensive,group_3digit,1,3.837235,36018.7,10.491794,37611.02,10.535052,219756298.67,2.8,0.0938,,
28210,28,Mesin dan perlengkapan ytdl,Capital Intensive,group_3digit,1,2.734269,25665.57,10.152906,,,314668.46,3460.9,0.1476,,
28221,28,Mesin dan perlengkapan ytdl,Capital Intensive,group_3digit,1,2.734269,25665.57,10.152906,,,314668.46,1000.0,0.4853,,
28222,28,Mesin dan perlengkapan ytdl,Capital Intensive,group_3digit,1,2.734269,25665.57,10.152906,,,314668.46,,,,
28223,28,Mesin dan perlengkapan ytdl,Capital Intensive,group_3digit,1,2.734269,25665.57,10.152906,,,314668.46,,,,
28224,28,Mesin dan perlengkapan ytdl,Capital Intensive,group_3digit,1,2.734269,25665.57,10.152906,,,314668.46,,,,
28240,28,Mesin dan perlengkapan ytdl,Capital Intensive,group_3digit,1,2.734269,25665.57,10.152906,,,314668.46,,0.0,,
28250,28,Mesin dan perlengkapan ytdl,Capital Intensive,group_3digit,1,2.734269,25665.57,10.152906,,,314668.46,,0.0,,
28262,28,Mesin dan perlengkapan ytdl,Capital Intensive,group_3digit,1,2.734269,25665.57,10.152906,,,314668.46,,0.0,17500000.0,0.005
28263,28,Mesin dan perlengkapan ytdl,Capital Intensive,group_3digit,1,2.734269,25665.57,10.152906,,,314668.46,4423.6,0.0298,,
28264,28,Mesin dan perlengkapan ytdl,Capital Intensive,group_3digit,1,2.734269,25665.57,10.152906,,,314668.46,,,11000.1,0.191
28291,28,Mesin dan perlengkapan ytdl,Capital Intensive,class_4digit,1,2.734269,25665.57,10.152906,,,314668.46,,,1258022.7,0.237
28299,28,Mesin dan perlengkapan ytdl,Capital Intensive,class_4digit,1,2.734269,25665.57,10.152906,,,314668.46,,0.0,,
29100,29,Kendaraan bermotor,Capital Intensive,unmatched,0,,,,,,,890.7,0.1849,,
29200,29,Kendaraan bermotor,Capital Intensive,unmatched,0,,,,,,,8434.4,0.0119,,
29300,29,Kendaraan bermotor,Capital Intensive,unmatched,0,,,,,,,1131.0,0.641,44933.4,0.831
30111,30,Alat angkutan lainnya,Capital Intensive,division_2digit,1,2.734269,25665.57,10.152906,,,314668.46,1358.8,0.1692,2679.4,0.638
30112,30,Alat angkutan lainnya,Capital Intensive,division_2digit,1,2.734269,25665.57,10.152906,,,314668.46,,,,
30113,30,Alat angkutan lainnya,Capital Intensive,division_2digit,1,2.734269,25665.57,10.152906,,,314668.46,,0.0,,
30200,30,Alat angkutan lainnya,Capital Intensive,division_2digit,1,2.734269,25665.57,10.152906,,,314668.46,,,,
30300,30,Alat angkutan lainnya,Capital Intensive,division_2digit,1,2.734269,25665.57,10.152906,,,314668.46,,,,
30911,30,Alat angkutan lainnya,Capital Intensive,group_3digit,1,2.734269,25665.57,10.152906,,,314668.46,,0.0037,,
30912,30,Alat angkutan lainnya,Capital Intensive,group_3digit,1,2.734269,25665.57,10.152906,,,314668.46,2463.8,0.1648,22241.3,0.54
30921,30,Alat angkutan lainnya,Capital Intensive,class_4digit,1,2.734269,25665.57,10.152906,,,314668.46,2367.4,0.1376,,
30922,30,Alat angkutan lainnya,Capital Intensive,class_4digit,1,2.734269,25665.57,10.152906,,,314668.46,2853.7,0.4837,7633.7,0.775
31001,31,Furnitur,Labor Intensive,unmatched,0,,,,,,,680.2,0.0531,15475.3,0.911
31002,31,Furnitur,Labor Intensive,unmatched,0,,,,,,,23.4,0.0166,2343.9,0.902
31003,31,Furnitur,Labor Intensive,unmatched,0,,,,,,,447634.6,0.1479,,
31004,31,Furnitur,Labor Intensive,unmatched,0,,,,,,,1420.6,0.1144,,
31009,31,Furnitur,Labor Intensive,unmatched,0,,,,,,,2097.6,0.0359,14494.4,0.57
32112,32,Pengolahan lainnya,Labor Intensive,group_3digit,1,2.734269,25665.57,10.152906,,,314668.46,158.4,0.8012,3489944.3,0.634
32113,32,Pengolahan lainnya,Labor Intensive,group_3digit,1,2.734269,25665.57,10.152906,,,314668.46,,,,
32115,32,Pengolahan lainnya,Labor Intensive,group_3digit,1,2.734269,25665.57,10.152906,,,314668.46,,,,
32119,32,Pengolahan lainnya,Labor Intensive,group_3digit,1,2.734269,25665.57,10.152906,,,314668.46,,0.0,,
32120,32,Pengolahan lainnya,Labor Intensive,class_4digit,1,2.734269,25665.57,10.152906,,,314668.46,,,,
32201,32,Pengolahan lainnya,Labor Intensive,division_2digit,3,4.26941,40075.38,10.598517,46614.56,10.749668,594841411.0,,0.0,6245.0,0.992
32202,32,Pengolahan lainnya,Labor Intensive,division_2digit,3,4.26941,40075.38,10.598517,46614.56,10.749668,594841411.0,424.8,0.3882,,
32300,32,Pengolahan lainnya,Labor Intensive,division_2digit,3,4.26941,40075.38,10.598517,46614.56,10.749668,594841411.0,309.5,0.5001,,
32401,32,Pengolahan lainnya,Labor Intensive,division_2digit,3,4.26941,40075.38,10.598517,46614.56,10.749668,594841411.0,,0.0,6492.5,0.461
32402,32,Pengolahan lainnya,Labor Intensive,division_2digit,3,4.26941,40075.38,10.598517,46614.56,10.749668,594841411.0,1818.5,0.1284,33809.7,0.652
32501,32,Pengolahan lainnya,Labor Intensive,class_4digit,1,4.471784,41974.98,10.644829,50981.89,10.839226,585116447.0,,,,
32502,32,Pengolahan lainnya,Labor Intensive,class_4digit,1,4.471784,41974.98,10.644829,50981.89,10.839226,585116447.0,634.9,0.5009,,
32503,32,Pengolahan lainnya,Labor Intensive,class_4digit,1,4.471784,41974.98,10.644829,50981.89,10.839226,585116447.0,1068.3,0.9224,,
32509,32,Pengolahan lainnya,Labor Intensive,class_4digit,1,4.471784,41974.98,10.644829,50981.89,10.839226,585116447.0,,0.1693,,
32901,32,Pengolahan lainnya,Labor Intensive,class_4digit,1,1.124966,10559.64,9.264794,10295.93,9.239504,9410295.54,1022.5,0.3074,,
32902,32,Pengolahan lainnya,Labor Intensive,class_4digit,1,1.124966,10559.64,9.264794,10295.93,9.239504,9410295.54,,,,
32903,32,Pengolahan lainnya,Labor Intensive,class_4digit,1,1.124966,10559.64,9.264794,10295.93,9.239504,9410295.54,2821.0,0.0338,1500.0,0.92
32904,32,Pengolahan lainnya,Labor Intensive,class_4digit,1,1.124966,10559.64,9.264794,10295.93,9.239504,9410295.54,,0.0,,
32909,32,Pengolahan lainnya,Labor Intensive,class_4digit,1,1.124966,10559.64,9.264794,10295.93,9.239504,9410295.54,2499.3,0.5516,8421.9,0.818
33111,33,Jasa reparasi dan pemasangan mesin,DIKELUARKAN,group_3digit,3,1.130532,10611.88,9.26973,10295.93,9.239504,9457026.37,,,,
33119,33,Jasa reparasi dan pemasangan mesin,DIKELUARKAN,group_3digit,3,1.130532,10611.88,9.26973,10295.93,9.239504,9457026.37,,,,
33121,33,Jasa reparasi dan pemasangan mesin,DIKELUARKAN,class_4digit,1,2.734269,25665.57,10.152906,,,314668.46,,0.0,,
33122,33,Jasa reparasi dan pemasangan mesin,DIKELUARKAN,class_4digit,1,2.734269,25665.57,10.152906,,,314668.46,,,,
33131,33,Jasa reparasi dan pemasangan mesin,DIKELUARKAN,group_3digit,3,1.130532,10611.88,9.26973,10295.93,9.239504,9457026.37,,0.0,,
33141,33,Jasa reparasi dan pemasangan mesin,DIKELUARKAN,class_4digit,1,310.15969,2911354.25,14.884129,,,46730.83,,,,
33149,33,Jasa reparasi dan pemasangan mesin,DIKELUARKAN,class_4digit,1,310.15969,2911354.25,14.884129,,,46730.83,,,,
33151,33,Jasa reparasi dan pemasangan mesin,DIKELUARKAN,group_3digit,3,1.130532,10611.88,9.26973,10295.93,9.239504,9457026.37,,0.0,,
33152,33,Jasa reparasi dan pemasangan mesin,DIKELUARKAN,group_3digit,3,1.130532,10611.88,9.26973,10295.93,9.239504,9457026.37,,,,
33190,33,Jasa reparasi dan pemasangan mesin,DIKELUARKAN,class_4digit,1,1.102516,10348.91,9.244637,10295.93,9.239504,9095627.08,,0.0,,
33200,33,Jasa reparasi dan pemasangan mesin,DIKELUARKAN,division_2digit,3,1.130532,10611.88,9.26973,10295.93,9.239504,9457026.37,,,,
