tahun,klasifikasi,isic5,isic3,isic2,n_perusahaan,tk_total,upah_total,nilai_output,biaya_input,nilai_tambah,modal,energi,bahan_total,bahan_impor,ekspor,n_eksportir,n_lapor_modal,n_asing,ULC,upah_per_pekerja,produktivitas,modal_per_pekerja,energi_per_pekerja,pangsa_impor,intensitas_ekspor
2005,KLUI,31111,311,31,11,3370,0,385846466,0,0,0,0,113961463,13125996,49823145,3,0,1,,,,0,0,0.1152,0.1291
2005,KLUI,31112,311,31,25,3676,0,466907819,0,0,0,0,304245109,27384211,27234693,2,0,1,,,,0,0,0.09,0.0583
2005,KLUI,31121,311,31,18,5929,0,6976757338,0,0,0,0,5330035078,2665065054,34248453,2,0,2,,,,0,0,0.5,0.0049
2005,KLUI,31122,311,31,4,653,0,39763980,0,0,0,0,13817896,8210437,0,0,0,2,,,,0,0,0.5942,0.0
2005,KLUI,31123,311,31,16,2913,0,243732089,0,0,0,0,92827062,14191797,4503376,1,0,1,,,,0,0,0.1529,0.0185
2005,KLUI,31131,311,31,11,12948,0,1231190640,0,0,0,0,669596478,217052076,1130133691,7,0,2,,,,0,0,0.3242,0.9179
2005,KLUI,31132,311,31,18,1102,0,76809256,0,0,0,0,36974630,159603,3734859,4,0,1,,,,0,0,0.0043,0.0486
2005,KLUI,31133,311,31,11,1763,0,84658320,0,0,0,0,47159599,2447455,68834670,3,0,0,,,,0,0,0.0519,0.8131
2005,KLUI,31134,311,31,31,2144,0,95926872,0,0,0,0,48771515,1714274,4388525,1,0,0,,,,0,0,0.0351,0.0457
2005,KLUI,31135,311,31,1,64,0,10990462,0,0,0,0,5934409,0,0,0,0,0,,,,0,0,0.0,0.0
2005,KLUI,31141,311,31,40,16854,0,2215256431,0,0,0,0,1046572805,158597770,595545378,12,0,7,,,,0,0,0.1515,0.2688
2005,KLUI,31142,311,31,136,8818,0,515871646,0,0,0,0,365881375,3283598,268809256,28,0,2,,,,0,0,0.009,0.5211
2005,KLUI,31143,311,31,7,544,0,55076907,0,0,0,0,35838230,0,35471678,4,0,0,,,,0,0,0.0,0.644
2005,KLUI,31144,311,31,198,53216,0,16307682173,0,0,0,0,12267158414,77471157,9843127911,113,0,24,,,,0,0,0.0063,0.6036
2005,KLUI,31145,311,31,100,5000,0,942444845,0,0,0,0,637931166,226937350,741882075,2,0,2,,,,0,0,0.3557,0.7872
2005,KLUI,31149,311,31,67,7586,0,931956758,0,0,0,0,574135714,7283647,44068698,9,0,5,,,,0,0,0.0127,0.0473
2005,KLUI,31151,311,31,286,83054,0,42883418550,0,0,0,0,31545459352,999362,6502563779,74,0,35,,,,0,0,0.0,0.1516
2005,KLUI,31152,311,31,11,1730,0,420497141,0,0,0,0,245606929,46387104,137130586,6,0,0,,,,0,0,0.1889,0.3261
2005,KLUI,31153,311,31,44,4490,0,1143415099,0,0,0,0,357403258,12476,226964220,5,0,1,,,,0,0,0.0,0.1985
2005,KLUI,31154,311,31,37,11464,0,37857670024,0,0,0,0,27270388584,8121907,4838203744,11,0,7,,,,0,0,0.0003,0.1278
2005,KLUI,31155,311,31,1,35,0,534684,0,0,0,0,192400,0,0,0,0,0,,,,0,0,0.0,0.0
2005,KLUI,31159,311,31,2,1691,0,358431976,0,0,0,0,159044343,1847798,67548385,1,0,1,,,,0,0,0.0116,0.1885
2005,KLUI,31161,311,31,262,8423,0,1308009114,0,0,0,0,1088806587,0,7046543,1,0,0,,,,0,0,0.0,0.0054
2005,KLUI,31162,311,31,12,495,0,130148005,0,0,0,0,117918938,0,0,0,0,0,,,,0,0,0.0,0.0
2005,KLUI,31163,311,31,54,14967,0,1203487875,0,0,0,0,1064593332,62730675,920123035,31,0,5,,,,0,0,0.0589,0.7645
2005,KLUI,31164,311,31,39,13026,0,633278678,0,0,0,0,366931052,1001406,441146790,18,0,3,,,,0,0,0.0027,0.6966
2005,KLUI,31165,311,31,22,698,0,22800539,0,0,0,0,17836532,0,0,0,0,0,,,,0,0,0.0,0.0
2005,KLUI,31166,311,31,1,31,0,696506,0,0,0,0,145942,75061,696506,1,0,0,,,,0,0,0.5143,1.0
2005,KLUI,31167,311,31,15,444,0,5245027,0,0,0,0,578049,0,0,0,0,0,,,,0,0,0.0,0.0
2005,KLUI,31168,311,31,8,4168,0,8109493907,0,0,0,0,6270157253,5906797309,120671449,3,0,0,,,,0,0,0.942,0.0149
2005,KLUI,31169,311,31,36,3363,0,486628925,0,0,0,0,377217729,219932050,126478428,11,0,5,,,,0,0,0.583,0.2599
2005,KLUI,31171,311,31,281,28436,0,3795297337,0,0,0,0,2700295224,59305696,16142737,6,0,3,,,,0,0,0.022,0.0043
2005,KLUI,31179,311,31,513,47694,0,4314761551,0,0,0,0,2437190803,229774596,184455349,8,0,10,,,,0,0,0.0943,0.0427
2005,KLUI,31181,311,31,56,61390,0,8550721168,0,0,0,0,3664302911,37942360,187815745,5,0,1,,,,0,0,0.0104,0.022
2005,KLUI,31182,311,31,19,824,0,9372489,0,0,0,0,5982473,0,0,0,0,0,,,,0,0,0.0,0.0
2005,KLUI,31183,311,31,6,917,0,260773673,0,0,0,0,197373528,8000666,0,0,0,0,,,,0,0,0.0405,0.0
2005,KLUI,31184,311,31,22,1537,0,265538390,0,0,0,0,140846582,12526215,0,0,0,0,,,,0,0,0.0889,0.0
2005,KLUI,31189,311,31,5,136,0,5047980,0,0,0,0,2696059,29713,0,0,0,0,,,,0,0,0.011,0.0
2005,KLUI,31191,311,31,9,2071,0,344129472,0,0,0,0,239222305,564195,3688000,1,0,1,,,,0,0,0.0024,0.0107
2005,KLUI,31192,311,31,83,14196,0,1469554854,0,0,0,0,768247235,130734516,274323233,17,0,11,,,,0,0,0.1702,0.1867
2005,KLUI,31211,312,31,133,10104,0,1125656972,0,0,0,0,758284263,248601,62146077,12,0,1,,,,0,0,0.0003,0.0552
2005,KLUI,31212,312,31,26,1590,0,35737177,0,0,0,0,37357983,32716,12837649,1,0,0,,,,0,0,0.0009,0.3592
2005,KLUI,31219,312,31,9,476,0,32072379,0,0,0,0,17261017,1514142,0,0,0,1,,,,0,0,0.0877,0.0
2005,KLUI,31221,312,31,190,40374,0,3358034906,0,0,0,0,2018516984,27124125,719052160,52,0,8,,,,0,0,0.0134,0.2141
2005,KLUI,31231,312,31,153,5605,0,275621444,0,0,0,0,61539422,65686,0,0,0,2,,,,0,0,0.0011,0.0
2005,KLUI,31241,312,31,79,6854,0,1704658482,0,0,0,0,845054413,112071052,48760912,1,0,1,,,,0,0,0.1326,0.0286
2005,KLUI,31243,312,31,96,3325,0,187645980,0,0,0,0,120032285,24694644,0,0,0,0,,,,0,0,0.2057,0.0
2005,KLUI,31246,312,31,53,10267,0,770819768,0,0,0,0,421919436,64781551,60355823,5,0,0,,,,0,0,0.1535,0.0783
2005,KLUI,31251,312,31,544,21355,0,657312676,0,0,0,0,375439332,243832,60153702,12,0,0,,,,0,0,0.0006,0.0915
2005,KLUI,31261,312,31,42,8117,0,5789454285,0,0,0,0,2220991729,450721873,890627581,11,0,8,,,,0,0,0.2029,0.1538
2005,KLUI,31271,312,31,182,11521,0,557887920,0,0,0,0,315476219,33124682,6419619,2,0,1,,,,0,0,0.105,0.0115
2005,KLUI,31272,312,31,63,4343,0,231792588,0,0,0,0,142745978,263232,12600,1,0,1,,,,0,0,0.0018,0.0001
2005,KLUI,31281,312,31,63,10900,0,14858132288,0,0,0,0,11936262675,4400568345,312715562,8,0,10,,,,0,0,0.3687,0.021
2005,KLUI,31282,312,31,18,1926,0,1849695254,0,0,0,0,1476873435,726594824,14647629,2,0,4,,,,0,0,0.492,0.0079
2005,KLUI,31310,313,31,8,619,0,11805901,0,0,0,0,3213151,0,0,0,0,0,,,,0,0,0.0,0.0
2005,KLUI,31320,313,31,12,913,0,131220388,0,0,0,0,70932316,0,141406,1,0,0,,,,0,0,0.0,0.0011
2005,KLUI,31330,313,31,4,1085,0,229815233,0,0,0,0,147848464,121822839,730493,1,0,2,,,,0,0,0.824,0.0032
2005,KLUI,31340,313,31,247,27856,0,5269976322,0,0,0,0,2216225853,486872577,174125766,8,0,22,,,,0,0,0.2197,0.033
2005,KLUI,31410,314,31,478,30741,0,1765929624,0,0,0,0,1481228964,29189550,91693435,9,0,1,,,,0,0,0.0197,0.0519
2005,KLUI,31420,314,31,266,219827,0,50484784852,0,0,0,0,13883438910,1312957081,1790879337,3,0,2,,,,0,0,0.0946,0.0355
2005,KLUI,31430,314,31,7,2954,0,3014113344,0,0,0,0,1252963192,583336834,896088086,2,0,1,,,,0,0,0.4656,0.2973
2005,KLUI,31440,314,31,26,6083,0,115144366,0,0,0,0,47107093,209197,0,0,0,2,,,,0,0,0.0044,0.0
2005,KLUI,31490,314,31,27,1666,0,162178435,0,0,0,0,121969441,16559115,9131949,1,0,1,,,,0,0,0.1358,0.0563
2005,KLUI,32111,321,32,144,112526,0,34574123994,0,0,0,0,24769809995,14273788813,4959721206,40,0,32,,,,0,0,0.5763,0.1435
2005,KLUI,32112,321,32,17,3902,0,421630599,0,0,0,0,305357891,89119028,50764294,4,0,5,,,,0,0,0.2919,0.1204
2005,KLUI,32113,321,32,33,16464,0,3422413571,0,0,0,0,2173850066,506694440,1624830445,13,0,2,,,,0,0,0.2331,0.4748
2005,KLUI,32114,321,32,486,151364,0,22179882497,0,0,0,0,11875070679,2545265017,4583883700,68,0,21,,,,0,0,0.2143,0.2067
2005,KLUI,32115,321,32,159,46501,0,5893714834,0,0,0,0,3975609358,1085556359,1930106567,21,0,12,,,,0,0,0.2731,0.3275
2005,KLUI,32116,321,32,65,21791,0,2715501721,0,0,0,0,1168749869,218535848,1261840666,7,0,2,,,,0,0,0.187,0.4647
2005,KLUI,32117,321,32,195,7932,0,187821646,0,0,0,0,124162736,6260007,14823204,12,0,0,,,,0,0,0.0504,0.0789
2005,KLUI,32121,321,32,157,23441,0,3870131250,0,0,0,0,2531561018,923119622,461875883,23,0,4,,,,0,0,0.3646,0.1193
2005,KLUI,32122,321,32,31,2942,0,250168573,0,0,0,0,180007729,79717539,34602588,2,0,2,,,,0,0,0.4429,0.1383
2005,KLUI,32123,321,32,3,1037,0,36402555,0,0,0,0,20425693,9925049,7756483,1,0,0,,,,0,0,0.4859,0.2131
2005,KLUI,32129,321,32,2,636,0,2610229,0,0,0,0,0,0,0,0,0,0,,,,0,0,,0.0
2005,KLUI,32130,321,32,249,81211,0,9604491847,0,0,0,0,4962492387,2645555802,1267433600,38,0,13,,,,0,0,0.5331,0.132
2005,KLUI,32140,321,32,27,7893,0,367894437,0,0,0,0,249700768,139812890,194096993,5,0,2,,,,0,0,0.5599,0.5276
2005,KLUI,32151,321,32,9,561,0,41809112,0,0,0,0,28613106,8854952,11531480,1,0,0,,,,0,0,0.3095,0.2758
2005,KLUI,32152,321,32,22,2830,0,199139163,0,0,0,0,139634311,53643861,5082124,2,0,1,,,,0,0,0.3842,0.0255
2005,KLUI,32160,321,32,81,3600,0,81683907,0,0,0,0,62874949,20973,107600,1,0,0,,,,0,0,0.0003,0.0013
2005,KLUI,32190,321,32,185,17588,0,953718368,0,0,0,0,547578570,122880964,149927963,9,0,8,,,,0,0,0.2244,0.1572
2005,KLUI,32210,322,32,1686,394191,0,28082751961,0,0,0,0,18121040406,8200626475,11448270654,212,0,110,,,,0,0,0.4525,0.4077
2005,KLUI,32220,322,32,19,15721,0,524936052,0,0,0,0,225690954,168730824,115140536,5,0,8,,,,0,0,0.7476,0.2193
2005,KLUI,32290,322,32,94,10452,0,482682604,0,0,0,0,321186035,115894453,220525539,20,0,9,,,,0,0,0.3608,0.4569
2005,KLUI,32311,323,32,2,62,0,2670149,0,0,0,0,5346057,355037,2670149,1,0,0,,,,0,0,0.0664,1.0
2005,KLUI,32312,323,32,53,6123,0,3571053831,0,0,0,0,4209752928,2706197294,1355393988,20,0,1,,,,0,0,0.6428,0.3796
2005,KLUI,32331,323,32,83,10576,0,356454458,0,0,0,0,206462635,75363490,149154168,18,0,8,,,,0,0,0.365,0.4184
2005,KLUI,32332,323,32,3,176,0,9793615,0,0,0,0,6556442,3055471,0,0,0,1,,,,0,0,0.466,0.0
2005,KLUI,32339,323,32,14,3196,0,203974843,0,0,0,0,119646722,12950120,48566986,6,0,2,,,,0,0,0.1082,0.2381
2005,KLUI,32411,324,32,202,68278,0,5228877228,0,0,0,0,3057880333,1459712151,1736712099,30,0,16,,,,0,0,0.4774,0.3321
2005,KLUI,32412,324,32,61,93644,0,6856407409,0,0,0,0,3022728035,1780890823,3135294166,17,0,10,,,,0,0,0.5892,0.4573
2005,KLUI,32413,324,32,7,1815,0,189785785,0,0,0,0,82569390,0,0,0,0,0,,,,0,0,0.0,0.0
2005,KLUI,32419,324,32,35,8704,0,474539603,0,0,0,0,90554014,29520954,30720824,5,0,2,,,,0,0,0.326,0.0647
2005,KLUI,33111,331,33,284,33141,0,3868474869,0,0,0,0,2771120601,20099647,927021097,47,0,7,,,,0,0,0.0073,0.2396
2005,KLUI,33112,331,33,337,56910,0,7010639095,0,0,0,0,4808085639,982191363,3876861431,168,0,20,,,,0,0,0.2043,0.553
2005,KLUI,33113,331,33,39,45564,0,8545533761,0,0,0,0,5222507078,77530630,2157691628,12,0,4,,,,0,0,0.0148,0.2525
2005,KLUI,33114,331,33,76,95328,0,14881294745,0,0,0,0,8197892692,531854968,12180202414,60,0,9,,,,0,0,0.0649,0.8185
2005,KLUI,33115,331,33,80,21219,0,2116199838,0,0,0,0,999318002,71022204,1502052047,57,0,6,,,,0,0,0.0711,0.7098
2005,KLUI,33116,331,33,8,668,0,30855543,0,0,0,0,13429967,0,3088770,1,0,1,,,,0,0,0.0,0.1001
2005,KLUI,33120,331,33,40,1255,0,103798937,0,0,0,0,56718763,9420,345903,1,0,0,,,,0,0,0.0002,0.0033
2005,KLUI,33131,331,33,59,5288,0,708858580,0,0,0,0,326181151,125869,90991584,29,0,0,,,,0,0,0.0004,0.1284
2005,KLUI,33132,331,33,27,2039,0,19227077,0,0,0,0,8654727,86380,13341892,14,0,2,,,,0,0,0.01,0.6939
2005,KLUI,33140,331,33,73,9712,0,407447276,0,0,0,0,190607751,33841477,325836462,42,0,3,,,,0,0,0.1775,0.7997
2005,KLUI,33151,331,33,100,6143,0,567852329,0,0,0,0,401364913,120305497,229890161,22,0,2,,,,0,0,0.2997,0.4048
2005,KLUI,33190,331,33,71,7837,0,346339872,0,0,0,0,216217051,1703937,61640963,13,0,2,,,,0,0,0.0079,0.178
2005,KLUI,33211,332,33,989,114362,0,6646840439,0,0,0,0,3876329306,394939631,3910642901,531,0,76,,,,0,0,0.1019,0.5883
2005,KLUI,33212,332,33,180,33838,0,1470709105,0,0,0,0,770710086,24205983,740158062,119,0,6,,,,0,0,0.0314,0.5033
2005,KLUI,33220,332,33,35,3399,0,68782131,0,0,0,0,28218273,6212,28990499,16,0,2,,,,0,0,0.0002,0.4215
2005,KLUI,33230,332,33,28,1639,0,67178332,0,0,0,0,32343124,2630061,0,0,0,1,,,,0,0,0.0813,0.0
2005,KLUI,34111,341,34,9,16466,0,23542759838,0,0,0,0,13235447243,825222530,10001223964,3,0,4,,,,0,0,0.0623,0.4248
2005,KLUI,34112,341,34,61,47992,0,24297332786,0,0,0,0,12209963581,3738596497,4367822037,18,0,5,,,,0,0,0.3062,0.1798
2005,KLUI,34113,341,34,26,11277,0,3796797758,0,0,0,0,1617890062,954214879,804198315,3,0,3,,,,0,0,0.5898,0.2118
2005,KLUI,34114,341,34,26,3378,0,1855253781,0,0,0,0,1080239313,341981605,105231873,3,0,2,,,,0,0,0.3166,0.0567
2005,KLUI,34119,341,34,23,3494,0,1343669756,0,0,0,0,784386198,430666660,309245677,3,0,2,,,,0,0,0.549,0.2302
2005,KLUI,34120,341,34,194,25603,0,5753479373,0,0,0,0,3977674317,262279957,145797607,11,0,17,,,,0,0,0.0659,0.0253
2005,KLUI,34190,341,34,52,7034,0,1326086992,0,0,0,0,1001379437,186149314,133223245,4,0,2,,,,0,0,0.1859,0.1005
2005,KLUI,34200,342,34,499,44332,0,9523557047,0,0,0,0,5845770462,580517311,504567973,12,0,6,,,,0,0,0.0993,0.053
2005,KLUI,35111,351,35,11,2193,0,247899385,0,0,0,0,166836111,105157170,13899261,1,0,4,,,,0,0,0.6303,0.0561
2005,KLUI,35112,351,35,45,4002,0,3481226408,0,0,0,0,475118488,110838754,1518251666,2,0,8,,,,0,0,0.2333,0.4361
2005,KLUI,35113,351,35,7,549,0,699047054,0,0,0,0,529134855,349041173,337297273,2,0,4,,,,0,0,0.6596,0.4825
2005,KLUI,35114,351,35,28,3854,0,1154176558,0,0,0,0,706386601,402121403,10173602,5,0,6,,,,0,0,0.5693,0.0088
2005,KLUI,35115,351,35,34,2651,0,1240616121,0,0,0,0,807414055,11743960,976647740,19,0,4,,,,0,0,0.0145,0.7872
2005,KLUI,35116,351,35,19,2865,0,1627168446,0,0,0,0,1137333431,770185988,347762143,9,0,5,,,,0,0,0.6772,0.2137
2005,KLUI,35117,351,35,5,5623,0,6715900273,0,0,0,0,5185189914,1971409912,1808580097,4,0,3,,,,0,0,0.3802,0.2693
2005,KLUI,35118,351,35,38,4856,0,11655794474,0,0,0,0,9369563538,4106248420,377956358,8,0,22,,,,0,0,0.4383,0.0324
2005,KLUI,35119,351,35,34,8807,0,6492118983,0,0,0,0,3648811911,467609173,1799152829,13,0,5,,,,0,0,0.1282,0.2771
2005,KLUI,35121,351,35,34,1134,0,40989465,0,0,0,0,19414172,0,8092995,7,0,0,,,,0,0,0.0,0.1974
2005,KLUI,35122,351,35,13,8851,0,9974389085,0,0,0,0,4413882668,266219033,1277472369,4,0,0,,,,0,0,0.0603,0.1281
2005,KLUI,35123,351,35,15,1322,0,820817122,0,0,0,0,619898322,69958520,115606454,3,0,0,,,,0,0,0.1129,0.1408
2005,KLUI,35129,351,35,2,120,0,2933618,0,0,0,0,861660,0,0,0,0,0,,,,0,0,0.0,0.0
2005,KLUI,35131,351,35,36,4555,0,10501076603,0,0,0,0,5518664283,2256179715,1193871508,6,0,9,,,,0,0,0.4088,0.1137
2005,KLUI,35132,351,35,5,1408,0,53801820,0,0,0,0,28482375,231512,0,0,0,0,,,,0,0,0.0081,0.0
2005,KLUI,35133,351,35,6,3771,0,1343810078,0,0,0,0,890652343,643584063,831188519,3,0,2,,,,0,0,0.7226,0.6185
2005,KLUI,35141,351,35,4,425,0,311917758,0,0,0,0,264330120,171818084,13830000,1,0,0,,,,0,0,0.65,0.0443
2005,KLUI,35142,351,35,32,17950,0,1209874668,0,0,0,0,512304667,298353514,146146179,7,0,11,,,,0,0,0.5824,0.1208
2005,KLUI,35210,352,35,115,11907,0,4426666813,0,0,0,0,2789029537,1147718964,1314721493,9,0,18,,,,0,0,0.4115,0.297
2005,KLUI,35221,352,35,10,3874,0,4987088170,0,0,0,0,500325658,485786002,0,0,0,1,,,,0,0,0.9709,0.0
2005,KLUI,35222,352,35,127,35344,0,12493558072,0,0,0,0,3864599918,2025649005,597010234,18,0,20,,,,0,0,0.5242,0.0478
2005,KLUI,35223,352,35,4,1165,0,16726071,0,0,0,0,6539688,0,0,0,0,0,,,,0,0,0.0,0.0
2005,KLUI,35224,352,35,52,9317,0,869655870,0,0,0,0,70885776,2663057,1056683,3,0,2,,,,0,0,0.0376,0.0012
2005,KLUI,35231,352,35,52,16343,0,4660846593,0,0,0,0,2321888181,317639595,62931751,8,0,5,,,,0,0,0.1368,0.0135
2005,KLUI,35232,352,35,78,15728,0,2447433702,0,0,0,0,740355830,172230376,167517894,8,0,8,,,,0,0,0.2326,0.0684
2005,KLUI,35291,352,35,47,4794,0,2504264397,0,0,0,0,1841355077,712130003,72721118,7,0,8,,,,0,0,0.3867,0.029
2005,KLUI,35292,352,35,7,740,0,25859678,0,0,0,0,176375629,135795306,0,0,0,0,,,,0,0,0.7699,0.0
2005,KLUI,35293,352,35,9,1114,0,1624714327,0,0,0,0,1306422539,896697802,0,0,0,3,,,,0,0,0.6864,0.0
2005,KLUI,35294,352,35,27,2053,0,358708912,0,0,0,0,277955798,26746140,109105800,3,0,0,,,,0,0,0.0962,0.3042
2005,KLUI,35295,352,35,9,7453,0,459200824,0,0,0,0,257297389,106833794,16371523,3,0,2,,,,0,0,0.4152,0.0357
2005,KLUI,35299,352,35,42,5007,0,1152605570,0,0,0,0,533222106,399947829,76084752,13,0,2,,,,0,0,0.7501,0.066
2005,KLUI,35310,353,35,7,287,0,464570659,0,0,0,0,254728146,5329285,0,0,0,0,,,,0,0,0.0209,0.0
2005,KLUI,35320,353,35,5,319,0,458684552,0,0,0,0,153575075,17919,65406,1,0,3,,,,0,0,0.0001,0.0001
2005,KLUI,35410,354,35,22,1837,0,218377548,0,0,0,0,122044717,11583525,92801528,9,0,1,,,,0,0,0.0949,0.425
2005,KLUI,35420,354,35,7,495,0,301437912,0,0,0,0,187093994,57657899,38926250,2,0,3,,,,0,0,0.3082,0.1291
2005,KLUI,35430,354,35,3,1341,0,380871315,0,0,0,0,271448357,172290124,99775510,1,0,2,,,,0,0,0.6347,0.262
2005,KLUI,35440,354,35,6,714,0,88383323,0,0,0,0,33015515,2567619,15981133,2,0,1,,,,0,0,0.0778,0.1808
2005,KLUI,35511,355,35,28,29664,0,20857764613,0,0,0,0,16151308739,8972868815,3788538137,7,0,8,,,,0,0,0.5556,0.1816
2005,KLUI,35512,355,35,34,2843,0,186914747,0,0,0,0,95787146,6808487,675865,1,0,0,,,,0,0,0.0711,0.0036
2005,KLUI,35521,355,35,77,33883,0,1198796202,0,0,0,0,597354133,212621,277850491,21,0,8,,,,0,0,0.0004,0.2318
2005,KLUI,35522,355,35,27,6580,0,641541542,0,0,0,0,322779369,13389483,28497137,3,0,1,,,,0,0,0.0415,0.0444
2005,KLUI,35523,355,35,137,38360,0,29000783933,0,0,0,0,26244311038,175413608,22386611364,65,0,21,,,,0,0,0.0067,0.7719
2005,KLUI,35591,355,35,36,12587,0,1355046271,0,0,0,0,745831417,238560880,803784712,14,0,6,,,,0,0,0.3199,0.5932
2005,KLUI,35592,355,35,31,6011,0,829981545,0,0,0,0,372671421,132551406,70151768,3,0,5,,,,0,0,0.3557,0.0845
2005,KLUI,35593,355,35,62,14123,0,1387424352,0,0,0,0,767587284,302187303,190247618,8,0,6,,,,0,0,0.3937,0.1371
2005,KLUI,35601,356,35,35,4201,0,2864205790,0,0,0,0,1976967095,215414366,662831371,3,0,6,,,,0,0,0.109,0.2314
2005,KLUI,35603,356,35,74,18001,0,3776641631,0,0,0,0,2029193683,912236371,392482687,7,0,5,,,,0,0,0.4496,0.1039
2005,KLUI,35604,356,35,13,4773,0,1287121781,0,0,0,0,906858473,418324279,21058330,2,0,3,,,,0,0,0.4613,0.0164
2005,KLUI,35605,356,35,168,31956,0,2984302076,0,0,0,0,1536654571,185924242,134803404,10,0,10,,,,0,0,0.121,0.0452
2005,KLUI,35606,356,35,410,75608,0,9172733727,0,0,0,0,6122304400,1896570073,1468757402,28,0,13,,,,0,0,0.3098,0.1601
2005,KLUI,35607,356,35,54,12780,0,5103827138,0,0,0,0,3464371210,1185982777,573401158,7,0,7,,,,0,0,0.3423,0.1123
2005,KLUI,35609,356,35,204,27033,0,2371549960,0,0,0,0,1425912612,478714624,366955854,24,0,25,,,,0,0,0.3357,0.1547
2005,KLUI,36111,361,36,34,12552,0,554558353,0,0,0,0,131313928,49976466,171841759,14,0,4,,,,0,0,0.3806,0.3099
2005,KLUI,36112,361,36,29,18331,0,3250370901,0,0,0,0,1394343419,687773432,113858339,6,0,5,,,,0,0,0.4933,0.035
2005,KLUI,36113,361,36,2,200,0,3059476,0,0,0,0,757201,420238,0,0,0,1,,,,0,0,0.555,0.0
2005,KLUI,36119,361,36,3,657,0,7193206,0,0,0,0,3097789,128700,5934187,2,0,0,,,,0,0,0.0415,0.825
2005,KLUI,36211,362,36,19,16320,0,1292353736,0,0,0,0,438523801,275284009,502487160,8,0,1,,,,0,0,0.6278,0.3888
2005,KLUI,36212,362,36,3,961,0,37583640,0,0,0,0,57715596,0,0,0,0,1,,,,0,0,0.0,0.0
2005,KLUI,36213,362,36,1,173,0,2824000,0,0,0,0,760000,0,0,0,0,0,,,,0,0,0.0,0.0
2005,KLUI,36214,362,36,7,2494,0,341886762,0,0,0,0,35104410,13720619,29129220,2,0,1,,,,0,0,0.3909,0.0852
2005,KLUI,36219,362,36,17,2205,0,380087996,0,0,0,0,216888529,37811104,482750,2,0,2,,,,0,0,0.1743,0.0013
2005,KLUI,36221,362,36,11,3431,0,5750915007,0,0,0,0,946744825,655050104,1434695831,4,0,1,,,,0,0,0.6919,0.2495
2005,KLUI,36222,362,36,8,1950,0,745994320,0,0,0,0,445408638,70510796,125752807,2,0,0,,,,0,0,0.1583,0.1686
2005,KLUI,36310,363,36,17,19485,0,16275389116,0,0,0,0,1258536426,185727057,1363486380,9,0,3,,,,0,0,0.1476,0.0838
2005,KLUI,36321,363,36,224,16359,0,2003027813,0,0,0,0,1203217339,109439246,33642402,4,0,9,,,,0,0,0.091,0.0168
2005,KLUI,36329,363,36,6,382,0,29704038,0,0,0,0,24041380,2007854,774250,1,0,1,,,,0,0,0.0835,0.0261
2005,KLUI,36331,363,36,98,3486,0,143277928,0,0,0,0,52568293,148842,254240,1,0,0,,,,0,0,0.0028,0.0018
2005,KLUI,36332,363,36,11,569,0,6504873,0,0,0,0,887494,1380,0,0,0,0,,,,0,0,0.0016,0.0
2005,KLUI,36410,364,36,40,10638,0,610946992,0,0,0,0,243780813,138056723,116831256,23,0,3,,,,0,0,0.5663,0.1912
2005,KLUI,36421,364,36,88,3373,0,105566824,0,0,0,0,23191916,0,0,0,0,0,,,,0,0,0.0,0.0
2005,KLUI,36422,364,36,526,20056,0,291737147,0,0,0,0,53339382,1829068,1824249,2,0,1,,,,0,0,0.0343,0.0063
2005,KLUI,36423,364,36,10,1069,0,104606438,0,0,0,0,48926804,30985345,10913706,2,0,1,,,,0,0,0.6333,0.1043
2005,KLUI,36429,364,36,12,2097,0,148809870,0,0,0,0,47501030,27369914,24338240,2,0,1,,,,0,0,0.5762,0.1636
2005,KLUI,36490,364,36,5,198,0,15257113,0,0,0,0,11230080,0,0,0,0,0,,,,0,0,0.0,0.0
2005,KLUI,36911,369,36,134,4952,0,246567190,0,0,0,0,79308526,1180933,18246714,13,0,1,,,,0,0,0.0149,0.074
2005,KLUI,36919,369,36,18,715,0,16185386,0,0,0,0,2939490,42504,816800,5,0,2,,,,0,0,0.0145,0.0505
2005,KLUI,36921,369,36,4,141,0,1200639,0,0,0,0,204601,0,357533,1,0,0,,,,0,0,0.0,0.2978
2005,KLUI,36922,369,36,38,6520,0,916367172,0,0,0,0,334849433,64833347,306871327,16,0,0,,,,0,0,0.1936,0.3349
2005,KLUI,36931,369,36,14,2599,0,227122279,0,0,0,0,126303827,52717096,57540,1,0,1,,,,0,0,0.4174,0.0003
2005,KLUI,36939,369,36,3,93,0,5063564,0,0,0,0,2480380,970587,396192,1,0,0,,,,0,0,0.3913,0.0782
2005,KLUI,36990,369,36,47,4757,0,686075738,0,0,0,0,444708952,102723683,87409131,12,0,4,,,,0,0,0.231,0.1274
2005,KLUI,37101,371,37,74,7842,0,2535808550,0,0,0,0,1595871184,360281702,652111612,2,0,8,,,,0,0,0.2258,0.2572
2005,KLUI,37102,371,37,19,4109,0,1578839653,0,0,0,0,436804111,89710128,0,0,0,5,,,,0,0,0.2054,0.0
2005,KLUI,37103,371,37,51,17843,0,51458870714,0,0,0,0,43358382975,15974890968,972307699,4,0,14,,,,0,0,0.3684,0.0189
2005,KLUI,37104,371,37,21,2337,0,2086832433,0,0,0,0,1802106515,1166553683,571703240,4,0,7,,,,0,0,0.6473,0.274
2005,KLUI,37201,372,37,24,5743,0,7954832809,0,0,0,0,5012802358,3818038470,1892971551,9,0,10,,,,0,0,0.7617,0.238
2005,KLUI,37202,372,37,10,887,0,208816828,0,0,0,0,128886524,65868316,21564255,2,0,2,,,,0,0,0.5111,0.1033
2005,KLUI,37203,372,37,28,4807,0,3951983828,0,0,0,0,2476878945,1639760927,1284468081,7,0,5,,,,0,0,0.662,0.325
2005,KLUI,37204,372,37,8,2601,0,287620840,0,0,0,0,182463849,122240890,61835509,3,0,1,,,,0,0,0.6699,0.215
2005,KLUI,38111,381,38,10,674,0,18869535,0,0,0,0,10772663,119808,279886,1,0,0,,,,0,0,0.0111,0.0148
2005,KLUI,38112,381,38,10,1463,0,135483842,0,0,0,0,63086184,47990667,3369378,1,0,2,,,,0,0,0.7607,0.0249
2005,KLUI,38113,381,38,157,37935,0,1199069907,0,0,0,0,577674418,247063745,221156536,17,0,16,,,,0,0,0.4277,0.1844
2005,KLUI,38120,381,38,107,12122,0,1469544388,0,0,0,0,905227843,200472425,217748426,17,0,7,,,,0,0,0.2215,0.1482
2005,KLUI,38131,381,38,44,3869,0,731983474,0,0,0,0,366286700,149671500,9622296,2,0,3,,,,0,0,0.4086,0.0131
2005,KLUI,38132,381,38,30,2422,0,198998806,0,0,0,0,144422033,35046879,3744076,1,0,7,,,,0,0,0.2427,0.0188
2005,KLUI,38133,381,38,44,6111,0,1478481334,0,0,0,0,754894783,75301289,43543805,3,0,5,,,,0,0,0.0998,0.0295
2005,KLUI,38134,381,38,41,7420,0,1342319606,0,0,0,0,986196590,524294744,375332753,6,0,7,,,,0,0,0.5316,0.2796
2005,KLUI,38139,381,38,15,2255,0,1295113002,0,0,0,0,292240615,50972771,3636581,1,0,1,,,,0,0,0.1744,0.0028
2005,KLUI,38191,381,38,62,7483,0,2231204724,0,0,0,0,1593430268,429300172,253765550,9,0,7,,,,0,0,0.2694,0.1137
2005,KLUI,38193,381,38,62,11737,0,1864687871,0,0,0,0,875803706,406186832,77368336,6,0,8,,,,0,0,0.4638,0.0415
2005,KLUI,38194,381,38,34,4729,0,2263970821,0,0,0,0,1503847989,470485476,207117280,6,0,10,,,,0,0,0.3129,0.0915
2005,KLUI,38195,381,38,50,14626,0,6223580790,0,0,0,0,3762081877,1370773249,165465168,9,0,11,,,,0,0,0.3644,0.0266
2005,KLUI,38196,381,38,2,268,0,12550000,0,0,0,0,7200000,0,0,0,0,0,,,,0,0,0.0,0.0
2005,KLUI,38197,381,38,11,682,0,127373731,0,0,0,0,84574186,38760493,17427159,3,0,1,,,,0,0,0.4583,0.1368
2005,KLUI,38199,381,38,154,18877,0,3595338453,0,0,0,0,1982942177,1056803355,1476228202,13,0,16,,,,0,0,0.5329,0.4106
2005,KLUI,38211,382,38,5,205,0,26176569,0,0,0,0,10088475,0,0,0,0,1,,,,0,0,0.0,0.0
2005,KLUI,38212,382,38,8,1290,0,427646162,0,0,0,0,341910935,233336898,146391750,2,0,4,,,,0,0,0.6824,0.3423
2005,KLUI,38213,382,38,12,4318,0,643359186,0,0,0,0,237161724,91886876,120019555,3,0,5,,,,0,0,0.3874,0.1866
2005,KLUI,38214,382,38,18,1321,0,641916795,0,0,0,0,323651318,157681274,61270527,1,0,2,,,,0,0,0.4872,0.0954
2005,KLUI,38221,382,38,28,2654,0,394649811,0,0,0,0,283659700,17061412,33013679,3,0,2,,,,0,0,0.0601,0.0837
2005,KLUI,38222,382,38,1,100,0,0,0,0,0,0,0,0,0,0,0,1,,,,0,0,,
2005,KLUI,38231,382,38,12,2544,0,542279027,0,0,0,0,225412936,133009428,11027297,2,0,4,,,,0,0,0.5901,0.0203
2005,KLUI,38232,382,38,3,409,0,2269020,0,0,0,0,0,0,0,0,0,2,,,,0,0,,0.0
2005,KLUI,38233,382,38,8,1190,0,56755635,0,0,0,0,38280352,852638,0,0,0,2,,,,0,0,0.0223,0.0
2005,KLUI,38241,382,38,15,1566,0,85621872,0,0,0,0,39225303,24197670,52738212,4,0,4,,,,0,0,0.6169,0.6159
2005,KLUI,38242,382,38,6,342,0,23340993,0,0,0,0,12379129,672022,234656,1,0,1,,,,0,0,0.0543,0.0101
2005,KLUI,38243,382,38,3,1529,0,79674985,0,0,0,0,11281166,7423565,1170228,1,0,2,,,,0,0,0.658,0.0147
2005,KLUI,38245,382,38,35,3143,0,273522744,0,0,0,0,124082198,25261006,49366631,2,0,5,,,,0,0,0.2036,0.1805
2005,KLUI,38246,382,38,13,1150,0,110071978,0,0,0,0,47936998,33248396,18130080,1,0,3,,,,0,0,0.6936,0.1647
2005,KLUI,38251,382,38,13,674,0,122889357,0,0,0,0,64469785,54846289,108802512,1,0,1,,,,0,0,0.8507,0.8854
2005,KLUI,38253,382,38,6,3638,0,1672858350,0,0,0,0,973780737,21417240,1631774734,1,0,3,,,,0,0,0.022,0.9754
2005,KLUI,38292,382,38,31,4614,0,1242881062,0,0,0,0,1082793296,745864043,377544489,3,0,13,,,,0,0,0.6888,0.3038
2005,KLUI,38293,382,38,32,4629,0,1052411121,0,0,0,0,804654348,419414282,432837475,5,0,9,,,,0,0,0.5212,0.4113
2005,KLUI,38294,382,38,11,827,0,102347280,0,0,0,0,57915347,39739259,10989297,1,0,1,,,,0,0,0.6862,0.1074
2005,KLUI,38295,382,38,9,1436,0,218951920,0,0,0,0,133047261,11513873,156342775,2,0,1,,,,0,0,0.0865,0.7141
2005,KLUI,38296,382,38,37,5883,0,4077240138,0,0,0,0,2343149594,1205112570,1249894551,7,0,13,,,,0,0,0.5143,0.3066
2005,KLUI,38311,383,38,6,2518,0,9560962,0,0,0,0,6488597,259864,3631614,1,0,2,,,,0,0,0.04,0.3798
2005,KLUI,38312,383,38,6,4452,0,1253449985,0,0,0,0,738370376,407577874,1246435584,2,0,4,,,,0,0,0.552,0.9944
2005,KLUI,38313,383,38,18,4505,0,2080470680,0,0,0,0,1243871929,752179187,8460792,1,0,6,,,,0,0,0.6047,0.0041
2005,KLUI,38314,383,38,44,6012,0,1254758086,0,0,0,0,603989379,340022930,83562495,5,0,6,,,,0,0,0.563,0.0666
2005,KLUI,38315,383,38,2,174,0,36261283,0,0,0,0,0,0,0,0,0,2,,,,0,0,,0.0
2005,KLUI,38321,383,38,173,111263,0,20038741809,0,0,0,0,8697962781,7025553986,7104169534,50,0,89,,,,0,0,0.8077,0.3545
2005,KLUI,38322,383,38,10,5889,0,1485341864,0,0,0,0,1106492719,726790803,2100000,1,0,6,,,,0,0,0.6568,0.0014
2005,KLUI,38323,383,38,1,46,0,0,0,0,0,0,0,0,0,0,0,0,,,,0,0,,
2005,KLUI,38324,383,38,1,98,0,15005340,0,0,0,0,8655872,0,0,0,0,0,,,,0,0,0.0,0.0
2005,KLUI,38330,383,38,80,32250,0,3690078452,0,0,0,0,1462753516,1139793663,1283493770,9,0,47,,,,0,0,0.7792,0.3478
2005,KLUI,38391,383,38,23,4849,0,4963406993,0,0,0,0,2822815240,487159272,1021851765,4,0,6,,,,0,0,0.1726,0.2059
2005,KLUI,38392,383,38,10,6555,0,2976646035,0,0,0,0,2155866408,1308308501,1144516676,5,0,4,,,,0,0,0.6069,0.3845
2005,KLUI,38393,383,38,12,4785,0,794534248,0,0,0,0,271458576,72217239,120851391,1,0,2,,,,0,0,0.266,0.1521
2005,KLUI,38394,383,38,2,1493,0,111239917,0,0,0,0,66673139,36116437,56475607,1,0,2,,,,0,0,0.5417,0.5077
2005,KLUI,38395,383,38,12,3192,0,1586557979,0,0,0,0,1149479308,688572395,983808484,2,0,4,,,,0,0,0.599,0.6201
2005,KLUI,38396,383,38,67,21934,0,4355641334,0,0,0,0,3007554049,1398947674,900689284,12,0,24,,,,0,0,0.4651,0.2068
2005,KLUI,38399,383,38,35,17658,0,3414021940,0,0,0,0,1503748042,789306740,979536834,12,0,18,,,,0,0,0.5249,0.2869
2005,KLUI,38411,384,38,63,7783,0,1764143369,0,0,0,0,1283582741,122688941,547494921,4,0,2,,,,0,0,0.0956,0.3103
2005,KLUI,38413,384,38,3,177,0,6426323,0,0,0,0,7071400,0,0,0,0,0,,,,0,0,0.0,0.0
2005,KLUI,38414,384,38,42,3710,0,182309191,0,0,0,0,157085213,26016486,0,0,0,3,,,,0,0,0.1656,0.0
2005,KLUI,38421,384,38,3,880,0,109445012,0,0,0,0,80738632,16677652,29729000,1,0,1,,,,0,0,0.2066,0.2716
2005,KLUI,38431,384,38,14,20003,0,40465160721,0,0,0,0,4691301359,1382933719,7093342406,3,0,6,,,,0,0,0.2948,0.1753
2005,KLUI,38432,384,38,71,7825,0,638527410,0,0,0,0,328468491,3610227,4754158,1,0,4,,,,0,0,0.011,0.0074
2005,KLUI,38433,384,38,156,38626,0,17018710194,0,0,0,0,10737795442,6816160008,2469704456,29,0,53,,,,0,0,0.6348,0.1451
2005,KLUI,38441,384,38,22,12769,0,23441070601,0,0,0,0,14282922089,3202702435,195332944,2,0,10,,,,0,0,0.2242,0.0083
2005,KLUI,38442,384,38,98,15392,0,5657643222,0,0,0,0,3444587268,975083843,248406739,12,0,15,,,,0,0,0.2831,0.0439
2005,KLUI,38443,384,38,10,1264,0,59979297,0,0,0,0,35389801,937235,0,0,0,0,,,,0,0,0.0265,0.0
2005,KLUI,38444,384,38,37,3831,0,117115690,0,0,0,0,50369631,35701337,0,0,0,3,,,,0,0,0.7088,0.0
2005,KLUI,38451,384,38,1,9777,0,632934127,0,0,0,0,0,0,0,0,0,0,,,,0,0,,0.0
2005,KLUI,38490,384,38,2,98,0,4947907,0,0,0,0,2514229,0,0,0,0,0,,,,0,0,0.0,0.0
2005,KLUI,38511,385,38,6,493,0,52166129,0,0,0,0,35314195,5192432,5329634,1,0,2,,,,0,0,0.147,0.1022
2005,KLUI,38512,385,38,8,904,0,100791128,0,0,0,0,54428675,47283199,29405288,2,0,3,,,,0,0,0.8687,0.2917
2005,KLUI,38513,385,38,9,4127,0,726323027,0,0,0,0,619717956,539734204,0,0,0,4,,,,0,0,0.8709,0.0
2005,KLUI,38521,385,38,6,6913,0,88108806,0,0,0,0,18672214,13449115,24455973,2,0,2,,,,0,0,0.7203,0.2776
2005,KLUI,38522,385,38,1,60,0,2822400,0,0,0,0,1660963,1660963,0,0,0,1,,,,0,0,1.0,0.0
2005,KLUI,38523,385,38,1,3102,0,131369116,0,0,0,0,93809411,93363254,0,0,0,0,,,,0,0,0.9952,0.0
2005,KLUI,38524,385,38,2,611,0,542222510,0,0,0,0,359441443,287087229,0,0,0,1,,,,0,0,0.7987,0.0
2005,KLUI,38530,385,38,12,1065,0,30289205,0,0,0,0,13749391,1577525,5293891,1,0,0,,,,0,0,0.1147,0.1748
2005,KLUI,39011,390,39,1,43,0,731498,0,0,0,0,423043,0,0,0,0,0,,,,0,0,0.0,0.0
2005,KLUI,39012,390,39,45,6339,0,1403612168,0,0,0,0,805564722,226342122,586681043,18,0,2,,,,0,0,0.281,0.418
2005,KLUI,39013,390,39,11,1825,0,104317574,0,0,0,0,30778339,9670093,6385520,2,0,2,,,,0,0,0.3142,0.0612
2005,KLUI,39015,390,39,40,3371,0,69644215,0,0,0,0,26038727,5946634,30599989,16,0,2,,,,0,0,0.2284,0.4394
2005,KLUI,39021,390,39,5,166,0,2525315,0,0,0,0,1022527,0,1032000,2,0,0,,,,0,0,0.0,0.4087
2005,KLUI,39022,390,39,15,10066,0,3331464714,0,0,0,0,1700360116,568894801,2037639400,8,0,5,,,,0,0,0.3346,0.6116
2005,KLUI,39030,390,39,45,4018,0,180182478,0,0,0,0,84615459,19081078,37731707,10,0,6,,,,0,0,0.2255,0.2094
2005,KLUI,39040,390,39,86,17766,0,1611336855,0,0,0,0,833415698,392127812,1278768043,22,0,9,,,,0,0,0.4705,0.7936
2005,KLUI,39051,390,39,42,10495,0,945410599,0,0,0,0,651973013,134883947,204129106,9,0,1,,,,0,0,0.2069,0.2159
2005,KLUI,39052,390,39,1,38,0,6113029,0,0,0,0,4050882,753500,0,0,0,0,,,,0,0,0.186,0.0
2005,KLUI,39060,390,39,99,21570,0,372861081,0,0,0,0,169973779,115713825,243247471,55,0,6,,,,0,0,0.6808,0.6524
2005,KLUI,39090,390,39,99,11567,0,365062671,0,0,0,0,189919269,58818271,134640022,22,0,10,,,,0,0,0.3097,0.3688
2005,KLUI,39999,399,39,2,83,0,2016297,0,0,0,0,1011667,0,0,0,0,0,,,,0,0,0.0,0.0
