kbli,n_perusahaan,tk_produksi,tk_lainnya,tk_total,upah_produksi,upah_lainnya,upah_total,biaya_input,nilai_output,nt_harga_pasar,pajak_tak_lgsg,nt_biaya_faktor,ULC,upah_per_pekerja_produksi,upah_per_pekerja_lainnya,produktivitas_per_pekerja,divisi,divisi_nama,isic_rev3_asal,sektor,status_pemetaan
10110,9,449,158,609,7500700,2322649,9823349,12174024,41401349,29227325,2189811,27037514,0.3361,16705345.0,14700310.0,47992323.0,10,Makanan,15,Resource Intensive,jelas
10120,9,276,95,372,7722169,3444333,11166502,151852069,171336265,19484196,218275,19265921,0.5731,27978873.0,36256137.0,52376871.0,10,Makanan,15,Resource Intensive,jelas
10130,49,5719,1823,7558,104247835,41791076,146038911,900615614,2132843077,1232227463,6747771,1225479692,0.1185,18228333.0,22924342.0,163036182.0,10,Makanan,15,Resource Intensive,jelas
10211,107,5388,814,6322,191678809,47315121,238993930,249184478,415502192,166317714,161246,166156468,1.437,35575132.0,58126684.0,26307769.0,10,Makanan,15,Resource Intensive,jelas
10212,6,619,62,681,9449960,1921631,11371591,194445740,305229894,110784154,519400,110264754,0.1026,15266494.0,30994048.0,162678640.0,10,Makanan,15,Resource Intensive,jelas
10213,235,22481,4588,27112,473574232,130424327,603998559,8531996169,11175014178,2643018009,1220005085,1423012924,0.2285,21065532.0,28427273.0,97485173.0,10,Makanan,15,Resource Intensive,jelas
10214,93,3088,153,3367,96222884,13160370,109383254,386036652,473495348,87458696,1220353,86238343,1.2507,31160260.0,86015490.0,25975259.0,10,Makanan,15,Resource Intensive,jelas
10217,10,241,9,250,24289741,268178,24557919,165900892,291350659,125449767,1010,125448757,0.1958,100787307.0,29797556.0,501799068.0,10,Makanan,15,Resource Intensive,jelas
10218,9,516,38,656,14940113,1326645,16266758,38775493,82602984,43827491,63190,43764301,0.3712,28953707.0,34911711.0,66810200.0,10,Makanan,15,Resource Intensive,jelas
10219,108,8988,865,9919,166529496,37999804,204529300,1784706395,2568570754,783864359,11336317,772528042,0.2609,18527981.0,43930409.0,79026551.0,10,Makanan,15,Resource Intensive,jelas
10221,65,18084,1813,19929,553909939,70969071,624879010,5884362938,7117879875,1233516937,23534040,1209982897,0.5066,30629835.0,39144551.0,61895576.0,10,Makanan,15,Resource Intensive,jelas
10222,8,3130,170,3303,45825242,9906976,55732218,664269961,1127968314,463698353,7311972,456386381,0.1202,14640652.0,58276329.0,140387028.0,10,Makanan,15,Resource Intensive,jelas
10291,26,1607,130,1767,29150312,8966904,38117216,267852259,475139588,207287329,432881,206854448,0.1839,18139584.0,68976185.0,117310316.0,10,Makanan,15,Resource Intensive,jelas
10293,118,31145,4629,35818,563525591,107043115,670568706,6087961697,9470415743,3382454046,20406691,3362047355,0.1982,18093613.0,23124458.0,94434476.0,10,Makanan,15,Resource Intensive,jelas
10294,2,,,,,,,,,,,,,,,,10,Makanan,15,Resource Intensive,jelas
10299,105,4765,284,5155,76470912,8416086,84886998,286831135,552993577,266162442,1700603,264461839,0.3189,16048460.0,29634106.0,51631900.0,10,Makanan,15,Resource Intensive,jelas
10311,11,441,127,572,6977277,2353108,9330385,18194978,49946304,31751326,83013,31668313,0.2939,15821490.0,18528409.0,55509311.0,10,Makanan,15,Resource Intensive,jelas
10312,37,1795,685,2492,36217976,13271496,49489472,549553805,862762164,313208359,2844633,310363726,0.158,20177145.0,19374447.0,125685537.0,10,Makanan,15,Resource Intensive,jelas
10313,3,595,192,788,14687494,4423161,19110655,413127303,522894531,109767228,224501,109542727,0.1741,24684864.0,23037297.0,139298513.0,10,Makanan,15,Resource Intensive,jelas
10314,8,2883,454,3338,24768775,3747024,28515799,226106877,467742809,241635932,232001,241403931,0.118,8591320.0,8253357.0,72389434.0,10,Makanan,15,Resource Intensive,jelas
10320,8,15063,1700,16763,693021744,72656711,765678455,1124473372,2063405840,938932468,2556542,936375926,0.8155,46008215.0,42739242.0,56012198.0,10,Makanan,15,Resource Intensive,jelas
10330,6,292,148,441,4230665,2929335,7160000,24010583,63389601,39379018,456150,38922868,0.1818,14488579.0,19792804.0,89294825.0,10,Makanan,15,Resource Intensive,jelas
10391,5,349,51,400,5409851,1000421,6410272,11205480,19217375,8011895,,8011895,0.8001,15501006.0,19616098.0,20029738.0,10,Makanan,15,Resource Intensive,jelas
10392,145,9233,1206,10580,223197697,36980589,260178286,902792676,1269412327,366619651,855427,365764224,0.7097,24173908.0,30663838.0,34652141.0,10,Makanan,15,Resource Intensive,jelas
10399,5,169,173,344,2023252,1148469,3171721,19422197,27236155,7813958,433332,7380626,0.4059,11971905.0,6638549.0,22714994.0,10,Makanan,15,Resource Intensive,jelas
10411,19,1943,2256,4225,90060284,369598480,459658764,17575332127,21862039311,4286707184,197382954,4089324230,0.1072,46351150.0,163829113.0,1014605251.0,10,Makanan,15,Resource Intensive,jelas
10412,2,,,,,,,,,,,,,,,,10,Makanan,15,Resource Intensive,jelas
10413,2,,,,,,,,,,,,,,,,10,Makanan,15,Resource Intensive,jelas
10415,1,,,,,,,,,,,,,,,,10,Makanan,15,Resource Intensive,jelas
10421,59,1850,107,2022,71574768,4706191,76280959,108943169,136407896,27464727,80827,27383900,2.7774,38689064.0,43983093.0,13582951.0,10,Makanan,15,Resource Intensive,jelas
10422,17,1543,1336,2880,44508256,27746684,72254940,3260035852,4055693022,795657170,2804446,792852724,0.0908,28845273.0,20768476.0,276269851.0,10,Makanan,15,Resource Intensive,jelas
10423,30,1951,726,2680,35562450,32137423,67699873,7592511155,9095284824,1502773669,20035492,1482738177,0.045,18227806.0,44266423.0,560736444.0,10,Makanan,15,Resource Intensive,jelas
10424,13,4330,1739,6070,112322997,33700420,146023417,930427621,1219685912,289258291,24514353,264743938,0.5048,25940646.0,19379195.0,47653755.0,10,Makanan,15,Resource Intensive,jelas
10431,478,9577,33958,140214,3713275826,1209301600,4922577426,212252883199,309876723163,97623839964,1376288842,96247551122,0.0504,387728498.0,35611685.0,696248876.0,10,Makanan,15,Resource Intensive,jelas
10432,46,12207,10279,22492,482637476,895745752,1378383228,50639709041,73401407700,22761698659,426598032,22335100627,0.0606,39537763.0,87143278.0,1011990870.0,10,Makanan,15,Resource Intensive,jelas
10490,27,556,123,679,26401288,5407590,31808878,3955374467,4934116138,978741671,154578,978587093,0.0325,47484331.0,43964146.0,1441445760.0,10,Makanan,15,Resource Intensive,jelas
10510,10,1687,554,2242,28681038,7076981,35758019,1845425193,2115949104,270523911,1373121,269150790,0.1322,17001208.0,12774334.0,120661869.0,10,Makanan,15,Resource Intensive,jelas
10520,16,4522,2991,7513,81202038,37530081,118732119,9453809655,12605848436,3152038781,475687392,2676351389,0.0377,17957107.0,12547670.0,419544627.0,10,Makanan,15,Resource Intensive,jelas
10531,17,1878,1047,2927,30639241,27230331,57869572,383710806,995589575,611878769,4450854,607427915,0.0946,16314825.0,26007957.0,209046385.0,10,Makanan,15,Resource Intensive,jelas
10532,4,211,120,331,4346408,2799992,7146400,5443198,18914210,13471012,1300004,12171008,0.5305,20599090.0,23333267.0,40697921.0,10,Makanan,15,Resource Intensive,jelas
10590,1,,,,,,,,,,,,,,,,10,Makanan,15,Resource Intensive,jelas
10611,24,710,261,994,11283799,3997718,15281517,666817677,813313470,146495793,101250,146394543,0.1043,15892675.0,15316927.0,147380073.0,10,Makanan,15,Resource Intensive,jelas
10612,56,49450,4673,54124,639887830,97665904,737553734,4850254097,6578577394,1728323297,9631853,1718691444,0.4267,12940098.0,20900044.0,31932660.0,10,Makanan,15,Resource Intensive,jelas
10613,18,5665,392,6057,122206054,20934133,143140187,8990880431,10717974679,1727094248,14467976,1712626272,0.0829,21572119.0,53403401.0,285140209.0,10,Makanan,15,Resource Intensive,jelas
10614,26,2435,265,2715,36528178,6061387,42589565,1660248630,1887530064,227281434,584690,226696744,0.1874,15001305.0,22873158.0,83713235.0,10,Makanan,15,Resource Intensive,jelas
10615,18,500,42,568,10265588,2869347,13134935,25197026,35391572,10194546,71861,10122685,1.2884,20531176.0,68317786.0,17948144.0,10,Makanan,15,Resource Intensive,jelas
10616,12,320,5,336,7482377,,7482377,22981774,25348329,2366555,249,2366306,3.1617,23382428.0,,7043318.0,10,Makanan,15,Resource Intensive,jelas
10617,10,2030,1255,3285,176311777,88069162,264380939,19999321238,22156433572,2157112334,140387117,2016725217,0.1226,86853092.0,70174631.0,656655201.0,10,Makanan,15,Resource Intensive,jelas
10618,23,1539,471,2012,58944750,62427945,121372695,3935821120,4198956688,263135568,3035376,260100192,0.4613,38300682.0,132543408.0,130783085.0,10,Makanan,15,Resource Intensive,jelas
10621,161,8981,2410,11426,148471111,46361979,194833090,2439189600,3429962357,990772757,15281265,975491492,0.1966,16531690.0,19237336.0,86712126.0,10,Makanan,15,Resource Intensive,jelas
10622,16,1195,395,1608,26244270,7957158,34201428,69070607,155128597,86057990,11133,86046857,0.3974,21961732.0,20144704.0,53518650.0,10,Makanan,15,Resource Intensive,jelas
10623,9,760,418,1179,11876249,5569112,17445361,1536542144,2537052316,1000510172,11844308,988665864,0.0174,15626643.0,13323234.0,848609137.0,10,Makanan,15,Resource Intensive,jelas
10629,5,436,127,564,7818364,3182712,11001076,63021715,86739073,23717358,1102913,22614445,0.4638,17932028.0,25060724.0,42052053.0,10,Makanan,15,Resource Intensive,jelas
10631,362,9203,2330,11896,157583997,46631244,204215241,6432619432,7542756699,1110137267,4016491,1106120776,0.184,17123112.0,20013409.0,93320214.0,10,Makanan,15,Resource Intensive,jelas
10632,10,331,139,472,7265504,4851866,12117370,438241024,582605310,144364286,2264741,142099545,0.0839,21950163.0,34905511.0,305856538.0,10,Makanan,15,Resource Intensive,jelas
10633,10,356,61,428,6038200,1458159,7496359,183110601,212581606,29471005,1597143,27873862,0.2544,16961236.0,23904246.0,68857488.0,10,Makanan,15,Resource Intensive,jelas
10634,1,,,,,,,,,,,,,,,,10,Makanan,15,Resource Intensive,jelas
10710,639,61726,21331,83405,1226080607,470794178,1696874785,6534275393,13418845507,6884570114,73837622,6810732492,0.2465,19863277.0,22070891.0,82543854.0,10,Makanan,15,Resource Intensive,jelas
10721,67,47970,20395,68378,1493902702,773703727,2267606429,12506404691,32803495062,20297090371,540884560,19756205811,0.1117,31142437.0,37935951.0,296836561.0,10,Makanan,15,Resource Intensive,jelas
10722,13,336,76,423,7488965,704456,8193421,16385568,26826482,10440914,63729,10377185,0.7847,22288586.0,9269158.0,24683012.0,10,Makanan,15,Resource Intensive,jelas
10723,21,1585,707,2295,24323883,11354307,35678190,925482432,1616053786,690571354,2897722,687673632,0.0517,15346298.0,16059840.0,300902551.0,10,Makanan,15,Resource Intensive,jelas
10729,8,482,79,570,5600025,952105,6552130,76712081,102224282,25512201,17858,25494343,0.2568,11618309.0,12051962.0,44758247.0,10,Makanan,15,Resource Intensive,jelas
10731,12,3146,329,3475,30766343,6731931,37498274,1387570673,3447459808,2059889135,44934812,2014954323,0.0182,9779511.0,20461796.0,592773852.0,10,Makanan,15,Resource Intensive,jelas
10732,68,12237,2450,14694,302320374,96383533,398703907,2827927174,5085923071,2257995897,100448106,2157547791,0.1766,24705432.0,39340218.0,153667885.0,10,Makanan,15,Resource Intensive,jelas
10733,2,,,,,,,,,,,,,,,,10,Makanan,15,Resource Intensive,jelas
10739,9,1448,151,1602,15180851,4627468,19808319,140235824,311995651,171759827,369863,171389964,0.1153,10484013.0,30645483.0,107215872.0,10,Makanan,15,Resource Intensive,jelas
10740,296,30799,5030,35944,504083659,99669020,603752679,5353245231,8344456813,2991211582,22806483,2968405099,0.2018,16366884.0,19814915.0,83218662.0,10,Makanan,15,Resource Intensive,jelas
10750,63,8382,1846,10236,116905770,40408796,157314566,2447782854,2916110509,468327655,20308860,448018795,0.3359,13947241.0,21889922.0,45752995.0,10,Makanan,15,Resource Intensive,jelas
10761,213,43525,28476,72041,1610627844,559577954,2170205798,10821806192,16487858466,5666052274,96440668,5569611606,0.383,37004660.0,19650862.0,78650383.0,10,Makanan,15,Resource Intensive,jelas
10762,2,,,,,,,,,,,,,,,,10,Makanan,15,Resource Intensive,jelas
10771,96,8544,2882,11467,259316075,237697123,497013198,2949010070,5843822227,2894812157,280531417,2614280740,0.1717,30350664.0,82476448.0,252447210.0,10,Makanan,15,Resource Intensive,jelas
10772,65,9025,2366,11417,224416033,72998218,297414251,3812228458,5650746329,1838517871,11380392,1827137479,0.1618,24866042.0,30853008.0,161033360.0,10,Makanan,15,Resource Intensive,jelas
10773,8,3888,1533,5423,124141822,34486199,158628021,926653931,1429266115,502612184,64948,502547236,0.3156,31929481.0,22495890.0,92681576.0,10,Makanan,15,Resource Intensive,jelas
10774,116,6232,977,7279,134821878,35726153,170548031,872164141,1521922259,649758118,2226767,647531351,0.2625,21633806.0,36567199.0,89264750.0,10,Makanan,15,Resource Intensive,jelas
10779,10,711,124,838,15199795,7932650,23132445,125412573,199063971,73651398,6150218,67501180,0.3141,21378052.0,63972984.0,87889496.0,10,Makanan,15,Resource Intensive,jelas
10792,87,3916,626,4600,81360576,23601312,104961888,186357504,296662649,110305145,3355328,106949817,0.9516,20776449.0,37701776.0,23979379.0,10,Makanan,15,Resource Intensive,jelas
10793,79,16400,1113,17569,226012119,31419234,257431353,1566914944,2727864612,1160949668,6549253,1154400415,0.2217,13781227.0,28229321.0,66079439.0,10,Makanan,15,Resource Intensive,jelas
10794,940,46620,4182,51837,742754149,83677056,826431205,2272519872,3471513315,1198993443,38558253,1160435190,0.6893,15932092.0,20008861.0,23130070.0,10,Makanan,15,Resource Intensive,jelas
10799,62,3515,1017,4567,72008120,20439710,92447830,308044456,811880477,503836021,2142312,501693709,0.1835,20485952.0,20098043.0,110321003.0,10,Makanan,15,Resource Intensive,jelas
10801,62,12661,7215,20145,501037270,387579374,888616644,43789377394,58633206934,14843829540,18195641,14825633899,0.0599,39573278.0,53718555.0,736849319.0,10,Makanan,15,Resource Intensive,jelas
10802,34,2864,880,3745,106963134,56126486,163089620,5832068797,7298219725,1466150928,63389866,1402761062,0.1112,37347463.0,63780098.0,391495575.0,10,Makanan,15,Resource Intensive,jelas
11010,15,788,299,1089,69830231,35298628,105128859,371606642,1945182710,1573576068,355071146,1218504922,0.0668,88617044.0,118055612.0,1444973433.0,11,Minuman,15,Resource Intensive,jelas
11020,4,317,125,442,8753477,1988069,10741546,34093969,104164367,70070398,3058545,67011853,0.1533,27613492.0,15904552.0,158530312.0,11,Minuman,15,Resource Intensive,jelas
11030,2,,,,,,,,,,,,,,,,11,Minuman,15,Resource Intensive,jelas
11040,98,15413,4528,19953,297141082,130107228,427248310,4262345181,9795570399,5533225218,73732043,5459493175,0.0772,19278601.0,28733928.0,277312946.0,11,Minuman,15,Resource Intensive,jelas
11050,207,15835,6746,22592,298562304,187420916,485983220,2012988619,4981755490,2968766871,43725738,2925041133,0.1637,18854582.0,27782525.0,131407882.0,11,Minuman,15,Resource Intensive,jelas
11090,19,1911,502,2421,124335629,104996703,229332332,579084856,827813126,248728270,5951933,242776337,0.922,65063123.0,209156779.0,102737823.0,11,Minuman,15,Resource Intensive,jelas
12011,361,242396,24710,267191,3958356029,843118632,4801474661,48342124573,132104661757,83762537184,25509336787,58253200397,0.0573,16330121.0,34120544.0,313493109.0,12,Pengolahan tembakau,16,Resource Intensive,jelas
12012,15,6325,2522,8848,166508640,137577397,304086037,11797413438,13595091638,1797678200,102519230,1695158970,0.1692,26325477.0,54550911.0,203173395.0,12,Pengolahan tembakau,16,Resource Intensive,jelas
12019,24,7880,529,8414,172782255,30383947,203166202,183477304,513111404,329634100,5224586,324409514,0.6163,21926682.0,57436573.0,39176860.0,12,Pengolahan tembakau,16,Resource Intensive,jelas
12091,521,32929,2750,36632,1312698136,230835400,1543533536,8553799848,14488634974,5934835126,22060516,5912774610,0.2601,39864500.0,83940145.0,162012315.0,12,Pengolahan tembakau,16,Resource Intensive,jelas
12099,24,3282,238,3529,91373195,17318327,108691522,250004977,371799807,121794830,5836805,115958025,0.8924,27840705.0,72766080.0,34512562.0,12,Pengolahan tembakau,16,Resource Intensive,jelas
13111,19,11733,2589,14328,201981241,43839275,245820516,3143563042,6047779519,2904216477,3420246,2900796231,0.0846,17214799.0,16932899.0,202695176.0,13,Tekstil,17,Labor Intensive,jelas
13112,130,67910,10643,78556,1364634485,321096655,1685731140,28466043165,35898277052,7432233887,208570673,7223663214,0.2268,20094750.0,30169751.0,94610646.0,13,Tekstil,17,Labor Intensive,jelas
13113,25,10148,1590,11741,227526632,46271729,273798361,4958252566,8532664648,3574412082,45957100,3528454982,0.0766,22420835.0,29101716.0,304438470.0,13,Tekstil,17,Labor Intensive,jelas
13121,708,134166,14784,149350,1934065710,396765375,2330831085,12430867041,21663845967,9232978926,116722235,9116256691,0.2524,14415468.0,26837485.0,61821084.0,13,Tekstil,17,Labor Intensive,jelas
13122,57,3884,223,4177,61151095,2924243,64075338,142751431,209890977,67139546,221104,66918442,0.9544,15744360.0,13113197.0,16073628.0,13,Tekstil,17,Labor Intensive,jelas
13131,56,12795,2506,15329,323140407,69652815,392793222,3463507044,5021684316,1558177272,20687893,1537489379,0.2521,25255210.0,27794419.0,101648984.0,13,Tekstil,17,Labor Intensive,jelas
13132,159,38137,5240,43393,657215866,164980238,822196104,13484702079,19666719205,6182017126,16930928,6165086198,0.133,17233025.0,31484778.0,142465769.0,13,Tekstil,17,Labor Intensive,jelas
13133,92,29459,2233,31710,933505533,61304472,994810005,11328222768,19996526463,8668303695,32330898,8635972797,0.1148,31688297.0,27453861.0,273361832.0,13,Tekstil,17,Labor Intensive,jelas
13134,325,12920,1298,14512,279991166,22455800,302446966,578648874,1103507154,524858280,2242730,522615550,0.5762,21671143.0,17300308.0,36167191.0,13,Tekstil,17,Labor Intensive,jelas
13911,82,15947,2507,18458,302492554,81310650,383803204,3788474994,5397928394,1609453400,17413475,1592039925,0.2385,18968618.0,32433446.0,87195438.0,13,Tekstil,17,Labor Intensive,jelas
13912,48,4225,297,4559,65470096,12918429,78388525,125557392,215212980,89655588,3468845,86186743,0.8743,15495881.0,43496394.0,19665626.0,13,Tekstil,17,Labor Intensive,jelas
13921,129,46237,5091,51375,1157561912,222349404,1379911316,5029720909,8787530235,3757809326,24322580,3733486746,0.3672,25035403.0,43674996.0,73144707.0,13,Tekstil,17,Labor Intensive,jelas
13922,54,3032,228,3275,27065386,3179839,30245225,89145994,156264737,67118743,563892,66554851,0.4506,8926578.0,13946662.0,20494273.0,13,Tekstil,17,Labor Intensive,jelas
13923,28,1982,661,2647,30047891,13727240,43775131,190879866,365006116,174126250,841285,173284965,0.2514,15160389.0,20767383.0,65782490.0,13,Tekstil,17,Labor Intensive,jelas
13924,22,1546,146,1710,16125243,1717403,17842646,63751646,122776368,59024722,558683,58466039,0.3023,10430299.0,11763034.0,34517381.0,13,Tekstil,17,Labor Intensive,jelas
13929,30,5767,650,6430,106270717,26460059,132730776,1256458294,1663170811,406712517,4531706,402180811,0.3264,18427383.0,40707783.0,63252335.0,13,Tekstil,17,Labor Intensive,jelas
13930,20,2732,645,3377,59345314,25908911,85254225,771534628,902399941,130865313,5120345,125744968,0.6515,21722296.0,40168854.0,38751943.0,13,Tekstil,17,Labor Intensive,jelas
13941,51,4086,263,4359,76900321,19093246,95993567,258655409,408000451,149345042,20480590,128864452,0.6428,18820441.0,72597894.0,34261308.0,13,Tekstil,17,Labor Intensive,jelas
13942,25,4548,811,5373,118258810,15949048,134207858,433127155,841624958,408497803,1136066,407361737,0.3285,26002377.0,19665904.0,76027881.0,13,Tekstil,17,Labor Intensive,jelas
13991,20,2180,1011,3191,46774857,38381443,85156300,1216239745,1449438315,233198570,11587518,221611052,0.3652,21456356.0,37963841.0,73080091.0,13,Tekstil,17,Labor Intensive,jelas
13992,12,1329,229,1560,26260572,8141877,34402449,265370949,400168688,134797739,909596,133888143,0.2552,19759648.0,35554048.0,86408807.0,13,Tekstil,17,Labor Intensive,jelas
13993,7,795,136,932,13358199,4876438,18234637,133625493,258467891,124842398,3420594,121421804,0.1461,16802766.0,35856162.0,133951071.0,13,Tekstil,17,Labor Intensive,jelas
13994,1,,,,,,,,,,,,,,,,13,Tekstil,17,Labor Intensive,jelas
13995,1,,,,,,,,,,,,,,,,13,Tekstil,17,Labor Intensive,jelas
13996,2,,,,,,,,,,,,,,,,13,Tekstil,17,Labor Intensive,jelas
13997,128,9452,286,9790,435247175,30023400,465270575,191051013,304294386,113243373,117923,113125450,4.1086,46048156.0,104976923.0,11567250.0,13,Tekstil,17,Labor Intensive,jelas
13999,15,1667,297,1968,53439137,24712712,78151849,959806723,1179917148,220110425,9249494,210860931,0.3551,32057071.0,83207785.0,111844728.0,13,Tekstil,17,Labor Intensive,jelas
14111,1705,453455,42699,497133,8454781382,1709511137,10164292519,20229764789,56956386299,36726621510,202309956,36524311554,0.2768,18645249.0,40036327.0,73876853.0,14,Pakaian jadi,18,Labor Intensive,jelas
14112,24,3641,281,3925,91640908,5242838,96883746,29136187,768581327,739445140,257196,739187944,0.131,25169159.0,18657786.0,188393666.0,14,Pakaian jadi,18,Labor Intensive,jelas
14120,20,1313,95,1417,24619936,2985814,27605750,13858079,50343512,36485433,86834,36398599,0.7566,18750903.0,31429621.0,25748365.0,14,Pakaian jadi,18,Labor Intensive,jelas
14131,119,22614,3322,26031,313140186,43119653,356259839,2884516834,5142468397,2257951563,6345207,2251606356,0.1578,13847183.0,12980028.0,86740869.0,14,Pakaian jadi,18,Labor Intensive,jelas
14132,28,7187,1271,8462,121959288,54281807,176241095,595579343,1141465279,545885936,7538347,538347589,0.3229,16969429.0,42707952.0,64510274.0,14,Pakaian jadi,18,Labor Intensive,jelas
14200,1,,,,,,,,,,,,,,,,14,Pakaian jadi,18,Labor Intensive,jelas
14301,230,45923,5333,51327,859523822,171103305,1030627127,3775883162,7194586500,3418703338,38043691,3380659647,0.3015,18716630.0,32083875.0,66606335.0,14,Pakaian jadi,18,Labor Intensive,jelas
14302,96,4236,282,4608,138184022,12066215,150250237,73297378,139805289,66507911,530764,65977147,2.2591,32621346.0,42787996.0,14433140.0,14,Pakaian jadi,18,Labor Intensive,jelas
14303,25,6709,475,7186,103292636,15294296,118586932,383415393,592303116,208887723,1873803,207013920,0.5677,15396130.0,32198518.0,29068706.0,14,Pakaian jadi,18,Labor Intensive,jelas
15111,14,1333,254,1592,102152239,18706784,120859023,1267463891,1465614794,198150903,1013913,197136990,0.6099,76633338.0,73648756.0,124466648.0,15,"Kulit, barang kulit dan alas kaki",19,Labor Intensive,jelas
15112,56,7525,2187,9731,114546095,80029238,194575333,1777256254,2505295860,728039606,17662837,710376769,0.2673,15222072.0,36593159.0,74816525.0,15,"Kulit, barang kulit dan alas kaki",19,Labor Intensive,jelas
15114,6,605,116,721,9028845,3549602,12578447,159780634,252929017,93148383,2157110,90991273,0.135,14923711.0,30600017.0,129193319.0,15,"Kulit, barang kulit dan alas kaki",19,Labor Intensive,jelas
15121,138,16798,1720,18567,318941743,57634012,376575755,1387905807,3243752718,1855846911,5366069,1850480842,0.2029,18986888.0,33508147.0,99954053.0,15,"Kulit, barang kulit dan alas kaki",19,Labor Intensive,jelas
15122,5,476,33,509,8359358,3520763,11880121,16440345,26341339,9900994,252712,9648282,1.1999,17561676.0,106689788.0,19451855.0,15,"Kulit, barang kulit dan alas kaki",19,Labor Intensive,jelas
15129,11,812,119,940,12479875,3092061,15571936,31971888,78728947,46757059,583493,46173566,0.333,15369304.0,25983706.0,49741552.0,15,"Kulit, barang kulit dan alas kaki",19,Labor Intensive,jelas
15201,347,81618,9070,90772,1610468240,230662148,1841130388,21000759919,32362611022,11361851103,59941277,11301909826,0.162,19731778.0,25431328.0,125169117.0,15,"Kulit, barang kulit dan alas kaki",19,Labor Intensive,jelas
15202,57,111567,11243,122819,3585566602,396202085,3981768687,14179739539,25078678421,10898938882,38536990,10860401892,0.3653,32138236.0,35239890.0,88739844.0,15,"Kulit, barang kulit dan alas kaki",19,Labor Intensive,jelas
15203,19,2468,415,2885,40324579,9714365,50038944,1728064864,1994950075,266885211,488796,266396415,0.1875,16338970.0,23408108.0,92507872.0,15,"Kulit, barang kulit dan alas kaki",19,Labor Intensive,jelas
15209,31,6427,1521,7964,113427481,18780589,132208070,889555416,1454352901,564797485,6845231,557952254,0.2341,17648589.0,12347527.0,70918820.0,15,"Kulit, barang kulit dan alas kaki",19,Labor Intensive,jelas
16101,268,18292,3659,22401,300013589,82824014,382837603,2781612588,4038677073,1257064485,15703747,1241360738,0.3045,16401355.0,22635697.0,56116445.0,16,Kayu dan barang dari kayu,20,Labor Intensive,jelas
16102,16,2478,279,2757,56301074,23507442,79808516,344922668,493662356,148739688,737521,148002167,0.5366,22720369.0,84256065.0,53949832.0,16,Kayu dan barang dari kayu,20,Labor Intensive,jelas
16103,16,530,41,582,10895356,762733,11658089,41936162,70622139,28685977,758848,27927129,0.4064,20557275.0,18603244.0,49288620.0,16,Kayu dan barang dari kayu,20,Labor Intensive,jelas
16104,23,1074,111,1191,12062865,2305267,14368132,31466685,61295819,29829134,509508,29319626,0.4817,11231718.0,20768171.0,25045453.0,16,Kayu dan barang dari kayu,20,Labor Intensive,jelas
16211,65,40993,5055,46049,1186358672,210636144,1396994816,8291463770,11322840184,3031376414,33984707,2997391707,0.4608,28940518.0,41668871.0,65829365.0,16,Kayu dan barang dari kayu,20,Labor Intensive,jelas
16212,88,51418,5835,57281,1393873543,193969907,1587843450,6508188408,14621221533,8113033125,363245599,7749787526,0.1957,27108669.0,33242486.0,141635675.0,16,Kayu dan barang dari kayu,20,Labor Intensive,jelas
16213,52,13073,1359,14434,172767188,42653554,215420742,8531033267,11310021217,2778987950,11156355,2767831595,0.0775,13215573.0,31385985.0,192530688.0,16,Kayu dan barang dari kayu,20,Labor Intensive,jelas
16214,29,11113,964,12084,168648803,24581672,193230475,694802636,1255196927,560394291,6802029,553592262,0.3448,15175812.0,25499660.0,46374900.0,16,Kayu dan barang dari kayu,20,Labor Intensive,jelas
16221,195,27945,3607,31585,494756802,101836104,596592906,2123848664,4296510208,2172661544,28938430,2143723114,0.2746,17704663.0,28232909.0,68787765.0,16,Kayu dan barang dari kayu,20,Labor Intensive,jelas
16222,13,2044,432,2476,56689968,22519321,79209289,252815063,554599315,301784252,22539275,279244977,0.2625,27734818.0,52128058.0,121883785.0,16,Kayu dan barang dari kayu,20,Labor Intensive,jelas
16230,30,6425,1142,7579,67506817,35712837,103219654,244744494,396507497,151763003,364013,151398990,0.6801,10506898.0,31272187.0,20024146.0,16,Kayu dan barang dari kayu,20,Labor Intensive,jelas
16291,94,6010,467,6532,81996834,6306283,88303117,319452650,464192829,144740179,1859806,142880373,0.6101,13643400.0,13503818.0,22158631.0,16,Kayu dan barang dari kayu,20,Labor Intensive,jelas
16292,53,1963,165,2164,30470256,4922608,35392864,40689430,87705643,47016213,290110,46726103,0.7528,15522290.0,29833988.0,21726531.0,16,Kayu dan barang dari kayu,20,Labor Intensive,jelas
16293,77,6271,908,7222,130728590,31898308,162626898,343140469,677154987,334014518,3419738,330594780,0.4869,20846530.0,35130295.0,46249587.0,16,Kayu dan barang dari kayu,20,Labor Intensive,jelas
16294,18,3282,414,3701,45180665,21588666,66769331,110656188,321636479,210980291,651978,210328313,0.3165,13766199.0,52146536.0,57006293.0,16,Kayu dan barang dari kayu,20,Labor Intensive,jelas
16295,12,1224,480,1704,27553545,13094183,40647728,44533145,438795905,394262760,2372646,391890114,0.1031,22511066.0,27279548.0,231374859.0,16,Kayu dan barang dari kayu,20,Labor Intensive,jelas
16299,63,5069,622,5714,155680833,34898181,190579014,195049515,468317206,273267691,3947459,269320232,0.6974,30712336.0,56106400.0,47824237.0,16,Kayu dan barang dari kayu,20,Labor Intensive,jelas
17011,7,14765,513,15278,823026664,100769083,923795747,28927925507,44091079261,15163153754,176155316,14986998438,0.0609,55741731.0,196430961.0,992482901.0,17,Kertas dan barang dari kertas,21,Resource Intensive,jelas
17012,42,32837,7602,40443,908843670,156702432,1065546102,26968583677,49793941877,22825358200,31283392,22794074808,0.0467,27677427.0,20613316.0,564383409.0,17,Kertas dan barang dari kertas,21,Resource Intensive,jelas
17013,2,,,,,,,,,,,,,,,,17,Kertas dan barang dari kertas,21,Resource Intensive,jelas
17014,13,3022,1226,4248,63178696,16035284,79213980,1500093079,2075420638,575327559,1555934,573771625,0.1377,20906253.0,13079351.0,135434924.0,17,Kertas dan barang dari kertas,21,Resource Intensive,jelas
17019,37,3975,1177,5157,66548759,35582211,102130970,143603022,2153351507,2009748485,11366775,1998381710,0.0508,16741826.0,30231275.0,389712718.0,17,Kertas dan barang dari kertas,21,Resource Intensive,jelas
17021,24,4833,1665,6498,80780519,50817496,131598015,2373566649,5700064281,3326497632,57496440,3269001192,0.0396,16714364.0,30521019.0,511926382.0,17,Kertas dan barang dari kertas,21,Resource Intensive,jelas
17022,245,33317,7196,40557,842528959,335686641,1178215600,11160178718,19681823916,8521645198,77469501,8444175697,0.1383,25288260.0,46649061.0,210115275.0,17,Kertas dan barang dari kertas,21,Resource Intensive,jelas
17091,30,5136,1390,6530,199337832,158256910,357594742,5623392641,6674975772,1051583131,5030860,1046552271,0.3401,38811883.0,113853892.0,161038764.0,17,Kertas dan barang dari kertas,21,Resource Intensive,jelas
17099,63,5659,952,6622,111217774,35751778,146969552,3485077703,4370278261,885200558,7571218,877629340,0.166,19653256.0,37554389.0,133675711.0,17,Kertas dan barang dari kertas,21,Resource Intensive,jelas
18111,420,9505,9999,40824,808105348,402461028,1210566376,9048527186,15195084297,6146557111,103875427,6042681684,0.197,85018974.0,40250128.0,150562343.0,18,Percetakan dan reproduksi media,22,Labor Intensive,jelas
18112,9,3294,1249,4543,59149290,20500035,79649325,1034433173,1373963413,339530240,42105099,297425141,0.2346,17956676.0,16413159.0,74737011.0,18,Percetakan dan reproduksi media,22,Labor Intensive,jelas
18120,95,5736,714,6472,98631899,46127330,144759229,319007749,652677767,333670018,11253083,322416935,0.4338,17195240.0,64604104.0,51555936.0,18,Percetakan dan reproduksi media,22,Labor Intensive,jelas
18201,5,255,53,308,4114943,1039818,5154761,5883928,79853768,73969840,,73969840,0.0697,16137031.0,19619208.0,240161818.0,18,Percetakan dan reproduksi media,22,Labor Intensive,jelas
19100,7,423,57,480,8676802,1962446,10639248,37309090,64171047,26861957,132640,26729317,0.3961,20512534.0,34428877.0,55962410.0,19,Batubara dan pengilangan migas,23,Resource Intensive,jelas
19211,7,215,87,304,3356482,1028371,4384853,69654768,124763977,55109209,8324798,46784411,0.0796,15611544.0,11820356.0,181280293.0,19,Batubara dan pengilangan migas,23,Resource Intensive,jelas
19212,8,402,100,502,9927196,1386375,11313571,137506023,496604677,359098654,486919,358611735,0.0315,24694517.0,13863750.0,715335964.0,19,Batubara dan pengilangan migas,23,Resource Intensive,jelas
19213,11,993,448,1441,50903223,11734814,62638037,1802294966,1918682298,116387332,934094,115453238,0.5382,51262057.0,26193781.0,80768447.0,19,Batubara dan pengilangan migas,23,Resource Intensive,jelas
19214,2,,,,,,,,,,,,,,,,19,Batubara dan pengilangan migas,23,Resource Intensive,jelas
19291,34,2447,1191,3638,47484831,27468255,74953086,2309551462,3444215778,1134664316,52021272,1082643044,0.0661,19405325.0,23063186.0,311892335.0,19,Batubara dan pengilangan migas,23,Resource Intensive,jelas
19292,1,,,,,,,,,,,,,,,,19,Batubara dan pengilangan migas,23,Resource Intensive,jelas
20111,21,2677,2525,5202,130014755,183801165,313815920,44813596795,54484930535,9671333740,17853040,9653480700,0.0324,48567335.0,72792541.0,1859156813.0,20,Bahan kimia dan barang kimia,24,Labor Intensive,jelas
20112,54,6717,4976,11693,1370088246,712570546,2082658792,13154322706,42438802071,29284479365,143184178,29141295187,0.0711,203973239.0,143201476.0,2504445340.0,20,Bahan kimia dan barang kimia,24,Labor Intensive,jelas
20113,15,1340,1118,2458,140084791,150996164,291080955,666506134,5227527382,4561021248,11826438,4549194810,0.0638,104540889.0,135059181.0,1855582282.0,20,Bahan kimia dan barang kimia,24,Labor Intensive,jelas
20114,22,2386,1010,3399,65324226,38302811,103627037,1355447057,2207268503,851821446,11302317,840519129,0.1217,27378133.0,37923575.0,250609428.0,20,Bahan kimia dan barang kimia,24,Labor Intensive,jelas
20115,44,2525,882,3410,70781427,21038071,91819498,2704255498,14082249004,11377993506,103100483,11274893023,0.0081,28032248.0,23852688.0,3336654987.0,20,Bahan kimia dan barang kimia,24,Labor Intensive,jelas
20116,19,2783,2136,4919,92268604,57954554,150223158,8047953939,9565750383,1517796444,12593576,1505202868,0.099,33154367.0,27132282.0,308557927.0,20,Bahan kimia dan barang kimia,24,Labor Intensive,jelas
20117,8,1062,191,1253,135271759,26830399,162102158,1956076174,4151090787,2195014613,108166913,2086847700,0.0739,127374538.0,140473293.0,1751807353.0,20,Bahan kimia dan barang kimia,24,Labor Intensive,jelas
20118,61,11883,7525,19408,750411916,429998421,1180410337,33646012634,41917101101,8271088467,47976102,8223112365,0.1427,63150039.0,57142647.0,426169027.0,20,Bahan kimia dan barang kimia,24,Labor Intensive,jelas
20119,33,8492,4721,13213,522902497,162389323,685291820,8291834312,16651127055,8359292743,63336269,8295956474,0.082,61575895.0,34397230.0,632656682.0,20,Bahan kimia dan barang kimia,24,Labor Intensive,jelas
20121,58,212,456,2725,45336374,14133290,59469664,874499195,2458392673,1583893478,5723176,1578170302,0.0375,213850821.0,30994057.0,581245313.0,20,Bahan kimia dan barang kimia,24,Labor Intensive,jelas
20122,11,2010,1167,3178,137172219,67048423,204220642,9239432197,16287432618,7048000421,652309455,6395690966,0.029,68244885.0,57453662.0,2217747143.0,20,Bahan kimia dan barang kimia,24,Labor Intensive,jelas
20123,13,2110,1759,3873,74797828,112055552,186853380,11277582278,16483598959,5206016681,26829740,5179186941,0.0359,35449208.0,63704123.0,1344181947.0,20,Bahan kimia dan barang kimia,24,Labor Intensive,jelas
20129,11,711,141,853,18500890,4786532,23287422,362747399,458182073,95434674,1336248,94098426,0.244,26020942.0,33947035.0,111881212.0,20,Bahan kimia dan barang kimia,24,Labor Intensive,jelas
20131,67,5957,2324,8291,191234801,101204860,292439661,9854339028,14926088917,5071749889,62872206,5008877683,0.0577,32102535.0,43547702.0,611717512.0,20,Bahan kimia dan barang kimia,24,Labor Intensive,jelas
20132,9,1977,1747,3724,54832284,40243095,95075379,3270805639,3727540279,456734640,3287834,453446806,0.2082,27735096.0,23035544.0,122646251.0,20,Bahan kimia dan barang kimia,24,Labor Intensive,jelas
20211,9,1039,751,1790,116832070,116223474,233055544,122057922,1638523221,1516465299,8040708,1508424591,0.1537,112446651.0,154758288.0,847187318.0,20,Bahan kimia dan barang kimia,24,Labor Intensive,jelas
20212,33,8940,1867,10810,275465732,100933502,376399234,7703804130,10280380151,2576576021,13786543,2562789478,0.1461,30812722.0,54061865.0,238351158.0,20,Bahan kimia dan barang kimia,24,Labor Intensive,jelas
20213,2,,,,,,,,,,,,,,,,20,Bahan kimia dan barang kimia,24,Labor Intensive,jelas
20214,1,,,,,,,,,,,,,,,,20,Bahan kimia dan barang kimia,24,Labor Intensive,jelas
20221,119,10085,4786,14877,482379428,315221577,797601005,10025234160,14850667712,4825433552,58931573,4766501979,0.1653,47831376.0,65863263.0,324355283.0,20,Bahan kimia dan barang kimia,24,Labor Intensive,jelas
20222,6,238,76,314,4838797,2984035,7822832,19924083,39174415,19250332,38098,19212234,0.4064,20331080.0,39263618.0,61306790.0,20,Bahan kimia dan barang kimia,24,Labor Intensive,jelas
20223,3,115,52,167,3108036,1535471,4643507,23996604,39167666,15171062,143646,15027416,0.3061,27026400.0,29528288.0,90844683.0,20,Bahan kimia dan barang kimia,24,Labor Intensive,jelas
20231,66,20329,7913,28249,418532247,343759939,762292186,30281642975,39619594171,9337951196,49889164,9288062032,0.0816,20587941.0,43442429.0,330558646.0,20,Bahan kimia dan barang kimia,24,Labor Intensive,jelas
20232,71,9236,8114,17352,299586730,144064438,443651168,2021348293,5819701647,3798353354,70414004,3727939350,0.1168,32436848.0,17755045.0,218900032.0,20,Bahan kimia dan barang kimia,24,Labor Intensive,jelas
20291,48,4156,2166,6326,134418876,185323862,319742738,3975576373,6475505252,2499928879,28923188,2471005691,0.1279,32343329.0,85560416.0,395183193.0,20,Bahan kimia dan barang kimia,24,Labor Intensive,jelas
20292,7,852,385,1237,22701273,9844815,32546088,428890191,818945975,390055784,175818597,214237187,0.0834,26644687.0,25570948.0,315323997.0,20,Bahan kimia dan barang kimia,24,Labor Intensive,jelas
20293,14,749,597,1348,14616993,12384970,27001963,148262157,201862997,53600840,2094124,51506716,0.5038,19515344.0,20745343.0,39763234.0,20,Bahan kimia dan barang kimia,24,Labor Intensive,jelas
20294,30,3966,1160,5126,96630840,37581461,134212301,767803196,1394920079,627116883,2718188,624398695,0.214,24364811.0,32397811.0,122340399.0,20,Bahan kimia dan barang kimia,24,Labor Intensive,jelas
20295,7,2659,594,3253,86670915,15455918,102126833,163082296,302575056,139492760,282702,139210058,0.7321,32595305.0,26020064.0,42881267.0,20,Bahan kimia dan barang kimia,24,Labor Intensive,jelas
20299,40,2522,760,3287,71393011,,96561286,1293916294,3052733027,1758816733,186911583,1571905150,0.0549,28308093.0,,535082669.0,20,Bahan kimia dan barang kimia,24,Labor Intensive,jelas
20301,3,846,140,988,26951872,3762337,30714209,110531562,395665368,285133806,1179968,283953838,0.1077,31858005.0,26873836.0,288596970.0,20,Bahan kimia dan barang kimia,24,Labor Intensive,jelas
20302,6,1454,669,2123,36272933,21659349,57932282,4711720711,7626410941,2914690230,206960016,2707730214,0.0199,24946997.0,32375709.0,1372911083.0,20,Bahan kimia dan barang kimia,24,Labor Intensive,jelas
21011,13,2811,2352,5163,375938384,241615335,617553719,1470684004,3491909118,2021225114,256709487,1764515627,0.3055,133738308.0,102727608.0,391482687.0,21,Farmasi dan obat tradisional,24,Labor Intensive,jelas
21012,168,25148,20674,45840,1187253648,1262954936,2450208584,13400977395,24314635923,10913658528,431312041,10482346487,0.2245,47210659.0,61089046.0,238081556.0,21,Farmasi dan obat tradisional,24,Labor Intensive,jelas
21021,5,744,94,838,14656194,1948511,16604705,80538303,142241047,61702744,16060,61686684,0.2691,19699185.0,20728840.0,73630959.0,21,Farmasi dan obat tradisional,24,Labor Intensive,jelas
21022,60,8657,2518,11688,222740276,221075558,443815834,865182162,1649290211,784108049,16065271,768042778,0.566,25729499.0,87798077.0,67086589.0,21,Farmasi dan obat tradisional,24,Labor Intensive,jelas
22111,21,20631,4239,24870,3720212241,486118479,4206330720,46014039214,54151816562,8137777348,206603370,7931173978,0.5169,180321470.0,114677631.0,327212599.0,22,Karet dan plastik,25,Resource Intensive,jelas
22112,35,2342,634,2978,45036537,10217835,55254372,266496274,529065651,262569377,3387444,259181933,0.2104,19229947.0,16116459.0,88169703.0,22,Karet dan plastik,25,Resource Intensive,jelas
22121,48,17286,4725,22012,433136914,145041836,578178750,4578468113,8677348947,4098880834,24958623,4073922211,0.1411,25057093.0,30696685.0,186211195.0,22,Karet dan plastik,25,Resource Intensive,jelas
22122,44,15633,1449,17088,186539389,36878566,223417955,2068437365,4026941272,1958503907,5903172,1952600735,0.1141,11932412.0,25451046.0,114612822.0,22,Karet dan plastik,25,Resource Intensive,jelas
22123,179,50902,16849,67762,1452069128,588240046,2040309174,70268358447,91153023281,20884664834,141886714,20742778120,0.0977,28526760.0,34912460.0,308206146.0,22,Karet dan plastik,25,Resource Intensive,jelas
22191,33,10064,900,10964,156675453,32188009,188863462,1251376272,2006376462,755000190,6169383,748830807,0.2502,15567911.0,35764454.0,68861747.0,22,Karet dan plastik,25,Resource Intensive,jelas
22192,43,12312,3050,15369,194291771,92892680,287184451,1999501280,3119886098,1120384818,16824885,1103559933,0.2563,15780683.0,30456616.0,72899006.0,22,Karet dan plastik,25,Resource Intensive,jelas
22199,65,11418,1193,12619,429632316,58994826,488627142,6227645251,7090235020,862589769,75420999,787168770,0.5665,37627633.0,49450818.0,68356428.0,22,Karet dan plastik,25,Resource Intensive,jelas
22210,41,5961,979,6947,151814384,69051289,220865673,839667777,1246838543,407170766,12322377,394848389,0.5424,25467939.0,70532471.0,58611021.0,22,Karet dan plastik,25,Resource Intensive,jelas
22220,503,76476,11611,88219,1422674908,408502256,1831177164,22785453223,29748237804,6962784581,131002474,6831782107,0.263,18602894.0,35182349.0,78926134.0,22,Karet dan plastik,25,Resource Intensive,jelas
22230,47,6107,1376,7484,226687190,72448126,299135316,2081927049,2823182061,741255012,52145839,689109173,0.4036,37119239.0,52651254.0,99045298.0,22,Karet dan plastik,25,Resource Intensive,jelas
22291,83,11704,2312,14022,228620043,157347203,385967246,5975779251,13166650456,7190871205,1171475143,6019396062,0.0537,19533496.0,68056749.0,512827785.0,22,Karet dan plastik,25,Resource Intensive,jelas
22292,134,16260,3209,19511,246984589,58745627,305730216,1594514888,2295219433,700704545,9901448,690803097,0.4363,15189704.0,18306521.0,35913308.0,22,Karet dan plastik,25,Resource Intensive,jelas
22293,78,14515,3430,17951,1351264468,397600145,1748864613,4271741523,6990012099,2718270576,29111419,2689159157,0.6434,93094348.0,115918410.0,151427251.0,22,Karet dan plastik,25,Resource Intensive,jelas
22299,249,21631,4161,25828,424979499,110782444,535761943,4777128235,7330599380,2553471145,39850868,2513620277,0.2098,19646780.0,26623995.0,98864455.0,22,Karet dan plastik,25,Resource Intensive,jelas
23111,9,433,811,7347,170888769,40958361,211847130,1632544592,2554597663,922053071,20574525,901478546,0.2298,394662284.0,50503528.0,125500622.0,23,Galian bukan logam,26,Capital Intensive,jelas
23112,6,1969,269,2238,281054015,56572004,337626019,689955878,814770611,124814733,962583,123852150,2.705,142739469.0,210304848.0,55770658.0,23,Galian bukan logam,26,Capital Intensive,jelas
23119,8,267,91,361,5792347,1586082,7378429,18912613,36203395,17290782,223732,17067050,0.4267,21694184.0,17429473.0,47896903.0,23,Galian bukan logam,26,Capital Intensive,jelas
23121,16,7322,331,7653,217732971,19072652,236805623,812669601,1716197907,903528306,8887101,894641205,0.2621,29736817.0,57621305.0,118061976.0,23,Galian bukan logam,26,Capital Intensive,jelas
23122,3,181,68,249,14265996,1553070,15819066,17910195,37905282,19995087,2032976,17962111,0.7911,78817657.0,22839265.0,80301554.0,23,Galian bukan logam,26,Capital Intensive,jelas
23123,7,1584,368,1952,116170873,27494282,143665155,1478305508,1665978121,187672613,16224824,171447789,0.7655,73340198.0,74712723.0,96143757.0,23,Galian bukan logam,26,Capital Intensive,jelas
23129,15,3839,243,4084,422818842,76215142,499033984,277204863,685761456,408556593,6650992,401905601,1.2215,110137755.0,313642560.0,100038343.0,23,Galian bukan logam,26,Capital Intensive,jelas
23911,13,690,224,914,18469725,9277549,27747274,149017466,253038720,104021254,5964576,98056678,0.2667,26767717.0,41417629.0,113808812.0,23,Galian bukan logam,26,Capital Intensive,jelas
23919,2,,,,,,,,,,,,,,,,23,Galian bukan logam,26,Capital Intensive,jelas
23921,150,4223,684,5068,72638409,15237791,87876200,149705349,305136775,155431426,3011230,152420196,0.5654,17200665.0,22277472.0,30669184.0,23,Galian bukan logam,26,Capital Intensive,jelas
23922,592,28002,1764,29979,668555493,58698765,727254258,424698648,899976765,475278117,2374766,472903351,1.5302,23875277.0,33275944.0,15853701.0,23,Galian bukan logam,26,Capital Intensive,jelas
23923,16,5199,1411,6613,100680322,57838476,158518798,13307971233,21183278737,7875307504,5072458,7870235046,0.0201,19365324.0,40991124.0,1190882732.0,23,Galian bukan logam,26,Capital Intensive,jelas
23929,53,26405,6046,32468,711835759,193190729,905026488,5384620243,16490706416,11106086173,26963582,11079122591,0.0815,26958370.0,31953478.0,342062528.0,23,Galian bukan logam,26,Capital Intensive,jelas
23931,24,11008,2674,13683,232331756,66184044,298515800,678044304,1502893357,824849053,22841647,802007406,0.3619,21105719.0,24750951.0,60282764.0,23,Galian bukan logam,26,Capital Intensive,jelas
23932,34,3993,464,4469,44481202,28657023,73138225,71172859,252969208,181796349,6488790,175307559,0.4023,11139795.0,61760825.0,40679425.0,23,Galian bukan logam,26,Capital Intensive,jelas
23933,1,,,,,,,,,,,,,,,,23,Galian bukan logam,26,Capital Intensive,jelas
23939,9,900,77,987,20915454,5408735,26324189,52391738,120891626,68499888,383327,68116561,0.3843,23239393.0,70243312.0,69402116.0,23,Galian bukan logam,26,Capital Intensive,jelas
23941,20,7952,8156,16110,2209214391,1107895040,3317109431,8061657114,20976003927,12914346813,209385712,12704961101,0.2569,277818711.0,135838038.0,801635432.0,23,Galian bukan logam,26,Capital Intensive,jelas
23942,73,3914,450,4403,61291756,7015104,68306860,254148472,416471800,162323328,746029,161577299,0.4208,15659621.0,15589120.0,36866529.0,23,Galian bukan logam,26,Capital Intensive,jelas
23943,9,1704,233,1939,44762219,7094224,51856443,2169220977,2561278517,392057540,11078935,380978605,0.1323,26268908.0,30447313.0,202195740.0,23,Galian bukan logam,26,Capital Intensive,jelas
23951,35,1692,500,2224,22107809,11863416,33971225,185234122,292509175,107275053,745931,106529122,0.3167,13066081.0,23726832.0,48235186.0,23,Galian bukan logam,26,Capital Intensive,jelas
23952,15,1393,125,1522,62805475,5547242,68352717,92316076,185563655,93247579,205861,93041718,0.733,45086486.0,44377936.0,61266478.0,23,Galian bukan logam,26,Capital Intensive,jelas
23953,190,13209,3896,17129,256539343,112908434,369447777,5198780588,7571561777,2372781189,19406435,2353374754,0.1557,19421557.0,28980604.0,138524210.0,23,Galian bukan logam,26,Capital Intensive,jelas
23954,2,,,,,,,,,,,,,,,,23,Galian bukan logam,26,Capital Intensive,jelas
23955,17,3444,1233,4680,62749917,,94168381,1312962790,1979885558,666922768,4835635,662087133,0.1412,18220069.0,,142504865.0,23,Galian bukan logam,26,Capital Intensive,jelas
23957,48,4657,1498,6160,127233860,52312157,179546017,2384971158,4526311639,2141340481,27182420,2114158061,0.0838,27320992.0,34921333.0,347620208.0,23,Galian bukan logam,26,Capital Intensive,jelas
23959,16,1426,296,1730,18034945,7592555,25627500,645348840,710179728,64830888,3249020,61581868,0.3953,12647227.0,25650524.0,37474502.0,23,Galian bukan logam,26,Capital Intensive,jelas
23961,9,784,186,972,10225066,3139973,13365039,42936432,84618788,41682356,832154,40850202,0.3206,13042176.0,16881575.0,42883082.0,23,Galian bukan logam,26,Capital Intensive,jelas
23962,43,5236,1191,6438,111389313,18835481,130224794,2692105667,4526415771,1834310104,269798836,1564511268,0.071,21273742.0,15814846.0,284919246.0,23,Galian bukan logam,26,Capital Intensive,jelas
23963,79,3879,734,4634,65163781,22715468,87879249,683833985,1466326972,782492987,6272215,776220772,0.1123,16799119.0,30947504.0,168859082.0,23,Galian bukan logam,26,Capital Intensive,jelas
23969,46,1572,419,2030,27835821,8057128,35892949,108338870,193984657,85645787,1960532,83685255,0.4191,17707265.0,19229422.0,42190043.0,23,Galian bukan logam,26,Capital Intensive,jelas
23990,64,3491,932,4430,88493169,26101540,114594709,379914864,701767684,321852820,33176332,288676488,0.356,25348946.0,28005944.0,72653007.0,23,Galian bukan logam,26,Capital Intensive,jelas
24101,62,17812,4779,22592,1837745415,439829120,2277574535,25591826291,42325062750,16733236459,630614578,16102621881,0.1361,103174569.0,92033714.0,740670877.0,24,Logam dasar,27,Capital Intensive,jelas
24102,28,5421,1580,7001,249909953,75026482,324936435,17323382722,23774064292,6450681570,65431360,6385250210,0.0504,46100342.0,47485115.0,921394311.0,24,Logam dasar,27,Capital Intensive,jelas
24103,46,9417,2875,12292,342953312,164848765,507802077,6204874834,9952449216,3747574382,99120938,3648453444,0.1355,36418532.0,57338701.0,304879139.0,24,Logam dasar,27,Capital Intensive,jelas
24201,17,3059,883,3942,39165799,8128842,47294641,4141783396,7141743312,2999959916,8442724,2991517192,0.0158,12803465.0,9205937.0,761024839.0,24,Logam dasar,27,Capital Intensive,jelas
24202,46,4546,1414,5965,141895224,79886702,221781926,19689305789,23870248422,4180942633,25178820,4155763813,0.053,31213204.0,56496960.0,700912428.0,24,Logam dasar,27,Capital Intensive,jelas
24203,19,1739,463,2202,296158005,75225480,371383485,2081897457,3430580131,1348682674,253510,1348429164,0.2754,170303626.0,162474039.0,612480778.0,24,Logam dasar,27,Capital Intensive,jelas
24204,5,984,130,1114,41202856,10929568,52132424,482304510,620047997,137743487,241568,137501919,0.3785,41872821.0,84073600.0,123647654.0,24,Logam dasar,27,Capital Intensive,jelas
24205,11,1043,237,1282,36398153,20754321,57152474,957865600,1313723102,355857502,7030961,348826541,0.1606,34897558.0,87570975.0,277579955.0,24,Logam dasar,27,Capital Intensive,jelas
24310,26,2087,402,2490,56042129,10167366,66209495,3406618440,4877358781,1470740341,57685351,1413054990,0.045,26852961.0,25291955.0,590658771.0,24,Logam dasar,27,Capital Intensive,jelas
24320,14,1458,89,1550,74594716,5070428,79665144,579486934,1974404536,1394917602,41247610,1353669992,0.0571,51162357.0,56971101.0,899946840.0,24,Logam dasar,27,Capital Intensive,jelas
25111,79,6913,1816,8767,149270802,53686474,202957276,4312663729,6668943879,2356280150,14157799,2342122351,0.0861,21592768.0,29563036.0,268766984.0,25,"Barang logam, bukan mesin",28,Capital Intensive,jelas
25112,62,9891,1701,11595,250984161,70788511,321772672,18080893073,23395371741,5314478668,27745397,5286733271,0.0605,25375004.0,41615821.0,458342274.0,25,"Barang logam, bukan mesin",28,Capital Intensive,jelas
25113,50,105,2213,8561,146206026,51348009,197554035,8538987643,18383702459,9844714816,26160822,9818553994,0.0201,1392438343.0,23202896.0,1149949167.0,25,"Barang logam, bukan mesin",28,Capital Intensive,jelas
25119,25,4678,1012,5692,166358449,47726337,214084786,565880994,897382359,331501365,2303572,329197793,0.6458,35561875.0,47160412.0,58239874.0,25,"Barang logam, bukan mesin",28,Capital Intensive,jelas
25120,41,4806,2175,6989,191255718,104958170,296213888,904168554,2460792776,1556624222,19823855,1536800367,0.1903,39795197.0,48256630.0,222724885.0,25,"Barang logam, bukan mesin",28,Capital Intensive,jelas
25130,4,278,497,775,20143860,10845211,30989071,68631861,121562588,52930727,101000,52829727,0.5855,72459928.0,21821350.0,68297712.0,25,"Barang logam, bukan mesin",28,Capital Intensive,jelas
25200,1,,,,,,,,,,,,,,,,25,"Barang logam, bukan mesin",28,Capital Intensive,jelas
25910,50,4916,1346,6267,162325982,101476934,263802916,2801381541,5776278438,2974896897,64756710,2910140187,0.0887,33019931.0,75391481.0,474692340.0,25,"Barang logam, bukan mesin",28,Capital Intensive,jelas
25920,95,8905,2250,11159,256456136,107010793,363466929,1698448218,4084567687,2386119469,51413640,2334705829,0.1523,28799117.0,47560352.0,213829149.0,25,"Barang logam, bukan mesin",28,Capital Intensive,jelas
25931,10,827,40,873,10327067,900979,11228046,63826173,137260304,73434131,925279,72508852,0.1529,12487385.0,22524475.0,84116989.0,25,"Barang logam, bukan mesin",28,Capital Intensive,jelas
25932,14,439,116,558,6479709,2287503,8767212,28616073,59121868,30505795,2440566,28065229,0.2874,14760157.0,19719853.0,54669884.0,25,"Barang logam, bukan mesin",28,Capital Intensive,jelas
25933,28,5827,630,6457,111632388,30340255,141972643,476611299,1091094164,614482865,8845013,605637852,0.231,19157781.0,48159135.0,95165381.0,25,"Barang logam, bukan mesin",28,Capital Intensive,jelas
25934,59,8604,1990,10607,227296997,80727907,308024904,2793810705,6615857684,3822046979,8888040,3813158939,0.0806,26417596.0,40566787.0,360332514.0,25,"Barang logam, bukan mesin",28,Capital Intensive,jelas
25940,67,11663,2924,14589,739106544,304443183,1043549727,7766671659,11182310346,3415638687,37339777,3378298910,0.3055,63371906.0,104118736.0,234124250.0,25,"Barang logam, bukan mesin",28,Capital Intensive,jelas
25951,41,6324,1538,7864,162235880,48827767,211063647,16869137436,19642594872,2773457436,21410442,2752046994,0.0761,25653997.0,31747573.0,352677700.0,25,"Barang logam, bukan mesin",28,Capital Intensive,jelas
25952,67,10377,1694,12077,332723669,116254239,448977908,4969975191,7731517718,2761542527,38299085,2723243442,0.1626,32063570.0,68627060.0,228661301.0,25,"Barang logam, bukan mesin",28,Capital Intensive,jelas
25991,18,2077,435,2515,32945573,15273253,48218826,133943421,238371631,104428210,1486446,102941764,0.4617,15862096.0,35110926.0,41522151.0,25,"Barang logam, bukan mesin",28,Capital Intensive,jelas
25992,97,11274,1361,12662,243454505,69288306,312742811,933010602,1664191181,731180579,9651217,721529362,0.4277,21594333.0,50909850.0,57746057.0,25,"Barang logam, bukan mesin",28,Capital Intensive,jelas
25993,27,15729,2055,17793,259788420,126344609,386133029,997112603,1529454946,532342343,164351686,367990657,0.7253,16516525.0,61481562.0,29918639.0,25,"Barang logam, bukan mesin",28,Capital Intensive,jelas
25994,2,,,,,,,,,,,,,,,,25,"Barang logam, bukan mesin",28,Capital Intensive,jelas
25995,10,758,119,880,14046170,2422437,16468607,71746383,176809387,105063004,780016,104282988,0.1567,18530567.0,20356613.0,119389777.0,25,"Barang logam, bukan mesin",28,Capital Intensive,jelas
25999,91,11379,1359,12760,267893789,64009045,331902834,2256938214,3937717661,1680779447,10621235,1670158212,0.1975,23542824.0,47100107.0,131722527.0,25,"Barang logam, bukan mesin",28,Capital Intensive,jelas
26110,84,52266,12408,64677,1756923997,563776683,2320700680,6544948494,18381632121,11836683627,293677172,11543006455,0.1961,33615046.0,45436548.0,183012255.0,26,"Komputer, elektronik dan optik",30/32/33,Capital Intensive,jelas
26120,95,19369,5765,38010,703044897,293684778,996729675,4163091160,8647132991,4484041831,109705877,4374335954,0.2223,36297429.0,50942720.0,117970056.0,26,"Komputer, elektronik dan optik",30/32/33,Capital Intensive,jelas
26210,8,3292,397,3689,85630685,7676225,93306910,24493187,503222389,478729202,4257639,474471563,0.1949,26011751.0,19335579.0,129772080.0,26,"Komputer, elektronik dan optik",30/32/33,Capital Intensive,jelas
26220,2,,,,,,,,,,,,,,,,26,"Komputer, elektronik dan optik",30/32/33,Capital Intensive,jelas
26310,6,580,142,722,31668773,5287482,36956255,946949039,1477438456,530489417,13153603,517335814,0.0697,54601333.0,37235789.0,734749885.0,26,"Komputer, elektronik dan optik",30/32/33,Capital Intensive,jelas
26390,7,248,81,330,4274390,2088820,6363210,60157401,85028189,24870788,443493,24427295,0.2559,17235444.0,25787901.0,75366024.0,26,"Komputer, elektronik dan optik",30/32/33,Capital Intensive,jelas
26410,31,21147,3471,24618,436507407,92480013,528987420,5326638431,13670636321,8343997890,165647932,8178349958,0.0634,20641576.0,26643622.0,338938902.0,26,"Komputer, elektronik dan optik",30/32/33,Capital Intensive,jelas
26490,22,10115,1443,11561,160924767,27468519,188393286,661630033,1223431828,561801795,10884846,550916949,0.3353,15909517.0,19035703.0,48594568.0,26,"Komputer, elektronik dan optik",30/32/33,Capital Intensive,jelas
26511,5,952,93,1045,13156734,2355047,15511781,75913264,145824368,69911104,93480,69817624,0.2219,13820099.0,25323086.0,66900578.0,26,"Komputer, elektronik dan optik",30/32/33,Capital Intensive,jelas
26512,3,899,71,970,23766950,5724183,29491133,67071708,193949115,126877407,259633,126617774,0.2324,26437097.0,80622296.0,130801451.0,26,"Komputer, elektronik dan optik",30/32/33,Capital Intensive,jelas
26513,2,,,,,,,,,,,,,,,,26,"Komputer, elektronik dan optik",30/32/33,Capital Intensive,jelas
26520,16,703,133,837,16659436,7082921,23742357,23511949,57127628,33615679,315239,33300440,0.7063,23697633.0,53255045.0,40162102.0,26,"Komputer, elektronik dan optik",30/32/33,Capital Intensive,jelas
26602,9,847,202,1049,20970525,10029960,31000485,38673535,180369813,141696278,905762,140790516,0.2188,24758589.0,49653267.0,135077481.0,26,"Komputer, elektronik dan optik",30/32/33,Capital Intensive,jelas
26710,2,,,,,,,,,,,,,,,,26,"Komputer, elektronik dan optik",30/32/33,Capital Intensive,jelas
26791,1,,,,,,,,,,,,,,,,26,"Komputer, elektronik dan optik",30/32/33,Capital Intensive,jelas
26792,5,2705,595,3300,92055846,33048672,125104518,449971422,1097989222,648017800,8867426,639150374,0.1931,34031736.0,55543987.0,196369030.0,26,"Komputer, elektronik dan optik",30/32/33,Capital Intensive,jelas
26800,10,1186,351,1537,11795075,6535264,18330339,38150785,178391410,140240625,1386707,138853918,0.1307,9945257.0,18618986.0,91243087.0,26,"Komputer, elektronik dan optik",30/32/33,Capital Intensive,jelas
27111,2,,,,,,,,,,,,,,,,27,Peralatan listrik,31,Capital Intensive,jelas
27112,5,6,388,912,25316489,20382673,45699162,52722918,679762010,627039092,2209148,624829944,0.0729,4219414833.0,52532662.0,687542864.0,27,Peralatan listrik,31,Capital Intensive,jelas
27113,24,13925,1930,16788,1162239464,581821145,1744060609,17210807570,21660611097,4449803527,43156806,4406646721,0.3919,83464234.0,301461733.0,265058585.0,27,Peralatan listrik,31,Capital Intensive,jelas
27120,41,7621,2574,10200,113665455,106332696,219998151,1077454392,4253822482,3176368090,9543221,3166824869,0.0693,14914769.0,41310294.0,311408636.0,27,Peralatan listrik,31,Capital Intensive,jelas
27201,10,4158,1590,5749,224593520,164293621,388887141,4393194341,8623065140,4229870799,9025097,4220845702,0.0919,54014796.0,103329321.0,735757662.0,27,Peralatan listrik,31,Capital Intensive,jelas
27202,16,7584,1982,9566,515523457,180660569,696184026,2539001830,5821015991,3282014161,19558694,3262455467,0.2121,67975139.0,91150640.0,343091591.0,27,Peralatan listrik,31,Capital Intensive,jelas
27310,61,15970,2736,18706,3639691704,570584369,4210276073,12301230485,18122150143,5820919658,125751195,5695168463,0.7233,227908059.0,208546918.0,311179282.0,27,Peralatan listrik,31,Capital Intensive,jelas
27320,20,7493,1354,8853,196438459,50541651,246980110,6646219741,9405556387,2759336646,24183664,2735152982,0.0895,26216263.0,37327660.0,311683796.0,27,Peralatan listrik,31,Capital Intensive,jelas
27330,9,764,148,913,23636285,7896553,31532838,89503965,468576947,379072982,6312876,372760106,0.0832,30937546.0,53355088.0,415194942.0,27,Peralatan listrik,31,Capital Intensive,jelas
27401,12,5111,759,5870,88853090,19087001,107940091,419111584,2088047983,1668936399,1133278,1667803121,0.0647,17384678.0,25147564.0,284316252.0,27,Peralatan listrik,31,Capital Intensive,jelas
27402,3,452,53,505,12744007,4544920,17288927,141469243,225370992,83901749,56700,83845049,0.2061,28194706.0,85753208.0,166142077.0,27,Peralatan listrik,31,Capital Intensive,jelas
27403,15,9686,2215,11903,479861936,188547811,668409747,9274483468,18955876716,9681393248,5077072,9676316176,0.069,49541806.0,85123165.0,813357410.0,27,Peralatan listrik,31,Capital Intensive,jelas
27409,7,1460,380,1840,35499380,18754492,54253872,187193060,1041639386,854446326,1156198,853290128,0.0635,24314644.0,49353926.0,464373003.0,27,Peralatan listrik,31,Capital Intensive,jelas
27510,21,7425,1494,8919,217921377,81304662,299226039,7360896790,13822175102,6461278312,22421949,6438856363,0.0463,29349680.0,54420791.0,724439770.0,27,Peralatan listrik,31,Capital Intensive,jelas
27520,25,5978,1121,7099,138150369,25614735,163765104,311412112,1742945796,1431533684,4883931,1426649753,0.1144,23109797.0,22849897.0,201652864.0,27,Peralatan listrik,31,Capital Intensive,jelas
27530,25,3260,913,4173,79795262,18907006,98702268,154968974,366565021,211596047,1168924,210427123,0.4665,24477074.0,20708659.0,50705978.0,27,Peralatan listrik,31,Capital Intensive,jelas
27900,10,2235,580,2815,170654563,159273969,329928532,186915822,4046294196,3859378374,267462805,3591915569,0.0855,76355509.0,274610291.0,1371004751.0,27,Peralatan listrik,31,Capital Intensive,jelas
28111,5,267,49,317,6789934,1090564,7880498,51254927,101744804,50489877,1271683,49218194,0.1561,25430464.0,22256408.0,159274060.0,28,Mesin dan perlengkapan ytdl,29,Capital Intensive,jelas
28112,6,531,110,641,11272570,4199645,15472215,287763301,407060440,119297139,28697928,90599211,0.1297,21228945.0,38178591.0,186110981.0,28,Mesin dan perlengkapan ytdl,29,Capital Intensive,jelas
28113,60,612,1929,11709,276326787,90481449,366808236,2844670417,9699974232,6855303815,46943878,6808359937,0.0535,451514358.0,46905883.0,585473039.0,28,Mesin dan perlengkapan ytdl,29,Capital Intensive,jelas
28120,15,5537,859,6396,141882767,21144691,163027458,1378843802,2065747853,686904051,10258044,676646007,0.2373,25624484.0,24615473.0,107395880.0,28,Mesin dan perlengkapan ytdl,29,Capital Intensive,jelas
28130,15,4959,936,5897,227800128,43433300,271233428,1029005638,2751489842,1722484204,13460770,1709023434,0.1575,45936707.0,46403098.0,292094998.0,28,Mesin dan perlengkapan ytdl,29,Capital Intensive,jelas
28140,18,4592,912,5504,138627046,38005642,176632688,2665060071,4066124289,1401064218,12971830,1388092388,0.1261,30188817.0,41672853.0,254553819.0,28,Mesin dan perlengkapan ytdl,29,Capital Intensive,jelas
28151,3,465,251,716,15084222,1701202,16785424,831585,31503578,30671993,110115,30561878,0.5473,32439187.0,6777697.0,42837979.0,28,Mesin dan perlengkapan ytdl,29,Capital Intensive,jelas
28152,3,40,57,225,4811629,2844572,7656201,53619489,88262563,34643074,470203,34172871,0.221,120290725.0,49904772.0,153969218.0,28,Mesin dan perlengkapan ytdl,29,Capital Intensive,jelas
28160,14,3195,728,3923,127614790,111957619,239572409,986855845,2125536181,1138680336,25792688,1112887648,0.2104,39942031.0,153787938.0,290257542.0,28,Mesin dan perlengkapan ytdl,29,Capital Intensive,jelas
28174,1,,,,,,,,,,,,,,,,28,Mesin dan perlengkapan ytdl,29,Capital Intensive,jelas
28179,5,2137,493,2630,60695056,,105621590,1455501688,2862175115,1406673427,426149,1406247278,0.0751,28401992.0,,534856816.0,28,Mesin dan perlengkapan ytdl,29,Capital Intensive,jelas
28191,20,1195,406,1601,31614125,15640607,47254732,483252866,734873373,251620507,1385101,250235406,0.1878,26455335.0,38523663.0,157164589.0,28,Mesin dan perlengkapan ytdl,29,Capital Intensive,jelas
28192,12,806,129,945,14833982,3252223,18086205,73146905,110139420,36992515,1337258,35655257,0.4889,18404444.0,25211031.0,39145519.0,28,Mesin dan perlengkapan ytdl,29,Capital Intensive,jelas
28193,18,1267,422,1689,46245517,26206787,72452304,979459440,1193036358,213576918,4846478,208730440,0.3392,36500013.0,62101391.0,126451698.0,28,Mesin dan perlengkapan ytdl,29,Capital Intensive,jelas
28199,21,1365,499,1864,44970089,21174525,66144614,307015043,506959101,199944058,8578065,191365993,0.3308,32945120.0,42433918.0,107266126.0,28,Mesin dan perlengkapan ytdl,29,Capital Intensive,jelas
28210,16,1047,354,1410,21081257,12129018,33210275,388613845,530537752,141923907,2795626,139128281,0.234,20134916.0,34262763.0,100655253.0,28,Mesin dan perlengkapan ytdl,29,Capital Intensive,jelas
28221,25,2756,744,3501,97869933,18450672,116320605,1878442793,6068302002,4189859209,14784057,4175075152,0.0278,35511587.0,24799290.0,1196760700.0,28,Mesin dan perlengkapan ytdl,29,Capital Intensive,jelas
28222,3,41,50,155,6398743,3609592,10008335,85305805,218985511,133679706,870000,132809706,0.0749,156066902.0,72191840.0,862449716.0,28,Mesin dan perlengkapan ytdl,29,Capital Intensive,jelas
28223,4,205,56,261,8600800,6297887,14898687,103246992,272175626,168928634,1150599,167778035,0.0882,41955122.0,112462268.0,647236146.0,28,Mesin dan perlengkapan ytdl,29,Capital Intensive,jelas
28224,3,118,31,149,3735502,1014478,4749980,13476919,45010565,31533646,33826,31499820,0.1506,31656797.0,32725097.0,211635208.0,28,Mesin dan perlengkapan ytdl,29,Capital Intensive,jelas
28240,13,1818,563,2381,72943202,46317107,119260309,3018133041,3503054925,484921884,4246380,480675504,0.2459,40122773.0,82268396.0,203663118.0,28,Mesin dan perlengkapan ytdl,29,Capital Intensive,jelas
28250,11,711,83,798,10386630,1937197,12323827,56486131,90033363,33547232,2540797,31006435,0.3674,14608481.0,23339723.0,42039138.0,28,Mesin dan perlengkapan ytdl,29,Capital Intensive,jelas
28262,3,96,17,113,4078624,1280401,5359025,1619613,13728772,12109159,25500,12083659,0.4426,42485667.0,75317706.0,107160699.0,28,Mesin dan perlengkapan ytdl,29,Capital Intensive,jelas
28263,9,351,165,516,8025421,4075940,12101361,17911957,44642610,26730653,1292029,25438624,0.4527,22864447.0,24702667.0,51803591.0,28,Mesin dan perlengkapan ytdl,29,Capital Intensive,jelas
28264,10,431,23,475,25869043,1979867,27848910,379027,5433192,5054165,5430,5048735,5.5101,60020981.0,86081174.0,10640347.0,28,Mesin dan perlengkapan ytdl,29,Capital Intensive,jelas
28291,3,325,102,427,7882247,3657831,11540078,43091886,73624479,30532593,1440568,29092025,0.378,24253068.0,35861088.0,71504902.0,28,Mesin dan perlengkapan ytdl,29,Capital Intensive,jelas
28299,25,1961,675,2640,29608149,24196955,53805104,316399528,514615414,198215886,11069096,187146790,0.2714,15098495.0,35847341.0,75081775.0,28,Mesin dan perlengkapan ytdl,29,Capital Intensive,jelas
29100,16,34747,4806,39555,2779440860,724955757,3504396617,29071925706,99009012569,69937086863,2043983554,67893103309,0.0501,79990815.0,150843895.0,1768097254.0,29,Kendaraan bermotor,34,Capital Intensive,jelas
29200,87,8407,1938,10355,151081938,44856231,195938169,1402579747,3126779508,1724199761,24225993,1699973768,0.1136,17970969.0,23145630.0,166508910.0,29,Kendaraan bermotor,34,Capital Intensive,jelas
29300,204,55166,13556,68733,2324994898,569265004,2894259902,39508834289,94085558013,54576723724,1031233230,53545490494,0.053,42145432.0,41993582.0,794039599.0,29,Kendaraan bermotor,34,Capital Intensive,jelas
30111,65,10263,1946,12229,284668777,64309800,348978577,7278948683,14405665497,7126716814,92032044,7034684770,0.049,27737384.0,33047174.0,582771839.0,30,Alat angkutan lainnya,35,Capital Intensive,jelas
30112,1,,,,,,,,,,,,,,,,30,Alat angkutan lainnya,35,Capital Intensive,jelas
30113,9,411,38,449,8967238,1195635,10162873,109917927,221162830,111244903,645341,110599562,0.0914,21818097.0,31464079.0,247761477.0,30,Alat angkutan lainnya,35,Capital Intensive,jelas
30200,2,,,,,,,,,,,,,,,,30,Alat angkutan lainnya,35,Capital Intensive,jelas
30300,2,,,,,,,,,,,,,,,,30,Alat angkutan lainnya,35,Capital Intensive,jelas
30911,14,16859,2701,19562,386764922,80645601,467410523,30316624119,66842231730,36525607611,918759884,35606847727,0.0128,22941154.0,29857683.0,1867171435.0,30,Alat angkutan lainnya,35,Capital Intensive,jelas
30912,151,31230,4927,36164,981742859,204958788,1186701647,12136889352,21883795683,9746906331,261125251,9485781080,0.1218,31435890.0,41599105.0,269519587.0,30,Alat angkutan lainnya,35,Capital Intensive,jelas
30921,10,2416,306,2722,64248225,19921026,84169251,124560625,273830896,149270271,2639186,146631085,0.5639,26592808.0,65101392.0,54838454.0,30,Alat angkutan lainnya,35,Capital Intensive,jelas
30922,23,2634,794,3431,43758495,19247013,63005508,67383755,180286045,112902290,1854541,111047749,0.5581,16612944.0,24240571.0,32906526.0,30,Alat angkutan lainnya,35,Capital Intensive,jelas
31001,1030,122396,18174,140949,3318216632,889818401,4208035033,8672466544,14550628130,5878161586,314266312,5563895274,0.7159,27110499.0,48961065.0,41704174.0,31,Furnitur,36,Labor Intensive,jelas
31002,195,22750,3505,26327,340472155,87860997,428333152,2988405623,3969346641,980941018,5744150,975196868,0.4367,14965809.0,25067332.0,37259886.0,31,Furnitur,36,Labor Intensive,jelas
31003,19,2199,315,2516,33846179,8063037,41909216,143090052,348880890,205790838,573767,205217071,0.2036,15391623.0,25596943.0,81792861.0,31,Furnitur,36,Labor Intensive,jelas
31004,108,11619,2542,14182,175334128,67151256,242485384,2060667415,3030526229,969858814,38644956,931213858,0.25,15090294.0,26416702.0,68386604.0,31,Furnitur,36,Labor Intensive,jelas
31009,67,2355,984,6153,101427941,23619402,125047343,281656300,670103654,388447354,5919955,382527399,0.3219,43069189.0,24003457.0,63131376.0,31,Furnitur,36,Labor Intensive,jelas
32112,59,8531,1523,10061,215512350,98604601,314116951,1411973268,3044963526,1632990258,10572666,1622417592,0.1924,25262261.0,64743664.0,162308941.0,32,Pengolahan lainnya,36 + sebagian 33,Labor Intensive,PERLU DICEK
32113,2,,,,,,,,,,,,,,,,32,Pengolahan lainnya,36 + sebagian 33,Labor Intensive,PERLU DICEK
32115,1,,,,,,,,,,,,,,,,32,Pengolahan lainnya,36 + sebagian 33,Labor Intensive,PERLU DICEK
32119,6,832,628,1460,30785340,2784105,33569445,24133150,83129067,58995917,1631963,57363954,0.569,37001611.0,4433288.0,40408162.0,32,Pengolahan lainnya,36 + sebagian 33,Labor Intensive,PERLU DICEK
32120,8,154,26,182,2643608,1119032,3762640,11791928,22519666,10727738,8775,10718963,0.3507,17166286.0,43039692.0,58943615.0,32,Pengolahan lainnya,36 + sebagian 33,Labor Intensive,PERLU DICEK
32201,13,559,87,668,6767051,1033669,7800720,9911790,33421586,23509796,27625,23482171,0.3318,12105637.0,11881253.0,35194305.0,32,Pengolahan lainnya,36 + sebagian 33,Labor Intensive,PERLU DICEK
32202,21,12684,1522,14206,348142901,54165486,402308387,701474659,1289761836,588287177,8970992,579316185,0.6839,27447406.0,35588361.0,41411177.0,32,Pengolahan lainnya,36 + sebagian 33,Labor Intensive,PERLU DICEK
32300,83,7205,611,7857,148870306,,176312235,495060338,1007096351,512036013,5360209,506675804,0.3443,20662083.0,,65169405.0,32,Pengolahan lainnya,36 + sebagian 33,Labor Intensive,PERLU DICEK
32401,9,491,51,544,10002445,1967739,11970184,11426907,34362405,22935498,30793,22904705,0.5219,20371578.0,38583118.0,42160842.0,32,Pengolahan lainnya,36 + sebagian 33,Labor Intensive,PERLU DICEK
32402,111,28829,1978,30825,446948548,43093372,490041920,1370757051,2712850625,1342093574,3668106,1338425468,0.3651,15503436.0,21786336.0,43539126.0,32,Pengolahan lainnya,36 + sebagian 33,Labor Intensive,PERLU DICEK
32501,2,,,,,,,,,,,,,,,,32,Pengolahan lainnya,36 + sebagian 33,Labor Intensive,PERLU DICEK
32502,4,1058,411,1469,9413353,32301721,41715074,142654218,711164022,568509804,196416,568313388,0.0734,8897309.0,78592995.0,387004632.0,32,Pengolahan lainnya,36 + sebagian 33,Labor Intensive,PERLU DICEK
32503,8,3793,610,4403,64498041,18131496,82629537,80281179,259263219,178982040,331326,178650714,0.4617,17004493.0,29723764.0,40650020.0,32,Pengolahan lainnya,36 + sebagian 33,Labor Intensive,PERLU DICEK
32509,5,722,145,867,17290945,6049493,23340438,32880201,102491091,69610890,92175,69518715,0.3353,23948677.0,41720641.0,80289377.0,32,Pengolahan lainnya,36 + sebagian 33,Labor Intensive,PERLU DICEK
32901,41,9883,1652,11535,500171529,112633192,612804721,1436997254,2393400950,956403696,28887363,927516333,0.6407,50609281.0,68179898.0,82913194.0,32,Pengolahan lainnya,36 + sebagian 33,Labor Intensive,PERLU DICEK
32902,1,,,,,,,,,,,,,,,,32,Pengolahan lainnya,36 + sebagian 33,Labor Intensive,PERLU DICEK
32903,88,6544,830,7403,97066756,16426840,113493596,272640236,640210002,367569766,1504686,366065080,0.3088,14832939.0,19791373.0,49651461.0,32,Pengolahan lainnya,36 + sebagian 33,Labor Intensive,PERLU DICEK
32904,5,192,20,214,3321091,600093,3921184,18735285,27981881,9246596,34880,9211716,0.4241,17297349.0,30004650.0,43208393.0,32,Pengolahan lainnya,36 + sebagian 33,Labor Intensive,PERLU DICEK
32909,182,62683,3495,66244,1160986079,140776459,1301762538,1505317345,4138529750,2633212405,51003951,2582208454,0.4944,18521546.0,40279387.0,39750202.0,32,Pengolahan lainnya,36 + sebagian 33,Labor Intensive,PERLU DICEK
33111,3,83,6,89,1685906,243354,1929260,775698,2181326,1405628,3612,1402016,1.3725,20312120.0,40559000.0,15793573.0,33,Jasa reparasi dan pemasangan mesin,tidak ada padanan manufaktur,DIKELUARKAN,DIKELUARKAN
33119,2,,,,,,,,,,,,,,,,33,Jasa reparasi dan pemasangan mesin,tidak ada padanan manufaktur,DIKELUARKAN,DIKELUARKAN
33121,9,292,85,377,12249996,3794958,16044954,17174948,45994613,28819665,2352053,26467612,0.5567,41952041.0,44646565.0,76444735.0,33,Jasa reparasi dan pemasangan mesin,tidak ada padanan manufaktur,DIKELUARKAN,DIKELUARKAN
33122,4,173,60,233,4027549,2194644,6222193,14562499,28431755,13869256,386851,13482405,0.4486,23280630.0,36577400.0,59524704.0,33,Jasa reparasi dan pemasangan mesin,tidak ada padanan manufaktur,DIKELUARKAN,DIKELUARKAN
33131,3,112,21,133,2536072,2678316,5214388,8704460,31869266,23164806,12000,23152806,0.2251,22643500.0,127538857.0,174171474.0,33,Jasa reparasi dan pemasangan mesin,tidak ada padanan manufaktur,DIKELUARKAN,DIKELUARKAN
33141,1,,,,,,,,,,,,,,,,33,Jasa reparasi dan pemasangan mesin,tidak ada padanan manufaktur,DIKELUARKAN,DIKELUARKAN
33149,1,,,,,,,,,,,,,,,,33,Jasa reparasi dan pemasangan mesin,tidak ada padanan manufaktur,DIKELUARKAN,DIKELUARKAN
33151,55,14641,1159,15800,718480150,33897562,752377712,2097228873,4369231242,2272002369,10350944,2261651425,0.3312,49073161.0,29247249.0,143797618.0,33,Jasa reparasi dan pemasangan mesin,tidak ada padanan manufaktur,DIKELUARKAN,DIKELUARKAN
33152,2,,,,,,,,,,,,,,,,33,Jasa reparasi dan pemasangan mesin,tidak ada padanan manufaktur,DIKELUARKAN,DIKELUARKAN
33190,3,128,75,206,2904621,1015281,3919902,1417481,5271615,3854134,3600,3850534,1.0171,22692352.0,13537080.0,18709388.0,33,Jasa reparasi dan pemasangan mesin,tidak ada padanan manufaktur,DIKELUARKAN,DIKELUARKAN
33200,2,,,,,,,,,,,,,,,,33,Jasa reparasi dan pemasangan mesin,tidak ada padanan manufaktur,DIKELUARKAN,DIKELUARKAN
