kbli,sektor,divisi,bahan_baku_penolong,biaya_energi,sewa,jasa_pihak_lain,representasi_royalti,pengeluaran_lainnya,biaya_input_T7,biaya_input_T9,energi_per_pekerja_rp,pangsa_energi,pangsa_bahan_baku
10110,Resource Intensive,10,4755046,1538628,5853851,,20062,6437,12174024,12174024,2526483,0.1264,0.3906
10120,Resource Intensive,10,138454604,8049343,4933742,,72014,342366,151852069,151852069,21638019,0.053,0.9118
10130,Resource Intensive,10,820658539,35395697,42554180,19371,298626,1689201,900615614,900615614,4683209,0.0393,0.9112
10211,Resource Intensive,10,208796639,16204920,23469592,,545079,168248,249184478,249184478,2563258,0.065,0.8379
10212,Resource Intensive,10,179608190,6680296,8039162,,118092,,194445740,194445740,9809539,0.0344,0.9237
10213,Resource Intensive,10,7863366389,424121467,202023304,90938,1684501,40709570,8531996169,8531996169,15643312,0.0497,0.9216
10214,Resource Intensive,10,364640811,9179755,11785448,774,348296,81568,386036652,386036652,2726390,0.0238,0.9446
10217,Resource Intensive,10,9824978,625654,155421214,,23994,5052,165900892,165900892,2502616,0.0038,0.0592
10218,Resource Intensive,10,27812178,1142321,9620170,,,200824,38775493,38775493,1741343,0.0295,0.7173
10219,Resource Intensive,10,1670135294,76648846,32340826,4225665,723585,632179,1784706395,1784706395,7727477,0.0429,0.9358
10221,Resource Intensive,10,5096525659,168950443,460093372,1143974,129398062,28251428,5884362938,5884362938,8477618,0.0287,0.8661
10222,Resource Intensive,10,631073016,24620142,5800600,,1979955,796248,664269961,664269961,7453873,0.0371,0.95
10291,Resource Intensive,10,252937149,8952540,5820843,,58464,83263,267852259,267852259,5066520,0.0334,0.9443
10293,Resource Intensive,10,5661455512,227431093,150187701,186719,11235841,37464831,6087961697,6087961697,6349631,0.0374,0.9299
10294,Resource Intensive,10,,,,,,,,,,,
10299,Resource Intensive,10,267011839,13458808,3509321,,1985327,865840,286831135,286831135,2610826,0.0469,0.9309
10311,Resource Intensive,10,13988705,2697348,1465628,,221,43076,18194978,18194978,4715643,0.1482,0.7688
10312,Resource Intensive,10,412795402,52330913,79694839,,2024091,2708560,549553805,549553805,20999564,0.0952,0.7511
10313,Resource Intensive,10,409601570,3518893,6840,,,,413127303,413127303,4465600,0.0085,0.9915
10314,Resource Intensive,10,193207596,31602881,1033753,,,262647,226106877,226106877,9467610,0.1398,0.8545
10320,Resource Intensive,10,1026241692,76266084,21162148,,,803448,1124473372,1124473372,4549668,0.0678,0.9126
10330,Resource Intensive,10,16466132,6791648,645353,10000,97450,,24010583,24010583,15400562,0.2829,0.6858
10391,Resource Intensive,10,10094808,1036020,74652,,,,11205480,11205480,2590050,0.0925,0.9009
10392,Resource Intensive,10,775032452,119754643,6798041,55535,826694,325311,902792676,902792676,11318964,0.1326,0.8585
10399,Resource Intensive,10,15777223,1142254,2392392,,397,109931,19422197,19422197,3320506,0.0588,0.8123
10411,Resource Intensive,10,13474107177,436347362,3555421765,,102209835,7245988,17575332127,17575332127,103277482,0.0248,0.7666
10412,Resource Intensive,10,,,,,,,,,,,
10413,Resource Intensive,10,,,,,,,,,,,
10415,Resource Intensive,10,,,,,,,,,,,
10421,Resource Intensive,10,106154586,1172753,1614450,,,1380,108943169,108943169,579997,0.0108,0.9744
10422,Resource Intensive,10,2987654451,201600095,50648976,,19500910,631420,3260035852,3260035852,70000033,0.0618,0.9164
10423,Resource Intensive,10,6051219457,596913915,582279543,,359415220,2683020,7592511155,7592511155,222729073,0.0786,0.797
10424,Resource Intensive,10,864204772,61312451,2347440,,,2562958,930427621,930427621,10100898,0.0659,0.9288
10431,Resource Intensive,10,205311022268,3709730838,2678191157,144706,251834295,301959935,212252883199,212252883199,26457635,0.0175,0.9673
10432,Resource Intensive,10,48486648193,979815578,307121868,754701,5610491,859758210,50639709041,50639709041,43562848,0.0193,0.9575
10490,Resource Intensive,10,3841935620,77993122,35059732,4752,76931,304310,3955374467,3955374467,114864686,0.0197,0.9713
10510,Resource Intensive,10,1579005066,90355735,169383830,,13063,6667499,1845425193,1845425193,40301398,0.049,0.8556
10520,Resource Intensive,10,5473781354,1319184335,2584761845,,394448,75687673,9453809655,9453809655,175586894,0.1395,0.579
10531,Resource Intensive,10,358790528,18292166,6576288,,,51824,383710806,383710806,6249459,0.0477,0.9351
10532,Resource Intensive,10,1457714,3893528,91956,,,,5443198,5443198,11762924,0.7153,0.2678
10590,Resource Intensive,10,,,,,,,,,,,
10611,Resource Intensive,10,650847695,9974640,5941951,,4144,49247,666817677,666817677,10034849,0.015,0.9761
10612,Resource Intensive,10,4575031983,193052480,50582519,111664,26260029,5215422,4850254097,4850254097,3566855,0.0398,0.9433
10613,Resource Intensive,10,8936821513,9467356,42908576,,68770,1614216,8990880431,8990880431,1563044,0.0011,0.994
10614,Resource Intensive,10,1525668882,34012561,100432541,,,134646,1660248630,1660248630,12527647,0.0205,0.9189
10615,Resource Intensive,10,24721231,371828,100771,,,3196,25197026,25197026,654627,0.0148,0.9811
10616,Resource Intensive,10,21160000,654446,1167328,,,,22981774,22981774,1947756,0.0285,0.9207
10617,Resource Intensive,10,17092136589,887999282,2005124282,,106638,13954447,19999321238,19999321238,270319416,0.0444,0.8546
10618,Resource Intensive,10,3024925336,198632718,699270269,,2304534,10688263,3935821120,3935821120,98724015,0.0505,0.7686
10621,Resource Intensive,10,2150064203,246028950,32073639,47014,7399961,3575833,2439189600,2439189600,21532378,0.1009,0.8815
10622,Resource Intensive,10,58696196,4789725,5450526,4140,126300,3720,69070607,69070607,2978685,0.0693,0.8498
10623,Resource Intensive,10,1456190006,50004100,26365071,,3982967,,1536542144,1536542144,42412299,0.0325,0.9477
10629,Resource Intensive,10,45039297,16446125,1180193,,14100,342000,63021715,63021715,29159796,0.261,0.7147
10631,Resource Intensive,10,6177914547,95985552,152055450,2287961,986000,3389922,6432619432,6432619432,8068725,0.0149,0.9604
10632,Resource Intensive,10,413523467,9295914,4251088,18900,8879066,2272589,438241024,438241024,19694733,0.0212,0.9436
10633,Resource Intensive,10,171292943,7865585,3910098,,4260,37715,183110601,183110601,18377535,0.043,0.9355
10634,Resource Intensive,10,,,,,,,,,,,
10710,Resource Intensive,10,5396970456,464231330,600571507,90235,49923009,22488856,6534275393,6534275393,5565989,0.071,0.8259
10721,Resource Intensive,10,11186414595,1051389719,95070735,15324440,57212862,100992340,12506404691,12506404691,15376140,0.0841,0.8945
10722,Resource Intensive,10,14876135,1173469,331524,,1058,3382,16385568,16385568,2774158,0.0716,0.9079
10723,Resource Intensive,10,805137886,61297981,49860018,,7005292,2181255,925482432,925482432,26709360,0.0662,0.87
10729,Resource Intensive,10,70487597,5376212,832849,,15423,,76712081,76712081,9431951,0.0701,0.9189
10731,Resource Intensive,10,655956288,727218558,1714685,,2532604,148538,1387570673,1387570673,209271527,0.5241,0.4727
10732,Resource Intensive,10,1864876786,156567203,794832814,13664,3260962,8375745,2827927174,2827927174,10655179,0.0554,0.6595
10733,Resource Intensive,10,,,,,,,,,,,
10739,Resource Intensive,10,87533657,13918655,38323298,78071,267970,114173,140235824,140235824,8688299,0.0993,0.6242
10740,Resource Intensive,10,4694350781,368509046,273759298,7101122,1660069,7864915,5353245231,5353245231,10252310,0.0688,0.8769
10750,Resource Intensive,10,1993308459,283729752,157083456,9449,5762151,7889587,2447782854,2447782854,27718811,0.1159,0.8143
10761,Resource Intensive,10,8590536366,1383365255,729978437,3352049,93218478,21355607,10821806192,10821806192,19202472,0.1278,0.7938
10762,Resource Intensive,10,,,,,,,,,,,
10771,Resource Intensive,10,2044356060,160701023,499081796,169055954,48967807,26847430,2949010070,2949010070,14014217,0.0545,0.6932
10772,Resource Intensive,10,3078636074,326368285,371298516,10485,30741766,5173332,3812228458,3812228458,28586168,0.0856,0.8076
10773,Resource Intensive,10,867318064,55325882,4009985,,,,926653931,926653931,10202080,0.0597,0.936
10774,Resource Intensive,10,785045346,39794764,43615312,37613,66625,3604481,872164141,872164141,5467065,0.0456,0.9001
10779,Resource Intensive,10,114713524,4995935,5400790,,,302324,125412573,125412573,5961736,0.0398,0.9147
10792,Resource Intensive,10,164998440,9054317,11830967,32572,241678,199530,186357504,186357504,1968330,0.0486,0.8854
10793,Resource Intensive,10,1282269803,141790149,134407941,39685,698563,7708803,1566914944,1566914944,8070474,0.0905,0.8183
10794,Resource Intensive,10,2002536690,165068559,83573599,1364108,3454321,16522595,2272519872,2272519872,3184377,0.0726,0.8812
10799,Resource Intensive,10,268108955,26835024,4447294,16692,3170622,5465869,308044456,308044456,5875854,0.0871,0.8704
10801,Resource Intensive,10,39134573304,3582451749,990129913,,4942282,77280146,43789377394,43789377394,177833296,0.0818,0.8937
10802,Resource Intensive,10,5535361196,133369673,126280559,30000000,548893,6508476,5832068797,5832068797,35612730,0.0229,0.9491
11010,Resource Intensive,11,322422574,37570864,10136774,,,1476430,371606642,371606642,34500334,0.1011,0.8676
11020,Resource Intensive,11,28509118,2849348,2382245,,65722,287536,34093969,34093969,6446489,0.0836,0.8362
11030,Resource Intensive,11,,,,,,,,,,,
11040,Resource Intensive,11,3283087716,324860947,588338920,11290,50266209,15780099,4262345181,4262345181,16281308,0.0762,0.7703
11050,Resource Intensive,11,900314433,368791770,722426526,,6099666,15356224,2012988619,2012988619,16323998,0.1832,0.4473
11090,Resource Intensive,11,529187043,19247700,17946302,,12136950,566861,579084856,579084856,7950310,0.0332,0.9138
12011,Resource Intensive,12,43925838403,1114107026,3053062221,28756182,32751844,187608897,48342124573,48342124573,4169703,0.023,0.9086
12012,Resource Intensive,12,11696713848,27157565,70508736,361415,1194643,1477231,11797413438,11797413438,3069345,0.0023,0.9915
12019,Resource Intensive,12,163000455,9606470,6589508,56973,2316252,1907646,183477304,183477304,1141725,0.0524,0.8884
12091,Resource Intensive,12,7987230065,407557219,73973072,37396,76654223,8347873,8553799848,8553799848,11125716,0.0476,0.9338
12099,Resource Intensive,12,151036379,48150674,41288204,1006,9501550,27164,250004977,250004977,13644283,0.1926,0.6041
13111,Labor Intensive,13,2410521691,622065720,90975822,,10904753,9095056,3143563042,3143563042,43416089,0.1979,0.7668
13112,Labor Intensive,13,23687374418,3122620061,1320659042,12213591,149411039,173765014,28466043165,28466043165,39750243,0.1097,0.8321
13113,Labor Intensive,13,3950390750,846707328,130205650,10412996,12520507,8015335,4958252566,4958252566,72115435,0.1708,0.7967
13121,Labor Intensive,13,9653866904,1921734179,566646492,29801684,212826411,45991371,12430867041,12430867041,12867320,0.1546,0.7766
13122,Labor Intensive,13,136882760,1623947,3576349,60797,533215,74363,142751431,142751431,388783,0.0114,0.9589
13131,Labor Intensive,13,2477028794,427585150,130855838,,415064247,12973015,3463507044,3463507044,27893871,0.1235,0.7152
13132,Labor Intensive,13,11242196634,1723564621,415993702,51783,58161230,44734109,13484702079,13484702079,39719877,0.1278,0.8337
13133,Labor Intensive,13,9690446207,1158863441,333523393,16437,112350659,33022631,11328222768,11328222768,36545678,0.1023,0.8554
13134,Labor Intensive,13,537665723,24083394,11080966,13158,4597852,1207781,578648874,578648874,1659550,0.0416,0.9292
13911,Labor Intensive,13,2745589306,885708564,104712908,392,16542608,35921216,3788474994,3788474994,47985078,0.2338,0.7247
13912,Labor Intensive,13,93286221,10170706,16945016,,1137945,4017504,125557392,125557392,2230907,0.081,0.743
13921,Labor Intensive,13,4007884264,458485835,500113082,98740,46297921,16841067,5029720909,5029720909,8924298,0.0912,0.7968
13922,Labor Intensive,13,56831254,13753856,14051891,,129086,4379907,89145994,89145994,4199651,0.1543,0.6375
13923,Labor Intensive,13,158495531,11067031,19701335,,1551153,64816,190879866,190879866,4180971,0.058,0.8303
13924,Labor Intensive,13,54795764,7127022,1731974,,69636,27250,63751646,63751646,4167849,0.1118,0.8595
13929,Labor Intensive,13,1102785194,99176171,22807504,143979,14530941,17014505,1256458294,1256458294,15423977,0.0789,0.8777
13930,Labor Intensive,13,632732139,61676450,72685351,,603811,3836877,771534628,771534628,18263681,0.0799,0.8201
13941,Labor Intensive,13,225875289,29876438,2059864,,472764,371054,258655409,258655409,6853966,0.1155,0.8733
13942,Labor Intensive,13,343452130,50286828,30043132,,2696469,6648596,433127155,433127155,9359171,0.1161,0.793
13991,Labor Intensive,13,941569446,165284800,99532847,2299,228780,9621573,1216239745,1216239745,51797180,0.1359,0.7742
13992,Labor Intensive,13,223187154,36595774,5580214,,7807,,265370949,265370949,23458829,0.1379,0.841
13993,Labor Intensive,13,106828739,18992444,7803435,,,875,133625493,133625493,20378159,0.1421,0.7995
13994,Labor Intensive,13,,,,,,,,,,,
13995,Labor Intensive,13,,,,,,,,,,,
13996,Labor Intensive,13,,,,,,,,,,,
13997,Labor Intensive,13,182134645,6031975,2586252,,212477,85664,191051013,191051013,616136,0.0316,0.9533
13999,Labor Intensive,13,796983435,49575899,49028249,,62534432,1684708,959806723,959806723,25191006,0.0517,0.8304
14111,Labor Intensive,14,14064879340,2400772602,2524043001,430321,794157717,445481808,20229764789,20229764789,4829236,0.1187,0.6953
14112,Labor Intensive,14,22850883,4149097,1880543,,100866,154798,29136187,29136187,1057095,0.1424,0.7843
14120,Labor Intensive,14,12252040,727518,413407,,11229,453885,13858079,13858079,513421,0.0525,0.8841
14131,Labor Intensive,14,2604382398,198184246,48533584,20368,32495881,900357,2884516834,2884516834,7613393,0.0687,0.9029
14132,Labor Intensive,14,505513251,12120907,49226630,,27726188,992367,595579343,595579343,1432393,0.0204,0.8488
14200,Labor Intensive,14,,,,,,,,,,,
14301,Labor Intensive,14,3121139327,289546341,266051987,413508,66914939,31817060,3775883162,3775883162,5641209,0.0767,0.8266
14302,Labor Intensive,14,57406483,8402989,4468750,189,1735700,1283267,73297378,73297378,1823565,0.1146,0.7832
14303,Labor Intensive,14,342039070,27076616,8411955,,274608,5613144,383415393,383415393,3767968,0.0706,0.8921
15111,Labor Intensive,15,1011267639,46710054,202446265,,6599038,440895,1267463891,1267463891,29340486,0.0369,0.7979
15112,Labor Intensive,15,1566425889,63918642,125145050,6950,13406601,8353122,1777256254,1777256254,6568558,0.036,0.8814
15114,Labor Intensive,15,145158254,12974653,1447727,,,200000,159780634,159780634,17995358,0.0812,0.9085
15121,Labor Intensive,15,1223811584,67646383,74732033,18090,6130154,15567563,1387905807,1387905807,3643366,0.0487,0.8818
15122,Labor Intensive,15,15093889,1117281,42677,,,186498,16440345,16440345,2195051,0.068,0.9181
15129,Labor Intensive,15,20894778,3779917,2880790,,95480,4320923,31971888,31971888,4021188,0.1182,0.6535
15201,Labor Intensive,15,16745102130,1688902932,1682925126,8544,382046624,501774563,21000759919,21000759919,18605990,0.0804,0.7974
15202,Labor Intensive,15,11945840290,996816123,1165003123,34335,55589800,16455868,14179739539,14179739539,8116139,0.0703,0.8425
15203,Labor Intensive,15,1029841708,450668519,238666615,,63118,8824904,1728064864,1728064864,156210925,0.2608,0.596
15209,Labor Intensive,15,157967434,189717043,515500128,,433800,25937011,889555416,889555416,23821829,0.2133,0.1776
16101,Labor Intensive,16,2315796056,307218413,97427464,7503,21446166,39716986,2781612588,2781612588,13714495,0.1104,0.8325
16102,Labor Intensive,16,283039129,32074880,26577745,7136,2883747,340031,344922668,344922668,11633979,0.093,0.8206
16103,Labor Intensive,16,39874530,1422333,461159,,128140,50000,41936162,41936162,2443871,0.0339,0.9508
16104,Labor Intensive,16,26609867,3227238,852309,875,58687,717709,31466685,31466685,2709688,0.1026,0.8457
16211,Labor Intensive,16,7113094253,858564994,250377896,,7002195,62424432,8291463770,8291463770,18644596,0.1035,0.8579
16212,Labor Intensive,16,4416467333,481038752,1451380468,149581,16292176,142860098,6508188408,6508188408,8397876,0.0739,0.6786
16213,Labor Intensive,16,7475641066,445936953,521357794,24974,5742424,82330056,8531033267,8531033267,30894898,0.0523,0.8763
16214,Labor Intensive,16,656142968,23904163,14373282,,177504,204719,694802636,694802636,1978166,0.0344,0.9444
16221,Labor Intensive,16,1813072172,163114371,115906395,568617,23579477,7607632,2123848664,2123848664,5164299,0.0768,0.8537
16222,Labor Intensive,16,189357512,11320434,52005456,14347,78450,38864,252815063,252815063,4572065,0.0448,0.749
16230,Labor Intensive,16,217542205,11723848,8349543,286232,6445452,397214,244744494,244744494,1546886,0.0479,0.8889
16291,Labor Intensive,16,289935438,19014897,7619525,111013,2191671,580106,319452650,319452650,2911038,0.0595,0.9076
16292,Labor Intensive,16,36856667,1910670,807182,,1049662,65249,40689430,40689430,882934,0.047,0.9058
16293,Labor Intensive,16,288559620,30637190,20545235,,2473807,924617,343140469,343140469,4242203,0.0893,0.8409
16294,Labor Intensive,16,102315296,4169023,3471103,,31158,669608,110656188,110656188,1126459,0.0377,0.9246
16295,Labor Intensive,16,32458351,5111314,5395622,,155557,1412301,44533145,44533145,2999597,0.1148,0.7289
16299,Labor Intensive,16,168876546,16113458,5746296,10830,1639585,2662800,195049515,195049515,2819996,0.0826,0.8658
17011,Resource Intensive,17,22251353484,2840173725,2027980309,,1798043308,10374681,28927925507,28927925507,185899576,0.0982,0.7692
17012,Resource Intensive,17,21710636957,4078736226,974577272,,148041674,56591548,26968583677,26968583677,100851476,0.1512,0.805
17013,Resource Intensive,17,,,,,,,,,,,
17014,Resource Intensive,17,1273220319,85114090,68763306,10799,71034021,1950544,1500093079,1500093079,20036274,0.0567,0.8488
17019,Resource Intensive,17,110709669,25073771,5412145,,1750257,657180,143603022,143603022,4862085,0.1746,0.7709
17021,Resource Intensive,17,1542637008,757661447,69566800,,1048058,2653336,2373566649,2373566649,116599176,0.3192,0.6499
17022,Resource Intensive,17,9991307625,629781317,417194098,1142460,67090248,53662970,11160178718,11160178718,15528301,0.0564,0.8953
17091,Resource Intensive,17,4325865613,605483042,581520407,,93314353,17209226,5623392641,5623392641,92723284,0.1077,0.7693
17099,Resource Intensive,17,3078633358,152020369,247704461,,2320413,4399102,3485077703,3485077703,22956866,0.0436,0.8834
18111,Labor Intensive,18,7165498251,1066936652,625802480,599467,78749953,110940383,9048527186,9048527186,26135035,0.1179,0.7919
18112,Labor Intensive,18,813209796,166836186,36647674,,16401391,1338126,1034433173,1034433173,36723792,0.1613,0.7861
18120,Labor Intensive,18,245177812,24365557,15615136,8592023,20834317,4422904,319007749,319007749,3764765,0.0764,0.7686
18201,Labor Intensive,18,5386927,197127,214112,,10947,74815,5883928,5883928,640023,0.0335,0.9155
19100,Resource Intensive,19,29282654,5390569,2293217,1200,149450,192000,37309090,37309090,11230352,0.1445,0.7849
19211,Resource Intensive,19,55319975,13269837,848174,10200,130232,76350,69654768,69654768,43650780,0.1905,0.7942
19212,Resource Intensive,19,127950683,8724787,330553,,,500000,137506023,137506023,17380054,0.0635,0.9305
19213,Resource Intensive,19,1625263973,113660418,37470679,,9439467,16460429,1802294966,1802294966,78876071,0.0631,0.9018
19214,Resource Intensive,19,,,,,,,,,,,
19291,Resource Intensive,19,2152740241,88124868,61104941,,2282294,5299118,2309551462,2309551462,24223438,0.0382,0.9321
19292,Resource Intensive,19,,,,,,,,,,,
20111,Labor Intensive,20,35790557053,5465939807,3507423479,,2736143,46940313,44813596795,44813596795,1050738141,0.122,0.7987
20112,Labor Intensive,20,7139179510,2673298476,410956031,34985,448574966,2482278738,13154322706,13154322706,228623833,0.2032,0.5427
20113,Labor Intensive,20,377001936,125328095,161895559,,3580,2276964,666506134,666506134,50987834,0.188,0.5656
20114,Labor Intensive,20,962033043,178261623,88475439,445442,1958971,124272539,1355447057,1355447057,52445314,0.1315,0.7098
20115,Labor Intensive,20,851605500,429346135,31710010,22726,11914518,1379656609,2704255498,2704255498,125907957,0.1588,0.3149
20116,Labor Intensive,20,7402571759,300926070,330818994,,5409209,8227907,8047953939,8047953939,61176270,0.0374,0.9198
20117,Labor Intensive,20,1747453614,197539549,11035480,,47531,,1956076174,1956076174,157653271,0.101,0.8933
20118,Labor Intensive,20,25496677936,5762117292,918648667,3916686,44426646,1420225407,33646012634,33646012634,296893925,0.1713,0.7578
20119,Labor Intensive,20,4839761038,2178723748,359557487,,24859238,888932801,8291834312,8291834312,164892435,0.2628,0.5837
20121,Labor Intensive,20,761850870,80749547,19582024,55154,4755613,7505987,874499195,874499195,29632861,0.0923,0.8712
20122,Labor Intensive,20,8161217486,858321276,208535862,,,11357573,9239432197,9239432197,270082214,0.0929,0.8833
20123,Labor Intensive,20,11044348645,224504018,6784330,,858205,1087080,11277582278,11277582278,57966439,0.0199,0.9793
20129,Labor Intensive,20,348536525,11951754,2252489,,6631,,362747399,362747399,14011435,0.0329,0.9608
20131,Labor Intensive,20,8451066451,885134202,461823764,6009564,19938200,30366847,9854339028,9854339028,106758437,0.0898,0.8576
20132,Labor Intensive,20,3026042560,207600432,2007835,,,35154812,3270805639,3270805639,55746625,0.0635,0.9252
20211,Labor Intensive,20,88070016,18881986,15004654,,,101266,122057922,122057922,10548596,0.1547,0.7215
20212,Labor Intensive,20,6095777900,1203304686,399332413,,1495671,3893460,7703804130,7703804130,111314032,0.1562,0.7913
20213,Labor Intensive,20,,,,,,,,,,,
20214,Labor Intensive,20,,,,,,,,,,,
20221,Labor Intensive,20,8600936693,580975269,812515200,24382,2697302,28085314,10025234160,10025234160,39051910,0.058,0.8579
20222,Labor Intensive,20,18165476,1522479,226557,,,9571,19924083,19924083,4848659,0.0764,0.9117
20223,Labor Intensive,20,20973011,2705233,318360,,,,23996604,23996604,16199000,0.1127,0.874
20231,Labor Intensive,20,26540627167,1584445112,1656165406,14338,15209810,485181142,30281642975,30281642975,56088538,0.0523,0.8765
20232,Labor Intensive,20,1747485268,67123947,188997346,,11842167,5899565,2021348293,2021348293,3868369,0.0332,0.8645
20291,Labor Intensive,20,3235404166,370310697,316833060,351589,42351181,10325680,3975576373,3975576373,58537891,0.0931,0.8138
20292,Labor Intensive,20,401415022,26235671,1196898,,,42600,428890191,428890191,21209112,0.0612,0.9359
20293,Labor Intensive,20,129447562,7592967,6360133,,1335104,3526391,148262157,148262157,5632765,0.0512,0.8731
20294,Labor Intensive,20,646830681,39647765,79629497,475898,,1219355,767803196,767803196,7734640,0.0516,0.8424
20295,Labor Intensive,20,114331232,16771759,31778408,,,200897,163082296,163082296,5155782,0.1028,0.7011
20299,Labor Intensive,20,1063462612,203614865,10295543,,36555,16506719,1293916294,1293916294,61945502,0.1574,0.8219
20301,Labor Intensive,20,110168961,248477,5941,,108183,,110531562,110531562,251495,0.0022,0.9967
20302,Labor Intensive,20,4506987896,36169996,166268194,893128,,1401497,4711720711,4711720711,17037210,0.0077,0.9565
21011,Labor Intensive,21,948797480,83147323,305921939,886774,120213042,11717446,1470684004,1470684004,16104459,0.0565,0.6451
21012,Labor Intensive,21,8717506138,719232987,3431991374,10999050,292632457,228615389,13400977395,13400977395,15690074,0.0537,0.6505
21021,Labor Intensive,21,72451578,2553885,2343968,,,3188872,80538303,80538303,3047595,0.0317,0.8996
21022,Labor Intensive,21,504591777,48544289,201446039,3457780,85109498,22032779,865182162,865182162,4153344,0.0561,0.5832
22111,Resource Intensive,22,40223619639,4003753022,1389248182,95944924,143467653,158005794,46014039214,46014039214,160987255,0.087,0.8742
22112,Resource Intensive,22,236041105,18119948,11118859,,1133002,83360,266496274,266496274,6084603,0.068,0.8857
22121,Resource Intensive,22,4119683446,287705855,165683687,,2984683,2410442,4578468113,4578468113,13070410,0.0628,0.8998
22122,Resource Intensive,22,1450177338,581138026,36876118,,166793,79090,2068437365,2068437365,34008546,0.281,0.7011
22123,Resource Intensive,22,64787131328,5085867206,278038891,459418,25178090,91683514,70268358447,70268358447,75054857,0.0724,0.922
22191,Resource Intensive,22,1083524811,124726610,36832999,,1977335,4314517,1251376272,1251376272,11376013,0.0997,0.8659
22192,Resource Intensive,22,1449610336,168080314,355368521,57209,8512408,17872492,1999501280,1999501280,10936321,0.0841,0.725
22199,Resource Intensive,22,4910409452,971384786,283814663,818486,6973495,54244369,6227645251,6227645251,76977953,0.156,0.7885
22210,Resource Intensive,22,709792390,76833911,46157266,91050,5887134,906026,839667777,839667777,11060013,0.0915,0.8453
22220,Resource Intensive,22,19153505625,2124581399,1097250850,194684,318096344,91824321,22785453223,22785453223,24083037,0.0932,0.8406
22230,Resource Intensive,22,1849096500,128161277,71872609,,15481591,17315072,2081927049,2081927049,17124703,0.0616,0.8882
22291,Resource Intensive,22,5603526838,244249473,81296451,3376889,12216954,31112646,5975779251,5975779251,17419018,0.0409,0.9377
22292,Resource Intensive,22,1310720756,178469248,94509490,,5579548,5235846,1594514888,1594514888,9147109,0.1119,0.822
22293,Resource Intensive,22,2985347556,647589662,243128366,2278752,119686839,273710348,4271741523,4271741523,36075409,0.1516,0.6989
22299,Resource Intensive,22,4153905300,450208940,142303505,5586,17041899,13663005,4777128235,4777128235,17431042,0.0942,0.8695
23111,Capital Intensive,23,1048361883,349120821,198872372,,,36189516,1632544592,1632544592,47518827,0.2139,0.6422
23112,Capital Intensive,23,441551457,79350781,86801454,3107172,77010010,2135004,689955878,689955878,35456113,0.115,0.64
23119,Capital Intensive,23,14738760,2499268,1482013,,,192572,18912613,18912613,6923180,0.1321,0.7793
23121,Capital Intensive,23,505912635,229463542,76344286,,,949138,812669601,812669601,29983476,0.2824,0.6225
23122,Capital Intensive,23,11049551,1971699,4731649,,95046,62250,17910195,17910195,7918470,0.1101,0.6169
23123,Capital Intensive,23,1095320268,297713755,27511758,,35847651,21912076,1478305508,1478305508,152517293,0.2014,0.7409
23129,Capital Intensive,23,176977258,48866898,21483291,2350213,27525986,1217,277204863,277204863,11965450,0.1763,0.6384
23911,Capital Intensive,23,124144929,18622217,4620554,,770510,859256,149017466,149017466,20374417,0.125,0.8331
23919,Capital Intensive,23,,,,,,,,,,,
23921,Capital Intensive,23,97162928,43598765,5079615,,2298284,1565757,149705349,149705349,8602756,0.2912,0.649
23922,Capital Intensive,23,200810418,191866521,7990996,,22906531,1124182,424698648,424698648,6400031,0.4518,0.4728
23923,Capital Intensive,23,8432259663,3730377921,1103679934,250,2407479,39245986,13307971233,13307971233,564097674,0.2803,0.6336
23929,Capital Intensive,23,3213674217,1603878439,553744180,7592,1701988,11613827,5384620243,5384620243,49398745,0.2979,0.5968
23931,Capital Intensive,23,332374384,249878486,84360634,,3128584,8302216,678044304,678044304,18261966,0.3685,0.4902
23932,Capital Intensive,23,27504659,28004290,15197433,450,241029,224998,71172859,71172859,6266344,0.3935,0.3864
23933,Capital Intensive,23,,,,,,,,,,,
23939,Capital Intensive,23,45159326,2184996,2205156,,2558260,284000,52391738,52391738,2213775,0.0417,0.862
23941,Capital Intensive,23,3668289541,3280738469,944491924,16792746,46673724,104670710,8061657114,8061657114,203646087,0.407,0.455
23942,Capital Intensive,23,145487565,96095803,11477963,,654101,433040,254148472,254148472,21825074,0.3781,0.5725
23943,Capital Intensive,23,1840586191,134008154,172859029,,12211940,9555663,2169220977,2169220977,69111993,0.0618,0.8485
23951,Capital Intensive,23,174062643,8296261,1401393,,16853,1456972,185234122,185234122,3730333,0.0448,0.9397
23952,Capital Intensive,23,66079933,23693178,2018317,75961,289157,159530,92316076,92316076,15567134,0.2567,0.7158
23953,Capital Intensive,23,4482237092,513673810,179404482,19474,7659567,15786163,5198780588,5198780588,29988546,0.0988,0.8622
23954,Capital Intensive,23,,,,,,,,,,,
23955,Capital Intensive,23,1136845162,114510743,55864570,,2060765,3681550,1312962790,1312962790,24468107,0.0872,0.8659
23957,Capital Intensive,23,2187331610,171780568,23530332,,1135965,1192683,2384971158,2384971158,27886456,0.072,0.9171
23959,Capital Intensive,23,442386125,87495867,78271728,,34559578,2635542,645348840,645348840,50575646,0.1356,0.6855
23961,Capital Intensive,23,28432524,13449331,999798,,3600,51179,42936432,42936432,13836760,0.3132,0.6622
23962,Capital Intensive,23,1519984742,1035818869,133976446,,1757716,567894,2692105667,2692105667,160891406,0.3848,0.5646
23963,Capital Intensive,23,622559700,45202406,13849832,5905,298539,1917603,683833985,683833985,9754511,0.0661,0.9104
23969,Capital Intensive,23,79464783,26701362,1536685,20500,220576,394964,108338870,108338870,13153380,0.2465,0.7335
23990,Capital Intensive,23,213774422,130638932,25320694,277841,5330651,4572324,379914864,379914864,29489601,0.3439,0.5627
24101,Capital Intensive,24,20439133968,4726473128,188454201,5125,10896184,226863685,25591826291,25591826291,209210036,0.1847,0.7987
24102,Capital Intensive,24,15300587380,1447223428,569305136,434421,1759101,4073256,17323382722,17323382722,206716673,0.0835,0.8832
24103,Capital Intensive,24,4470807438,713627678,565230103,26892,16839568,438343155,6204874834,6204874834,58056271,0.115,0.7205
24201,Capital Intensive,24,3747907458,365174895,27116284,,,1584759,4141783396,4141783396,92636960,0.0882,0.9049
24202,Capital Intensive,24,19077650441,417182038,142061688,35457977,12043055,4910590,19689305789,19689305789,69938313,0.0212,0.9689
24203,Capital Intensive,24,1973592435,69508218,21715409,11662304,130025,5289066,2081897457,2081897457,31565948,0.0334,0.948
24204,Capital Intensive,24,383828092,81193420,17190998,,92000,,482304510,482304510,72884578,0.1683,0.7958
24205,Capital Intensive,24,895611971,34324550,22087868,,735398,5105813,957865600,957865600,26774220,0.0358,0.935
24310,Capital Intensive,24,2065524869,1281527106,19750665,,38399330,1416470,3406618440,3406618440,514669520,0.3762,0.6063
24320,Capital Intensive,24,451120621,48059940,48071814,,30209792,2024767,579486934,579486934,31006413,0.0829,0.7785
25111,Capital Intensive,25,3665245244,404817513,100157160,299572,12455034,129689206,4312663729,4312663729,46175147,0.0939,0.8499
25112,Capital Intensive,25,14517594008,3118314225,433884005,,7434594,3666241,18080893073,18080893073,268936113,0.1725,0.8029
25113,Capital Intensive,25,7331380185,601088383,526748019,11450,42761601,36998005,8538987643,8538987643,70212403,0.0704,0.8586
25119,Capital Intensive,25,439392769,74539812,31003773,,10893354,10051286,565880994,565880994,13095540,0.1317,0.7765
25120,Capital Intensive,25,628819685,145123152,90364580,354780,17732330,21774027,904168554,904168554,20764509,0.1605,0.6955
25130,Capital Intensive,25,64117139,2853578,1542890,,,118254,68631861,68631861,3682036,0.0416,0.9342
25200,Capital Intensive,25,,,,,,,,,,,
25910,Capital Intensive,25,1698140381,803212065,229300985,2023539,27984839,40719732,2801381541,2801381541,128165321,0.2867,0.6062
25920,Capital Intensive,25,1035539775,348835892,173753191,,72504776,67814584,1698448218,1698448218,31260498,0.2054,0.6097
25931,Capital Intensive,25,53503996,5559167,1913670,,2741883,107457,63826173,63826173,6367889,0.0871,0.8383
25932,Capital Intensive,25,22536832,5080488,836208,,74997,87548,28616073,28616073,9104817,0.1775,0.7876
25933,Capital Intensive,25,351073633,52506919,17069037,,21470,55940240,476611299,476611299,8131782,0.1102,0.7366
25934,Capital Intensive,25,1753652278,875629697,130863117,,11992650,21672963,2793810705,2793810705,82552060,0.3134,0.6277
25940,Capital Intensive,25,7149642155,302322277,298547740,,6411811,9747676,7766671659,7766671659,20722618,0.0389,0.9206
25951,Capital Intensive,25,13551300932,1099511667,247111643,,35597540,1935615654,16869137436,16869137436,139815827,0.0652,0.8033
25952,Capital Intensive,25,4310480493,285723039,218395163,,139540420,15836076,4969975191,4969975191,23658445,0.0575,0.8673
25991,Capital Intensive,25,77922328,25844014,9398775,,20579621,198683,133943421,133943421,10275950,0.1929,0.5818
25992,Capital Intensive,25,692948378,82111907,151777835,262313,4164626,1745543,933010602,933010602,6484908,0.088,0.7427
25993,Capital Intensive,25,751506432,59658919,182223621,,2964004,759627,997112603,997112603,3352943,0.0598,0.7537
25994,Capital Intensive,25,,,,,,,,,,,
25995,Capital Intensive,25,65383997,4166593,2058911,,16,136866,71746383,71746383,4734765,0.0581,0.9113
25999,Capital Intensive,25,2115346628,86411215,49624222,18112,3177825,2360212,2256938214,2256938214,6772039,0.0383,0.9373
26110,Capital Intensive,26,5464560433,515904700,396452744,,29750542,138280075,6544948494,6544948494,7976633,0.0788,0.8349
26120,Capital Intensive,26,2835852484,670471907,238286647,,24644490,393835632,4163091160,4163091160,17639356,0.1611,0.6812
26210,Capital Intensive,26,16787117,3114879,2460322,,2130869,,24493187,24493187,844369,0.1272,0.6854
26220,Capital Intensive,26,,,,,,,,,,,
26310,Capital Intensive,26,289254547,111770801,545507691,,146000,270000,946949039,946949039,154807204,0.118,0.3055
26390,Capital Intensive,26,40342046,2709941,6076078,,423182,10606154,60157401,60157401,8211942,0.045,0.6706
26410,Capital Intensive,26,5113249503,104308055,64882168,,34129142,10069563,5326638431,5326638431,4237065,0.0196,0.9599
26490,Capital Intensive,26,504709375,95522561,55812508,5000,21750,5558839,661630033,661630033,8262483,0.1444,0.7628
26511,Capital Intensive,26,66907749,5891825,3113690,,,,75913264,75913264,5638110,0.0776,0.8814
26512,Capital Intensive,26,62608601,2659752,1803355,,,,67071708,67071708,2742012,0.0397,0.9335
26513,Capital Intensive,26,,,,,,,,,,,
26520,Capital Intensive,26,19123961,3285222,1045527,,14960,42279,23511949,23511949,3924996,0.1397,0.8134
26602,Capital Intensive,26,30063274,2929309,705059,,2596650,2379243,38673535,38673535,2792478,0.0757,0.7774
26710,Capital Intensive,26,,,,,,,,,,,
26791,Capital Intensive,26,,,,,,,,,,,
26792,Capital Intensive,26,222660618,48474873,151196630,,10627444,17011857,449971422,449971422,14689355,0.1077,0.4948
26800,Capital Intensive,26,32303347,3867784,1216248,,2023,761383,38150785,38150785,2516450,0.1014,0.8467
27111,Capital Intensive,27,,,,,,,,,,,
27112,Capital Intensive,27,45393903,3571152,3095863,,,662000,52722918,52722918,3915737,0.0677,0.861
27113,Capital Intensive,27,9314436706,7498115071,389536809,,,8718984,17210807570,17210807570,446635399,0.4357,0.5412
27120,Capital Intensive,27,865622363,93994897,102873121,,12534252,2429759,1077454392,1077454392,9215186,0.0872,0.8034
27201,Capital Intensive,27,3315233418,350666104,547832475,,548658,178913686,4393194341,4393194341,60996017,0.0798,0.7546
27202,Capital Intensive,27,1654565300,510154239,359795262,43036,1224114,13219879,2539001830,2539001830,53329943,0.2009,0.6517
27310,Capital Intensive,27,9852698656,968556236,745137094,,55973271,678865228,12301230485,12301230485,51777838,0.0787,0.801
27320,Capital Intensive,27,6335920950,183484130,109924007,,3545582,13345072,6646219741,6646219741,20725644,0.0276,0.9533
27330,Capital Intensive,27,74460924,3376890,8640608,,2878602,146941,89503965,89503965,3698675,0.0377,0.8319
27401,Capital Intensive,27,341392726,45410068,23182106,,992357,8134327,419111584,419111584,7735957,0.1083,0.8146
27402,Capital Intensive,27,129909962,3270285,6119936,,28800,2140260,141469243,141469243,6475812,0.0231,0.9183
27403,Capital Intensive,27,3424368560,5560869798,278932750,,6543944,3768416,9274483468,9274483468,467182206,0.5996,0.3692
27409,Capital Intensive,27,125282037,29072857,24104586,,13403,8720177,187193060,187193060,15800466,0.1553,0.6693
27510,Capital Intensive,27,5842076132,677264060,802921754,,136526,38498318,7360896790,7360896790,75934977,0.092,0.7937
27520,Capital Intensive,27,274399332,12887387,20420548,,1597541,2107304,311412112,311412112,1815381,0.0414,0.8811
27530,Capital Intensive,27,123872467,16276692,13149517,,1531016,139282,154968974,154968974,3900477,0.105,0.7993
27900,Capital Intensive,27,162293528,15698538,321494,,,8602262,186915822,186915822,5576745,0.084,0.8683
28111,Capital Intensive,28,32938531,942735,1579655,28653,15688795,76558,51254927,51254927,2973927,0.0184,0.6426
28112,Capital Intensive,28,224437788,39196750,3388172,,3412577,17328014,287763301,287763301,61149376,0.1362,0.7799
28113,Capital Intensive,28,1721470182,775401402,190140354,78139,150785983,6794357,2844670417,2844670417,66222684,0.2726,0.6052
28120,Capital Intensive,28,980576547,158627278,142757556,,12186490,84695931,1378843802,1378843802,24801013,0.115,0.7112
28130,Capital Intensive,28,707603555,112375024,75331327,,98231810,35463922,1029005638,1029005638,19056304,0.1092,0.6877
28140,Capital Intensive,28,2318211461,217057117,80486205,,18872163,30433125,2665060071,2665060071,39436249,0.0814,0.8699
28151,Capital Intensive,28,766800,41160,23625,,,,831585,831585,57486,0.0495,0.9221
28152,Capital Intensive,28,46742344,4242026,945396,181616,,1508107,53619489,53619489,18853449,0.0791,0.8717
28160,Capital Intensive,28,870964877,48879567,54976061,,8906727,3128613,986855845,986855845,12459742,0.0495,0.8826
28174,Capital Intensive,28,,,,,,,,,,,
28179,Capital Intensive,28,478707909,975039891,1753888,,,,1455501688,1455501688,370737601,0.6699,0.3289
28191,Capital Intensive,28,280990399,19850973,175831460,,710111,5869923,483252866,483252866,12399109,0.0411,0.5815
28192,Capital Intensive,28,41162234,7240709,21656848,,21485,3065629,73146905,73146905,7662126,0.099,0.5627
28193,Capital Intensive,28,802623836,85623393,66080825,,8754721,16376665,979459440,979459440,50694726,0.0874,0.8195
28199,Capital Intensive,28,266940677,15065630,22313296,,565258,2130182,307015043,307015043,8082420,0.0491,0.8695
28210,Capital Intensive,28,330946162,20111451,31401253,,2779543,3375436,388613845,388613845,14263440,0.0518,0.8516
28221,Capital Intensive,28,1417208753,234338333,197718910,1142890,20851840,7182067,1878442793,1878442793,66934685,0.1248,0.7545
28222,Capital Intensive,28,7003796,,,,78302009,,85305805,85305805,,,0.0821
28223,Capital Intensive,28,63116247,12527347,26572425,,,1030973,103246992,103246992,47997498,0.1213,0.6113
28224,Capital Intensive,28,13286478,82807,92973,,14661,,13476919,13476919,555752,0.0061,0.9859
28240,Capital Intensive,28,2074873341,39384323,180680171,,709883582,13311624,3018133041,3018133041,16541085,0.013,0.6875
28250,Capital Intensive,28,44516002,4154129,6818597,,528040,469363,56486131,56486131,5205675,0.0735,0.7881
28262,Capital Intensive,28,1448544,104569,25000,,41500,,1619613,1619613,925389,0.0646,0.8944
28263,Capital Intensive,28,12998448,1315460,3428428,,157984,11637,17911957,17911957,2549341,0.0734,0.7257
28264,Capital Intensive,28,137865,77137,71325,,92700,,379027,379027,162394,0.2035,0.3637
28291,Capital Intensive,28,36363860,1320379,5407647,,,,43091886,43091886,3092222,0.0306,0.8439
28299,Capital Intensive,28,278176448,11696471,13482840,19103,11842874,1181792,316399528,316399528,4430481,0.037,0.8792
29100,Capital Intensive,29,25751311825,538669797,704343569,2028750869,12214562,36635084,29071925706,29071925706,13618248,0.0185,0.8858
29200,Capital Intensive,29,1254466327,65231850,65154629,253116,9322141,8151684,1402579747,1402579747,6299551,0.0465,0.8944
29300,Capital Intensive,29,32927789189,3126124101,2505568276,98248001,549447359,301657363,39508834289,39508834289,45482143,0.0791,0.8334
30111,Capital Intensive,30,5876329410,614675528,523312838,61453,185379170,79190284,7278948683,7278948683,50263761,0.0844,0.8073
30112,Capital Intensive,30,,,,,,,,,,,
30113,Capital Intensive,30,31727111,70446374,4291653,,,3452789,109917927,109917927,156896156,0.6409,0.2886
30200,Capital Intensive,30,,,,,,,,,,,
30300,Capital Intensive,30,,,,,,,,,,,
30911,Capital Intensive,30,18529247880,638506055,10827005433,,33,321864718,30316624119,30316624119,32640121,0.0211,0.6112
30912,Capital Intensive,30,9560265904,1451361945,571770569,9047209,398101745,146341980,12136889352,12136889352,40132782,0.1196,0.7877
30921,Capital Intensive,30,72134064,7522583,43949507,,21703,932768,124560625,124560625,2763623,0.0604,0.5791
30922,Capital Intensive,30,31490328,9811158,25773443,,823,308003,67383755,67383755,2859562,0.1456,0.4673
31001,Labor Intensive,31,6945404099,569236014,683690733,13311197,277280370,183544131,8672466544,8672466544,4038596,0.0656,0.8009
31002,Labor Intensive,31,2482751542,142844440,244755927,3181815,43691713,71180186,2988405623,2988405623,5425777,0.0478,0.8308
31003,Labor Intensive,31,119132652,16668750,5308333,,531958,1448359,143090052,143090052,6625099,0.1165,0.8326
31004,Labor Intensive,31,1776211334,102366028,153797438,39423,19244637,9008555,2060667415,2060667415,7218025,0.0497,0.862
31009,Labor Intensive,31,250874430,7342038,21507939,10988,641458,1279447,281656300,281656300,1193245,0.0261,0.8907
32112,Labor Intensive,32,1293626717,40347434,52651760,,14803026,10544331,1411973268,1411973268,4010281,0.0286,0.9162
32113,Labor Intensive,32,,,,,,,,,,,
32115,Labor Intensive,32,,,,,,,,,,,
32119,Labor Intensive,32,18524020,1674995,3897718,,36417,,24133150,24133150,1147257,0.0694,0.7676
32120,Labor Intensive,32,11383470,272957,75563,2000,37938,20000,11791928,11791928,1499764,0.0231,0.9654
32201,Labor Intensive,32,9428151,361311,73521,,33807,15000,9911790,9911790,540885,0.0365,0.9512
32202,Labor Intensive,32,639733219,36076655,21942920,,3646398,75467,701474659,701474659,2539536,0.0514,0.912
32300,Labor Intensive,32,432074442,28846640,17515671,,8768880,7854705,495060338,495060338,3671457,0.0583,0.8728
32401,Labor Intensive,32,10566232,630024,48425,,182226,,11426907,11426907,1158132,0.0551,0.9247
32402,Labor Intensive,32,1132334070,51046248,74661754,,46786194,65928785,1370757051,1370757051,1656002,0.0372,0.8261
32501,Labor Intensive,32,,,,,,,,,,,
32502,Labor Intensive,32,56559515,78309176,2922173,4107965,,755389,142654218,142654218,53307812,0.5489,0.3965
32503,Labor Intensive,32,65509908,8828012,3764791,,,2178468,80281179,80281179,2004999,0.11,0.816
32509,Labor Intensive,32,23587919,3277621,3523874,,1174184,1316603,32880201,32880201,3780416,0.0997,0.7174
32901,Labor Intensive,32,1292667122,57927567,72392306,,3637743,10372516,1436997254,1436997254,5021896,0.0403,0.8996
32902,Labor Intensive,32,,,,,,,,,,,
32903,Labor Intensive,32,193225542,43934261,24159405,,4948249,6372779,272640236,272640236,5934656,0.1611,0.7087
32904,Labor Intensive,32,17071043,1597198,66664,,380,,18735285,18735285,7463542,0.0853,0.9112
32909,Labor Intensive,32,1244689234,78306565,140585956,,23214291,18521299,1505317345,1505317345,1182093,0.052,0.8269
33111,DIKELUARKAN,33,191121,297829,140842,,,145906,775698,775698,3346393,0.3839,0.2464
33119,DIKELUARKAN,33,,,,,,,,,,,
33121,DIKELUARKAN,33,10183707,3145438,3776759,,25844,43200,17174948,17174948,8343337,0.1831,0.5929
33122,DIKELUARKAN,33,13658612,662394,241493,,,,14562499,14562499,2842893,0.0455,0.9379
33131,DIKELUARKAN,33,615970,1175457,6048990,,,864043,8704460,8704460,8838023,0.135,0.0708
33141,DIKELUARKAN,33,,,,,,,,,,,
33149,DIKELUARKAN,33,,,,,,,,,,,
33151,DIKELUARKAN,33,1253985808,581077025,219374146,154471,35728591,6908832,2097228873,2097228873,36777027,0.2771,0.5979
33152,DIKELUARKAN,33,,,,,,,,,,,
33190,DIKELUARKAN,33,530798,717625,107234,,26591,35233,1417481,1417481,3483617,0.5063,0.3745
33200,DIKELUARKAN,33,,,,,,,,,,,
