isic4,X_usd,X_kg,M_usd,M_kg,n_hs_X,n_hs_M,Px_usd_per_kg,Pm_usd_per_kg
0111,67974158.0,251481130.0,4154523815.0,10096686244.0,31,45,0.2703,0.4115
0112,267192.0,326840.0,29140271.0,23764153.0,1,1,0.8175,1.2262
0113,63534463.0,145528043.0,388095971.0,694885010.0,32,30,0.4366,0.5585
0114,736.0,299.0,0.0,0.0,1,0,2.4615,
0115,59618744.0,12457967.0,248758528.0,47536799.0,1,1,4.7856,5.233
0116,16517883.0,46733692.0,1339135903.0,615366050.0,4,4,0.3534,2.1762
0119,22037329.0,7446239.0,2613568.0,754717.0,9,8,2.9595,3.463
0121,0.0,0.0,122686092.0,59448541.0,0,1,,2.0637
0122,23627821.0,26872785.0,210149034.0,181530374.0,10,10,0.8792,1.1577
0123,359844.0,853833.0,206557916.0,215714598.0,4,5,0.4214,0.9576
0124,80141.0,56631.0,275617616.0,315207548.0,4,8,1.4151,0.8744
0125,229667931.0,276503984.0,15286018.0,5980307.0,12,13,0.8306,2.5561
0126,66851280.0,209016799.0,3053058.0,2466322.0,4,4,0.3198,1.2379
0127,1745200220.0,668080431.0,206382263.0,100254991.0,5,5,2.6123,2.0586
0128,614893235.0,153087188.0,183757664.0,82301556.0,24,23,4.0166,2.2327
0129,7893251827.0,2715406604.0,71813421.0,28580117.0,8,8,2.9068,2.5127
0130,9967149.0,5441751.0,5301425.0,1113336.0,5,6,1.8316,4.7617
0141,22457294.0,43979219.0,299788112.0,109673622.0,6,9,0.5106,2.7335
0144,105466.0,37848.0,10163833.0,6291494.0,4,5,2.7866,1.6155
0145,62124790.0,35370257.0,15980.0,1600.0,1,1,1.7564,9.9875
0146,0.0,0.0,18493.0,536.0,0,5,,34.5019
0149,167928218.0,4735372.0,10157609.0,2443228.0,13,9,35.4625,4.1575
0210,0.0,0.0,15033181.0,106540961.0,0,6,,0.1411
0220,105869737.0,246778510.0,2489751.0,5974291.0,3,2,0.429,0.4167
0230,36322108.0,35376345.0,5971909.0,1940664.0,5,5,1.0267,3.0773
0311,594696432.0,280524388.0,7640197.0,1691454.0,54,18,2.1199,4.5169
0312,49233403.0,37072196.0,8.0,12.0,5,1,1.328,0.6667
0321,2699941.0,1371784.0,0.0,0.0,1,0,1.9682,
0510,24288178356.0,347504496733.0,22937715.0,77785694.0,3,3,0.0699,0.2949
0520,1878098860.0,36802743789.0,26036.0,23281.0,1,1,0.051,1.1183
0610,12293413747.0,14973149627.0,10805406294.0,12553749324.0,2,2,0.821,0.8607
0620,20511334736.0,27835126579.0,23429956.0,22387047.0,2,2,0.7369,1.0466
0710,251012778.0,11545751798.0,203118326.0,973399208.0,2,2,0.0217,0.2087
0721,0.0,0.0,27000.0,10000.0,0,1,,2.7
0729,4801443399.0,79356571872.0,150974108.0,71777367.0,11,17,0.0605,2.1034
0810,84998046.0,7959217197.0,213145923.0,3104038771.0,14,26,0.0107,0.0687
0891,2601861.0,20137764.0,290812761.0,1521159780.0,7,11,0.1292,0.1912
0892,0.0,0.0,158634.0,424708.0,0,1,,0.3735
0893,1850991.0,2624436.0,107957552.0,2223005755.0,1,1,0.7053,0.0486
0899,17584518.0,514606338.0,231431001.0,788321749.0,6,19,0.0342,0.2936
1010,19315878.0,4189417.0,227258623.0,119866693.0,22,46,4.6106,1.8959
1020,2290218941.0,751393999.0,310780590.0,250821407.0,89,66,3.048,1.2391
1030,354347903.0,305084721.0,320981136.0,243355120.0,69,87,1.1615,1.319
1040,21742676852.0,26150033530.0,2081067742.0,3776103311.0,44,49,0.8315,0.5511
1050,98394716.0,57588875.0,1293790691.0,548282216.0,24,26,1.7086,2.3597
1061,103883273.0,97069448.0,1141075542.0,2290611442.0,23,23,1.0702,0.4982
1062,32857055.0,64966769.0,542712553.0,1041377325.0,7,9,0.5058,0.5211
1071,258693543.0,94507989.0,41469427.0,15907449.0,6,6,2.7373,2.6069
1072,46238149.0,388903886.0,1682922241.0,2918469511.0,7,8,0.1189,0.5766
1073,797696477.0,264102683.0,152474045.0,37043349.0,12,12,3.0204,4.1161
1074,193606711.0,123003732.0,16269890.0,10369292.0,5,5,1.574,1.569
1075,839293872.0,146122417.0,29933204.0,12072177.0,27,26,5.7438,2.4795
1079,899946193.0,286578460.0,900959149.0,236858473.0,45,51,3.1403,3.8038
1080,21052336.0,24948924.0,484895593.0,580803850.0,2,3,0.8438,0.8349
1101,365761.0,134285.0,10217688.0,784017.0,6,7,2.7238,13.0325
1102,19797657.0,1131246.0,3067355.0,567183.0,5,6,17.5008,5.4081
1103,11742263.0,7883468.0,20137368.0,34135207.0,1,3,1.4895,0.5899
1104,53061159.0,89691954.0,68929942.0,94488421.0,3,3,0.5916,0.7295
1200,732537409.0,89846930.0,504354869.0,87885495.0,8,8,8.1532,5.7388
1311,1773700288.0,562252753.0,317903548.0,90840133.0,96,112,3.1546,3.4996
1312,1573830560.0,232433160.0,2323408539.0,267294857.0,178,204,6.7711,8.6923
1391,108702106.0,18015770.0,1293266326.0,157212948.0,36,42,6.0337,8.2262
1392,263123601.0,65819534.0,76869526.0,28626723.0,51,50,3.9977,2.6852
1393,72877349.0,21961442.0,38231180.0,17685500.0,20,21,3.3184,2.1617
1394,27648456.0,4979254.0,59288936.0,25572821.0,10,10,5.5527,2.3184
1399,279310923.0,46603599.0,1103893800.0,205300110.0,57,58,5.9933,5.377
1410,6292099769.0,383711656.0,434752542.0,53989071.0,214,214,16.398,8.0526
1420,1278612.0,138162.0,1233620.0,68815.0,3,3,9.2544,17.9266
1430,962291222.0,68631575.0,18143250.0,1116855.0,14,15,14.0211,16.2449
1511,134991704.0,8100472.0,401462045.0,37304018.0,25,29,16.6647,10.7619
1512,211534278.0,16086887.0,202526036.0,45124874.0,19,20,13.1495,4.4881
1520,3520102645.0,198893895.0,385067345.0,60214894.0,23,23,17.6984,6.3949
1610,689053674.0,1827184127.0,105461909.0,161497496.0,15,23,0.3771,0.653
1621,2101781811.0,2123788316.0,253196674.0,560106410.0,18,21,0.9896,0.4521
1622,339874450.0,149948651.0,63748098.0,28377739.0,10,10,2.2666,2.2464
1623,13239081.0,7365404.0,2632779.0,2678036.0,3,3,1.7975,0.9831
1629,298798661.0,95101090.0,22272470.0,11207129.0,23,24,3.1419,1.9873
1701,4984757906.0,7098861567.0,1919797638.0,1986881000.0,71,79,0.7022,0.9662
1702,121668321.0,85795529.0,203637738.0,75260052.0,7,7,1.4181,2.7058
1709,433992334.0,239953010.0,429196871.0,97458850.0,33,33,1.8087,4.4039
1811,3808818.0,1013700.0,6917196.0,701643.0,1,1,3.7573,9.8586
1812,1304373.0,96709.0,11255631.0,971547.0,1,1,13.4876,11.5853
1910,4661519.0,57421041.0,41974896.0,107852550.0,2,2,0.0812,0.3892
1920,5551815143.0,7090219870.0,31740267798.0,31689642722.0,15,18,0.783,1.0016
2011,4777710592.0,4987506611.0,9134795664.0,8245441727.0,316,461,0.9579,1.1079
2012,1018350298.0,2205830258.0,2810304546.0,6848239871.0,18,26,0.4617,0.4104
2013,933445312.0,636668657.0,5889807428.0,2960134512.0,67,73,1.4661,1.9897
2021,249577486.0,71302673.0,292961983.0,58063459.0,6,6,3.5003,5.0455
2022,126938396.0,50761097.0,589445682.0,227102671.0,20,20,2.5007,2.5955
2023,1380803933.0,955167091.0,823715897.0,214666114.0,36,36,1.4456,3.8372
2029,488679681.0,195971198.0,2390157070.0,685480243.0,81,99,2.4936,3.4868
2030,987587901.0,448986652.0,1197485205.0,438473677.0,37,41,2.1996,2.731
2100,1107396215.0,397072155.0,1174756792.0,241723930.0,61,87,2.7889,4.8599
2211,1752922380.0,412471502.0,761110061.0,155513504.0,22,22,4.2498,4.8942
2219,807510108.0,180075690.0,887426643.0,133660762.0,42,45,4.4843,6.6394
2220,1381771993.0,458448522.0,1932728061.0,654019018.0,66,67,3.014,2.9552
2310,415061861.0,721654715.0,402646844.0,402872104.0,59,62,0.5752,0.9994
2391,4933870.0,6873298.0,199645890.0,162827860.0,8,8,0.7178,1.2261
2392,106358767.0,282625681.0,212868840.0,696342004.0,12,12,0.3763,0.3057
2393,289193655.0,54756848.0,155967473.0,71012876.0,14,14,5.2814,2.1963
2394,21402879.0,288344921.0,237548597.0,3555931246.0,8,11,0.0742,0.0668
2395,43696176.0,206180162.0,62401597.0,220580133.0,13,13,0.2119,0.2829
2396,62562034.0,127781040.0,18182281.0,69255381.0,10,9,0.4896,0.2625
2399,46941699.0,27572109.0,269458860.0,116953573.0,27,34,1.7025,2.304
2410,1021003049.0,662568509.0,10155697526.0,11918749539.0,157,182,1.541,0.8521
2420,7797144570.0,674818459.0,3937858294.0,1567037749.0,102,138,11.5544,2.5129
2431,711327418.0,394385726.0,1811452324.0,874352883.0,24,24,1.8036,2.0718
2511,452180609.0,144579147.0,418201310.0,189390351.0,7,7,3.1276,2.2081
2512,67853817.0,47257075.0,160846092.0,39470828.0,8,8,1.4358,4.0751
2513,97598855.0,18633771.0,612657031.0,97617669.0,10,10,5.2377,6.2761
2520,6716649.0,180521.0,123500426.0,2341483.0,11,16,37.207,52.7445
2593,239835404.0,26457879.0,1234602270.0,239056713.0,87,88,9.0648,5.1645
2599,893875087.0,290602270.0,2371079296.0,631373934.0,112,115,3.0759,3.7554
2610,1867932697.0,77792845.0,4834165683.0,97864432.0,49,52,24.0116,49.3966
2620,2196703529.0,93386310.0,2939079678.0,78570394.0,17,17,23.5228,37.407
2630,1338963898.0,26424060.0,5833043448.0,123438176.0,15,15,50.6721,47.2548
2640,2882520948.0,119416984.0,734673923.0,61323838.0,30,32,24.1383,11.9802
2651,412001989.0,10417073.0,1302452940.0,79884682.0,65,66,39.5506,16.3042
2652,10963346.0,291765.0,46117751.0,6153869.0,27,45,37.5759,7.4941
2660,168830534.0,5156797.0,323100764.0,2074567.0,15,17,32.7394,155.7437
2670,194714609.0,2336539.0,223216193.0,5577034.0,35,38,83.3346,40.0242
2680,14640957.0,2899155.0,23318736.0,3341320.0,3,3,5.0501,6.9789
2710,1789792933.0,74785311.0,3969984473.0,331332413.0,51,52,23.9324,11.9819
2720,746363911.0,162761438.0,322553450.0,46213595.0,14,15,4.5856,6.9796
2731,1799569.0,151646.0,52625373.0,8613816.0,1,1,11.8669,6.1094
2732,1071375583.0,85962344.0,877353098.0,123191870.0,7,7,12.4633,7.1218
2733,676524.0,179323.0,50439475.0,9184171.0,2,2,3.7727,5.492
2740,412859363.0,37205497.0,962356554.0,93783318.0,29,29,11.0967,10.2615
2750,682592133.0,117220146.0,607226057.0,133213016.0,43,44,5.8232,4.5583
2790,70989977.0,6316211.0,680979154.0,52333861.0,22,22,11.2393,13.0122
2811,159641663.0,7761677.0,1280664444.0,208114591.0,14,16,20.5679,6.1537
2812,27557959.0,2742968.0,131165979.0,10989017.0,6,6,10.0468,11.9361
2813,425920881.0,35677511.0,2632256070.0,284439861.0,23,24,11.9381,9.2542
2814,347581140.0,31094830.0,1739200752.0,183816527.0,18,18,11.1781,9.4616
2815,2436239.0,395936.0,311936374.0,45962228.0,12,12,6.1531,6.7868
2816,168671335.0,27822788.0,1561443573.0,287901785.0,35,36,6.0623,5.4235
2817,428513326.0,16845748.0,1063041245.0,71033185.0,18,18,25.4375,14.9654
2818,2725395.0,232142.0,85126454.0,23913744.0,10,10,11.7402,3.5597
2819,471268528.0,65940848.0,3130627996.0,301440903.0,63,65,7.1468,10.3855
2821,12469730.0,1924203.0,315135806.0,74558036.0,28,32,6.4805,4.2267
2822,24469964.0,5018381.0,1345243512.0,335111876.0,64,67,4.8761,4.0143
2823,1673417.0,193558.0,207725398.0,40152719.0,7,9,8.6456,5.1734
2824,809417721.0,194911564.0,5758013532.0,1195897299.0,29,31,4.1527,4.8148
2825,24112381.0,2590979.0,920225637.0,80215923.0,18,20,9.3063,11.4719
2826,36704269.0,4472891.0,1026900078.0,120050993.0,45,49,8.2059,8.5539
2829,159202068.0,9908937.0,2602087148.0,180944117.0,51,55,16.0665,14.3806
2910,2551366460.0,258450706.0,4603440025.0,442930059.0,29,29,9.8718,10.3932
2920,30988849.0,8260043.0,80562526.0,12116352.0,7,7,3.7517,6.6491
2930,1883999007.0,228224631.0,4363062892.0,417917224.0,21,21,8.255,10.44
3011,815110906.0,163092862.0,1794001629.0,1290933849.0,12,12,4.9978,1.3897
3012,3466436.0,1563534.0,13622722.0,1407555.0,4,4,2.2171,9.6783
3020,6755965.0,947477.0,49720322.0,13236701.0,5,10,7.1305,3.7562
3030,222390326.0,2030236.0,4743140344.0,8200619.0,18,18,109.5392,578.3881
3040,53295612.0,548132.0,37883401.0,742577.0,1,1,97.2313,51.0161
3091,397069022.0,37247765.0,536164049.0,105789902.0,7,7,10.6602,5.0682
3092,398538840.0,44237532.0,367726380.0,141711912.0,12,12,9.0091,2.5949
3100,1695093225.0,594415398.0,319368915.0,113750619.0,21,21,2.8517,2.8076
3211,166755167.0,4094610.0,29698452.0,472328.0,13,16,40.7255,62.8768
3212,12201645.0,494982.0,19174344.0,5528830.0,3,3,24.6507,3.4681
3220,543654776.0,52100028.0,187207769.0,17584809.0,17,17,10.4348,10.646
3230,189115861.0,8009859.0,69435319.0,17465340.0,22,23,23.6104,3.9756
3240,352801485.0,31359344.0,131341483.0,47115799.0,5,5,11.2503,2.7876
3250,106336543.0,6999154.0,288893996.0,20768714.0,24,27,15.1928,13.9101
3290,564495669.0,59677498.0,482678876.0,88528768.0,66,67,9.4591,5.4522
3510,0.0,0.0,255409.0,0.0,0,1,,
3520,7109.0,5241.0,37804.0,1688.0,1,1,1.3564,22.3957
3530,781232.0,996697.0,26642.0,53874.0,1,1,0.7838,0.4945
3830,7199376.0,6450365.0,8836115.0,12913777.0,1,1,1.1161,0.6842
5310,405282.0,128758.0,7778332.0,23468.0,2,2,3.1476,331.4442
5811,17184741.0,6985263.0,63954590.0,4204207.0,6,6,2.4601,15.212
5813,702643.0,218431.0,519935.0,95419.0,2,2,3.2168,5.449
5819,11684583.0,3640586.0,25862622.0,2372653.0,6,6,3.2095,10.9003
5911,63734.0,2047.0,1374738.0,21800.0,2,2,31.1353,63.0614
5920,950262.0,3171.0,7497935.0,63417.0,2,2,299.6727,118.2323
7110,6930.0,1647.0,903605.0,37547.0,1,1,4.2077,24.066
7420,50344.0,4925.0,1709491.0,500909.0,3,3,10.2221,3.4128
9000,18669484.0,1744674.0,2403626.0,973950.0,4,4,10.7008,2.4679
9102,300.0,16.0,26673.0,573.0,1,1,18.75,46.5497
n/a,1454587240.0,1338802519.0,1942385121.0,4951154511.0,75,69,1.0865,0.3923
